x-axis,1,2,F1
second,Volt,Volt,Volt
-53.0000E-09,-72.5163612078E-03,-31.5890168858E-03,-40.8045980694E-03
-52.7344E-09,-72.3685633968E-03,-31.5890168858E-03,-40.6494969603E-03
-52.4688E-09,-71.9066952374E-03,-31.5890168858E-03,-40.1648059943E-03
-52.2031E-09,-71.4263523516E-03,-31.5890168858E-03,-39.6607273897E-03
-51.9375E-09,-71.1122820032E-03,-31.5890168858E-03,-39.3621577547E-03
-51.6719E-09,-70.9460094658E-03,-31.5890168858E-03,-39.2225667565E-03
-51.4063E-09,-70.7982116548E-03,-31.5890168858E-03,-39.0674656474E-03
-51.1406E-09,-70.6319391174E-03,-31.5890168858E-03,-38.8929768997E-03
-50.8750E-09,-70.6319391174E-03,-31.7368146969E-03,-38.7378757906E-03
-50.6094E-09,-70.6319391174E-03,-31.9030872342E-03,-38.5633870428E-03
-50.3438E-09,-70.6319391174E-03,-32.0508850453E-03,-38.4082859337E-03
-50.0781E-09,-70.6319391174E-03,-32.2171575826E-03,-38.2337971860E-03
-49.8125E-09,-70.6319391174E-03,-32.3649553936E-03,-38.1097162987E-03
-49.5469E-09,-70.4841413064E-03,-32.6790257420E-03,-37.6599230823E-03
-49.2813E-09,-70.3178687691E-03,-32.8452982794E-03,-37.3109455868E-03
-49.0156E-09,-70.1700709580E-03,-32.9930960904E-03,-37.0317635904E-03
-48.7500E-09,-70.0037984207E-03,-33.1593686278E-03,-36.7176838445E-03
-48.4844E-09,-70.0037984207E-03,-33.0115708168E-03,-36.8417647318E-03
-48.2188E-09,-69.8560006096E-03,-32.8452982794E-03,-36.8572748427E-03
-47.9531E-09,-69.6897280723E-03,-32.6975004684E-03,-36.8417647318E-03
-47.6875E-09,-69.5419302613E-03,-32.5312279310E-03,-36.8572748427E-03
-47.4219E-09,-69.3756577239E-03,-32.3834301200E-03,-36.8417647318E-03
-47.1563E-09,-69.2278599129E-03,-32.0693597716E-03,-36.9813557299E-03
-46.8906E-09,-69.0615873755E-03,-31.9030872342E-03,-36.9813557299E-03
-46.6250E-09,-69.0615873755E-03,-31.7552894232E-03,-37.1364568391E-03
-46.3594E-09,-69.2093851865E-03,-31.4412190748E-03,-37.6211478050E-03
-46.0938E-09,-69.3756577239E-03,-31.2749465375E-03,-37.9701253005E-03
-45.8281E-09,-69.5234555349E-03,-31.2749465375E-03,-38.0942061878E-03
-45.5625E-09,-69.6897280723E-03,-31.1271487264E-03,-38.3888982951E-03
-45.2969E-09,-69.6897280723E-03,-30.9608761891E-03,-38.5633870428E-03
-45.0313E-09,-69.5419302613E-03,-30.9608761891E-03,-38.4082859337E-03
-44.7656E-09,-69.2278599129E-03,-30.9608761891E-03,-38.1097162987E-03
-44.5000E-09,-69.0615873755E-03,-30.9608761891E-03,-37.9701253005E-03
-44.2344E-09,-68.9137895645E-03,-30.9608761891E-03,-37.8150241914E-03
-43.9688E-09,-68.7475170271E-03,-30.9608761891E-03,-37.6405354436E-03
-43.7031E-09,-68.7475170271E-03,-31.1086740001E-03,-37.4854343345E-03
-43.4375E-09,-68.7475170271E-03,-31.2749465375E-03,-37.3109455868E-03
-43.1719E-09,-68.8953148381E-03,-31.2749465375E-03,-37.4660466959E-03
-42.9063E-09,-69.0615873755E-03,-31.4227443485E-03,-37.4854343345E-03
-42.6406E-09,-69.2093851865E-03,-31.5890168858E-03,-37.4660466959E-03
-42.3750E-09,-69.5234555349E-03,-31.5890168858E-03,-37.7956365527E-03
-42.1094E-09,-69.6897280723E-03,-31.5890168858E-03,-37.9701253005E-03
-41.8438E-09,-69.8375258833E-03,-31.5890168858E-03,-38.0942061878E-03
-41.5781E-09,-70.0037984207E-03,-31.5890168858E-03,-38.2337971860E-03
-41.3125E-09,-70.0037984207E-03,-31.5890168858E-03,-38.2337971860E-03
-41.0469E-09,-70.0037984207E-03,-31.7368146969E-03,-38.1097162987E-03
-40.7813E-09,-70.0037984207E-03,-32.0508850453E-03,-37.8150241914E-03
-40.5156E-09,-70.0037984207E-03,-32.2171575826E-03,-37.6405354436E-03
-40.2500E-09,-70.0037984207E-03,-32.3649553936E-03,-37.4854343345E-03
-39.9844E-09,-70.0037984207E-03,-32.5312279310E-03,-37.3109455868E-03
-39.7188E-09,-70.0037984207E-03,-32.5312279310E-03,-37.3109455868E-03
-39.4531E-09,-70.0037984207E-03,-32.5312279310E-03,-37.3109455868E-03
-39.1875E-09,-70.0037984207E-03,-32.5312279310E-03,-37.3109455868E-03
-38.9219E-09,-70.0037984207E-03,-32.3834301200E-03,-37.4660466959E-03
-38.6563E-09,-70.0037984207E-03,-32.0693597716E-03,-37.7956365527E-03
-38.3906E-09,-69.8560006096E-03,-31.7552894232E-03,-37.9701253005E-03
-38.1250E-09,-69.5419302613E-03,-31.4412190748E-03,-37.9701253005E-03
-37.8594E-09,-69.3756577239E-03,-31.2749465375E-03,-37.9701253005E-03
-37.5938E-09,-69.3756577239E-03,-31.2749465375E-03,-37.9701253005E-03
-37.3281E-09,-69.3756577239E-03,-31.2749465375E-03,-37.9701253005E-03
-37.0625E-09,-69.3756577239E-03,-31.2749465375E-03,-37.9701253005E-03
-36.7969E-09,-69.5234555349E-03,-31.1271487264E-03,-38.2493072969E-03
-36.5313E-09,-69.8375258833E-03,-30.9608761891E-03,-38.7184881519E-03
-36.2656E-09,-70.0037984207E-03,-30.9608761891E-03,-38.8929768997E-03
-36.0000E-09,-70.1515962317E-03,-30.9608761891E-03,-39.0480780088E-03
-35.7344E-09,-70.3178687691E-03,-30.9608761891E-03,-39.2225667565E-03
-35.4688E-09,-70.3178687691E-03,-30.9608761891E-03,-39.2225667565E-03
-35.2031E-09,-70.3178687691E-03,-30.9608761891E-03,-39.2225667565E-03
-34.9375E-09,-70.0222731470E-03,-30.9608761891E-03,-38.9123645383E-03
-34.6719E-09,-69.5419302613E-03,-30.9608761891E-03,-38.4082859337E-03
-34.4063E-09,-69.2278599129E-03,-30.9608761891E-03,-38.1097162987E-03
-34.1406E-09,-69.0615873755E-03,-30.8130783780E-03,-38.0942061878E-03
-33.8750E-09,-69.0615873755E-03,-30.6468058407E-03,-38.2337971860E-03
-33.6094E-09,-69.0615873755E-03,-30.6468058407E-03,-38.2337971860E-03
-33.3438E-09,-69.0615873755E-03,-30.6468058407E-03,-38.2337971860E-03
-33.0781E-09,-69.3571829975E-03,-30.6468058407E-03,-38.5439994042E-03
-32.8125E-09,-69.9853236943E-03,-30.6468058407E-03,-39.1721588960E-03
-32.5469E-09,-70.6134643911E-03,-30.7946036517E-03,-39.6413397511E-03
-32.2813E-09,-71.0938072769E-03,-30.9608761891E-03,-39.9709296079E-03
-32.0156E-09,-71.4078776252E-03,-31.1086740001E-03,-40.1454183557E-03
-31.7500E-09,-71.5741501626E-03,-31.2749465375E-03,-40.1454183557E-03
-31.4844E-09,-71.5741501626E-03,-31.2749465375E-03,-40.1454183557E-03
-31.2188E-09,-71.4263523516E-03,-31.2749465375E-03,-39.9903172466E-03
-30.9531E-09,-70.9644841922E-03,-31.2749465375E-03,-39.5366465024E-03
-30.6875E-09,-70.4841413064E-03,-31.2749465375E-03,-39.0674656474E-03
-30.4219E-09,-70.3178687691E-03,-31.2749465375E-03,-38.8929768997E-03
-30.1563E-09,-70.3178687691E-03,-31.2749465375E-03,-38.8929768997E-03
-29.8906E-09,-70.3178687691E-03,-31.4227443485E-03,-38.7378757906E-03
-29.6250E-09,-70.4656665801E-03,-31.5890168858E-03,-38.7184881519E-03
-29.3594E-09,-70.7797369285E-03,-31.4412190748E-03,-39.1721588960E-03
-29.0938E-09,-71.0938072769E-03,-31.2749465375E-03,-39.6413397511E-03
-28.8281E-09,-71.5556754363E-03,-30.9793509154E-03,-40.4052127134E-03
-28.5625E-09,-72.0360183220E-03,-30.4990080297E-03,-41.3784721731E-03
-28.2969E-09,-72.4978864814E-03,-30.1849376813E-03,-42.1617327740E-03
-28.0313E-09,-72.9782293672E-03,-29.8708673329E-03,-42.9605034859E-03
-27.7656E-09,-73.1445019046E-03,-29.7045947955E-03,-43.3094809814E-03
-27.5000E-09,-72.9967040936E-03,-29.7045947955E-03,-43.1543798723E-03
-27.2344E-09,-72.8304315562E-03,-29.8523926065E-03,-42.8247900155E-03
-26.9688E-09,-72.5348359342E-03,-30.0186651439E-03,-42.3711192713E-03
-26.7031E-09,-72.0544930484E-03,-30.3142607659E-03,-41.5917361981E-03
-26.4375E-09,-71.7404227000E-03,-30.7946036517E-03,-40.7890879585E-03
-26.1719E-09,-71.4263523516E-03,-30.9608761891E-03,-40.3199071034E-03
-25.9063E-09,-71.1122820032E-03,-31.1086740001E-03,-39.8352161375E-03
-25.6406E-09,-70.7982116548E-03,-31.2749465375E-03,-39.3621577547E-03
-25.3750E-09,-70.4841413064E-03,-31.4227443485E-03,-38.9123645383E-03
-25.1094E-09,-70.3178687691E-03,-31.5890168858E-03,-38.5633870428E-03
-24.8438E-09,-70.3178687691E-03,-31.5890168858E-03,-38.5633870428E-03
-24.5781E-09,-70.3178687691E-03,-31.4412190748E-03,-38.7184881519E-03
-24.3125E-09,-70.1700709580E-03,-31.2749465375E-03,-38.7378757906E-03
-24.0469E-09,-70.0037984207E-03,-31.1271487264E-03,-38.7184881519E-03
-23.7813E-09,-70.0037984207E-03,-30.9608761891E-03,-38.8929768997E-03
-23.5156E-09,-70.0037984207E-03,-30.9608761891E-03,-38.8929768997E-03
-23.2500E-09,-69.8560006096E-03,-30.9608761891E-03,-38.7378757906E-03
-22.9844E-09,-69.6897280723E-03,-30.9608761891E-03,-38.5633870428E-03
-22.7188E-09,-69.6897280723E-03,-30.9608761891E-03,-38.5633870428E-03
-22.4531E-09,-69.6897280723E-03,-31.1086740001E-03,-38.4082859337E-03
-22.1875E-09,-69.8375258833E-03,-31.2749465375E-03,-38.3888982951E-03
-21.9219E-09,-70.0037984207E-03,-31.4227443485E-03,-38.4082859337E-03
-21.6563E-09,-70.1515962317E-03,-31.5890168858E-03,-38.3888982951E-03
-21.3906E-09,-70.3178687691E-03,-31.5890168858E-03,-38.5633870428E-03
-21.1250E-09,-70.4656665801E-03,-31.7368146969E-03,-38.5633870428E-03
-20.8594E-09,-70.6319391174E-03,-32.0508850453E-03,-38.4082859337E-03
-20.5938E-09,-70.6319391174E-03,-32.2171575826E-03,-38.2337971860E-03
-20.3281E-09,-70.6319391174E-03,-32.0693597716E-03,-38.3888982951E-03
-20.0625E-09,-70.6319391174E-03,-31.7552894232E-03,-38.7184881519E-03
-19.7969E-09,-70.4841413064E-03,-31.5890168858E-03,-38.7378757906E-03
-19.5313E-09,-70.1700709580E-03,-31.5890168858E-03,-38.4082859337E-03
-19.2656E-09,-70.0037984207E-03,-31.5890168858E-03,-38.2337971860E-03
-19.0000E-09,-69.8560006096E-03,-31.5890168858E-03,-38.1097162987E-03
-18.7344E-09,-69.8375258833E-03,-31.7368146969E-03,-37.9701253005E-03
-18.4688E-09,-70.0037984207E-03,-32.0508850453E-03,-37.8150241914E-03
-18.2031E-09,-70.1515962317E-03,-32.2171575826E-03,-37.7956365527E-03
-17.9375E-09,-70.4656665801E-03,-32.2171575826E-03,-38.0942061878E-03
-17.6719E-09,-70.6319391174E-03,-32.2171575826E-03,-38.2337971860E-03
-17.4063E-09,-70.6319391174E-03,-32.2171575826E-03,-38.2337971860E-03
-17.1406E-09,-70.6319391174E-03,-32.0693597716E-03,-38.3888982951E-03
-16.8750E-09,-70.6319391174E-03,-31.7552894232E-03,-38.7184881519E-03
-16.6094E-09,-70.6319391174E-03,-31.4412190748E-03,-39.0480780088E-03
-16.3438E-09,-70.6319391174E-03,-31.2749465375E-03,-39.2225667565E-03
-16.0781E-09,-70.7797369285E-03,-31.4227443485E-03,-39.2225667565E-03
-15.8125E-09,-71.0938072769E-03,-31.5890168858E-03,-39.3466476438E-03
-15.5469E-09,-71.2600798142E-03,-31.7368146969E-03,-39.3621577547E-03
-15.2813E-09,-71.2600798142E-03,-31.9030872342E-03,-39.2225667565E-03
-15.0156E-09,-71.2600798142E-03,-31.9030872342E-03,-39.2225667565E-03
-14.7500E-09,-71.2600798142E-03,-31.9030872342E-03,-39.2225667565E-03
-14.4844E-09,-71.2600798142E-03,-31.7552894232E-03,-39.3466476438E-03
-14.2188E-09,-71.2600798142E-03,-31.4412190748E-03,-39.6413397511E-03
-13.9531E-09,-71.4078776252E-03,-31.1271487264E-03,-40.1260307170E-03
-13.6875E-09,-71.7219479736E-03,-30.9608761891E-03,-40.6301093216E-03
-13.4219E-09,-72.0360183220E-03,-30.9608761891E-03,-40.9286789567E-03
-13.1563E-09,-72.2022908594E-03,-30.9608761891E-03,-41.0682699548E-03
-12.8906E-09,-72.2022908594E-03,-30.9608761891E-03,-41.0682699548E-03
-12.6250E-09,-72.2022908594E-03,-31.2564718111E-03,-40.7890879585E-03
-12.3594E-09,-71.7588974264E-03,-31.5890168858E-03,-40.0097048852E-03
-12.0938E-09,-70.8166863812E-03,-31.5890168858E-03,-39.0519555365E-03
-11.8281E-09,-70.0222731470E-03,-31.5890168858E-03,-38.2842050464E-03
-11.5625E-09,-69.0985368282E-03,-31.5890168858E-03,-37.3807410859E-03
-11.2969E-09,-67.9900532457E-03,-31.5890168858E-03,-36.2523805172E-03
-11.0313E-09,-66.7522465785E-03,-31.4412190748E-03,-35.1395300593E-03
-10.7656E-09,-64.8862992145E-03,-31.1271487264E-03,-33.6079066069E-03
-10.5000E-09,-62.3922111537E-03,-31.1086740001E-03,-31.1417989722E-03
-10.2344E-09,-58.8265889631E-03,-31.1271487264E-03,-27.5434532409E-03
-9.9687E-09,-53.9862106525E-03,-30.9608761891E-03,-22.8671548015E-03
-9.7031E-09,-48.0558234858E-03,-30.9608761891E-03,-16.9384149059E-03
-9.4375E-09,-41.0169527364E-03,-31.1086740001E-03,-9.7572335544E-03
-9.1719E-09,-33.0358709419E-03,-31.2749465375E-03,-1.6648331869E-03
-8.9062E-09,-23.9647802912E-03,-31.2749465375E-03,+7.3581738353E-03
-8.6406E-09,-13.9330038690E-03,-31.4227443485E-03,+17.5483167034E-03
-8.3750E-09,-2.9774911279E-03,-31.7368146969E-03,+28.8164122798E-03
-8.1094E-09,+9.3821008178E-03,-31.9030872342E-03,+41.3369493123E-03
-7.8437E-09,+23.9032357495E-03,-31.9030872342E-03,+55.8544131245E-03
-7.5781E-09,+41.2510038167E-03,-31.9030872342E-03,+73.1753294837E-03
-7.3125E-09,+61.8687984525E-03,-31.7552894232E-03,+93.6060230805E-03
-7.0469E-09,+86.2554372691E-03,-31.4412190748E-03,+117.6854702689E-03
-6.7812E-09,+114.4109202664E-03,-31.1271487264E-03,+145.5261193531E-03
-6.5156E-09,+146.3352474444E-03,-30.5174827560E-03,+176.8100130595E-03
-6.2500E-09,+182.1762166142E-03,-29.4274738998E-03,+211.5371513879E-03
-5.9844E-09,+222.1001003131E-03,-28.0233946952E-03,+250.0216140845E-03
-5.7187E-09,+266.2546963522E-03,-26.1574473312E-03,+292.2944213708E-03
-5.4531E-09,+314.6584794578E-03,-23.6633592705E-03,+338.2043496657E-03
-5.1875E-09,+367.8841661475E-03,-20.2455348909E-03,+387.9762955773E-03
-4.9219E-09,+426.3197256754E-03,-15.4236313067E-03,+441.5404636065E-03
-4.6562E-09,+489.6141382402E-03,-9.1791737915E-03,+498.5478762578E-03
-4.3906E-09,+558.0814741903E-03,-1.8262326938E-03,+559.6228154954E-03
-4.1250E-09,+632.1836016851E-03,+6.6167172601E-03,+625.2383397019E-03
-3.8594E-09,+711.9574701775E-03,+16.1681507966E-03,+695.4099589885E-03
-3.5937E-09,+797.3661302146E-03,+26.8095931893E-03,+770.1531834659E-03
-3.3281E-09,+888.4465312491E-03,+38.7073169755E-03,+849.3012794418E-03
-3.0625E-09,+985.3095216394E-03,+51.8613221554E-03,+932.9666952204E-03
-2.7969E-09,+1.0880105255646E+00,+66.4194065398E-03,+1.0210563701362E+00
-2.5312E-09,+1.1961985232235E+00,+82.8434382882E-03,+1.1127443907833E+00
-2.2656E-09,+1.3095963937205E+00,+101.3181646644E-03,+1.2076158616947E+00
-2.0000E-09,+1.4277053194434E+00,+121.9729087530E-03,+1.3050116031567E+00
-1.7344E-09,+1.5499341091482E+00,+144.9924178177E-03,+1.4041483545685E+00
-1.4687E-09,+1.6754698748743E+00,+170.5060149432E-03,+1.5041032643308E+00
-1.2031E-09,+1.8039985462734E+00,+198.6984473932E-03,+1.6043877639499E+00
-937.5E-12,+1.9349104573750E+00,+229.8468360635E-03,+1.7041022669931E+00
-671.9E-12,+2.0675589927560E+00,+264.3022007550E-03,+1.8022347387234E+00
-406.2E-12,+2.2017778798789E+00,+302.0460667416E-03,+1.8986610982536E+00
-140.6E-12,+2.3369759274998E+00,+343.5403021825E-03,+1.9923111479308E+00
+125.0E-12,+2.4726358432801E+00,+388.8218565305E-03,+2.0826342788177E+00
+390.6E-12,+2.6084805063241E+00,+437.8537803329E-03,+2.1694133493616E+00
+656.3E-12,+2.7434199077757E+00,+490.6730230423E-03,+2.2514657136055E+00
+921.9E-12,+2.8767889574853E+00,+546.9470395842E-03,+2.3285044344976E+00
+1.1875E-09,+3.0078486663979E+00,+606.8236277694E-03,+2.3996687008824E+00
+1.4531E-09,+3.1351764805826E+00,+670.7646557573E-03,+2.4630119938406E+00
+1.7188E-09,+3.2581073098897E+00,+739.1026686228E-03,+2.5175532988572E+00
+1.9844E-09,+3.3763455586972E+00,+811.3942729328E-03,+2.5634826147907E+00
+2.2500E-09,+3.4888196928754E+00,+887.7318423192E-03,+2.5996095406288E+00
+2.5156E-09,+3.5951417431703E+00,+968.0414778764E-03,+2.6256083640425E+00
+2.7813E-09,+3.6950715381390E+00,+1.0520830081617E+00,+2.6414752075038E+00
+3.0469E-09,+3.7876299172837E+00,+1.1399303320804E+00,+2.6461708935820E+00
+3.3125E-09,+3.8727984058779E+00,+1.2312139551051E+00,+2.6400676649387E+00
+3.5781E-09,+3.9502998830259E+00,+1.3261186244995E+00,+2.6226769530804E+00
+3.8438E-09,+4.0196355311157E+00,+1.4240346742933E+00,+2.5941189613665E+00
+4.1094E-09,+4.0806575523363E+00,+1.5249066803072E+00,+2.5542928740763E+00
+4.3750E-09,+4.1333474719611E+00,+1.6289378645315E+00,+2.5029699170736E+00
+4.6406E-09,+4.1775759669057E+00,+1.7356478840803E+00,+2.4405145779651E+00
+4.9063E-09,+4.2133060877172E+00,+1.8448704664162E+00,+2.3670664477487E+00
+5.1719E-09,+4.2407225816595E+00,+1.9564578137284E+00,+2.2829396061705E+00
+5.4375E-09,+4.2603981652501E+00,+2.0705392491013E+00,+2.1885993565578E+00
+5.7031E-09,+4.2730164033650E+00,+2.1865605307437E+00,+2.0852826302556E+00
+5.9688E-09,+4.2788544168999E+00,+2.3036718212423E+00,+1.9740712575001E+00
+6.2344E-09,+4.2790022147109E+00,+2.4218915953234E+00,+1.8560548235826E+00
+6.5000E-09,+4.2742726847586E+00,+2.5409057826388E+00,+1.7323849542383E+00
+6.7656E-09,+4.2645365039583E+00,+2.6604003128399E+00,+1.6032206281039E+00
+7.0313E-09,+4.2502001162904E+00,+2.7799133177674E+00,+1.4694420439737E+00
+7.2969E-09,+4.2322426822528E+00,+2.8991122523465E+00,+1.3323908264414E+00
+7.5625E-09,+4.2108304743828E+00,+3.0179971165772E+00,+1.1921794238110E+00
+7.8281E-09,+4.1867024817355E+00,+3.1361245170265E+00,+1.0500098696783E+00
+8.0938E-09,+4.1608378648089E+00,+3.2527000404602E+00,+907.6852144364E-03
+8.3594E-09,+4.1339940873843E+00,+3.3672433439925E+00,+766.3687164037E-03
+8.6250E-09,+4.1066884418003E+00,+3.4789969638420E+00,+627.3632248967E-03
+8.8906E-09,+4.0790502511415E+00,+3.5872958098591E+00,+491.5024083767E-03
+9.1563E-09,+4.0522988473488E+00,+3.6918442864219E+00,+360.2829925467E-03
+9.4219E-09,+4.0272840678355E+00,+3.7921620506446E+00,+235.0272143618E-03
+9.6875E-09,+4.0036918422531E+00,+3.8879350321787E+00,+115.7389513496E-03
+9.9531E-09,+3.9822426849303E+00,+3.9787013628649E+00,+3.6241146336E-03
+10.2188E-09,+3.9639342310915E+00,+4.0644240932503E+00,-100.2936284664E-03
+10.4844E-09,+3.9489142785477E+00,+4.1449923749768E+00,-195.8126465083E-03
+10.7500E-09,+3.9373490998362E+00,+4.2200551882433E+00,-282.3900856103E-03
+11.0156E-09,+3.9293864927681E+00,+4.2891876143429E+00,-359.4559491965E-03
+11.2813E-09,+3.9251927298807E+00,+4.3517245631263E+00,-426.1416710559E-03
+11.5469E-09,+3.9249156089851E+00,+4.4078138324044E+00,-482.4743938826E-03
+11.8125E-09,+3.9284258069965E+00,+4.4574738969035E+00,-528.6169738412E-03
+12.0781E-09,+3.9356863744624E+00,+4.5003906862754E+00,-564.2398210747E-03
+12.3438E-09,+3.9470298564573E+00,+4.5366935236046E+00,-589.1645693078E-03
+12.6094E-09,+3.9620128595484E+00,+4.5668627517769E+00,-604.3606004723E-03
+12.8750E-09,+3.9804321617455E+00,+4.5910646433297E+00,-610.1536268973E-03
+13.1406E-09,+4.0018813190682E+00,+4.6092991982630E+00,-606.9314013557E-03
+13.4063E-09,+4.0256767666407E+00,+4.6217142143877E+00,-595.5702451138E-03
+13.6719E-09,+4.0513935857564E+00,+4.6281803686194E+00,-576.3144424185E-03
+13.9375E-09,+4.0788100796986E+00,+4.6292519027492E+00,-549.9743965648E-03
+14.2031E-09,+4.1075382792136E+00,+4.6259264520015E+00,-517.9460175348E-03
+14.4688E-09,+4.1370239425100E+00,+4.6180562185653E+00,-480.6131805734E-03
+14.7344E-09,+4.1674702915779E+00,+4.6054749299031E+00,-437.6269081851E-03
+15.0000E-09,+4.1986925791537E+00,+4.5887737772590E+00,-389.7355632214E-03
+15.2656E-09,+4.2307092799636E+00,+4.5684700529716E+00,-337.4277141760E-03
+15.5313E-09,+4.2629107280372E+00,+4.5446930801255E+00,-281.4788665943E-03
+15.7969E-09,+4.2945025101405E+00,+4.5182187972284E+00,-223.4439090952E-03
+16.0625E-09,+4.3254476768206E+00,+4.4896938197036E+00,-163.9975315032E-03
+16.3281E-09,+4.3556353797193E+00,+4.4594322178994E+00,-103.5934045625E-03
+16.5938E-09,+4.3842712056024E+00,+4.4273046687312E+00,-42.8596877650E-03
+16.8594E-09,+4.4108748115841E+00,+4.3937176161793E+00,+17.2730122348E-03
+17.1250E-09,+4.4354277229380E+00,+4.3590590294976E+00,+76.4091876085E-03
+17.3906E-09,+4.4572094253355E+00,+4.3231256866959E+00,+134.0719024458E-03
+17.6563E-09,+4.4753700813633E+00,+4.2862501328491E+00,+189.0552456233E-03
+17.9219E-09,+4.4902237613697E+00,+4.2485801657681E+00,+241.5647261105E-03
+18.1875E-09,+4.5020845357033E+00,+4.2101342601792E+00,+291.8523832099E-03
+18.4531E-09,+4.5111186769012E+00,+4.1713373347893E+00,+339.6351573972E-03
+18.7188E-09,+4.5171783871526E+00,+4.1322632885036E+00,+384.7540700357E-03
+18.9844E-09,+4.5205407873531E+00,+4.0929860202279E+00,+427.3874874007E-03
+19.2500E-09,+4.5217046951148E+00,+4.0543368926489E+00,+467.1554117751E-03
+19.5156E-09,+4.5205223126267E+00,+4.0164637035778E+00,+503.8058038564E-03
+19.7813E-09,+4.5169751651625E+00,+3.9793849277408E+00,+537.3425411725E-03
+20.0469E-09,+4.5109339296374E+00,+3.9430820904116E+00,+567.5795023924E-03
+20.3125E-09,+4.5023616565989E+00,+3.9078692619386E+00,+594.1793426038E-03
+20.5781E-09,+4.4917386889326E+00,+3.8740605126702E+00,+617.3514483040E-03
+20.8438E-09,+4.4789357035539E+00,+3.8418221151437E+00,+636.7856172748E-03
+21.1094E-09,+4.4640635488211E+00,+3.8113018671703E+00,+652.4430742388E-03
+21.3750E-09,+4.4471776489132E+00,+3.7826660412872E+00,+664.1764731426E-03
+21.6406E-09,+4.4286659730843E+00,+3.7560624353055E+00,+672.2339757606E-03
+21.9063E-09,+4.4092305609366E+00,+3.7312139283296E+00,+677.6470044683E-03
+22.1719E-09,+4.3888344630173E+00,+3.7080650961802E+00,+680.4000491549E-03
+22.4375E-09,+4.3679580222122E+00,+3.6866713630366E+00,+680.9390255090E-03
+22.7031E-09,+4.3470631066807E+00,+3.6665339112866E+00,+680.2100502962E-03
+22.9688E-09,+4.3261866658757E+00,+3.6480961343631E+00,+677.7478201892E-03
+23.2344E-09,+4.3054395481552E+00,+3.6318568498785E+00,+673.2421329697E-03
+23.5000E-09,+4.2851727733205E+00,+3.6179638556436E+00,+666.8829874965E-03
+23.7656E-09,+4.2656634622673E+00,+3.6067312220069E+00,+658.5889556871E-03
+24.0313E-09,+4.2471148369856E+00,+3.5983252215057E+00,+648.4686083180E-03
+24.2969E-09,+4.2293421502117E+00,+3.5925980563291E+00,+636.4521498902E-03
+24.5625E-09,+4.2122160788610E+00,+3.5890878583176E+00,+622.8226399276E-03
+24.8281E-09,+4.1955518756697E+00,+3.5873142845855E+00,+607.9174233427E-03
+25.0938E-09,+4.1793680153642E+00,+3.5871110625954E+00,+591.9691517991E-03
+25.3594E-09,+4.1639416188401E+00,+3.5884781923472E+00,+575.2027219049E-03
+25.6250E-09,+4.1494759080875E+00,+3.5915634716520E+00,+557.6413988265E-03
+25.8906E-09,+4.1363773270868E+00,+3.5969765664803E+00,+539.1339589827E-03
+26.1563E-09,+4.1251816429028E+00,+3.6049206988220E+00,+520.0371349242E-03
+26.4219E-09,+4.1161475017049E+00,+3.6150633236025E+00,+500.8705153666E-03
+26.6875E-09,+4.1096443980205E+00,+3.6275522386328E+00,+481.8628744459E-03
+26.9531E-09,+4.1051919889638E+00,+3.6421103230173E+00,+462.8668661083E-03
+27.2188E-09,+4.1027717998085E+00,+3.6580909613327E+00,+444.4835071517E-03
+27.4844E-09,+4.1019589118480E+00,+3.6751800832306E+00,+426.5848391611E-03
+27.7500E-09,+4.1020882349326E+00,+3.6929158205517E+00,+409.0002509164E-03
+28.0156E-09,+4.1027163756294E+00,+3.7109656282213E+00,+391.5746413085E-03
+28.2813E-09,+4.1031967185152E+00,+3.7294773040502E+00,+373.5402598474E-03
+28.5469E-09,+4.1036585866746E+00,+3.7481737271429E+00,+355.3275121108E-03
+28.8125E-09,+4.1044345251824E+00,+3.7671472711312E+00,+337.1535396515E-03
+29.0781E-09,+4.1056723318496E+00,+3.7866196327317E+00,+318.9407919150E-03
+29.3438E-09,+4.1078338748356E+00,+3.8060919943322E+00,+301.6353856666E-03
+29.6094E-09,+4.1115472948372E+00,+3.8252687603107E+00,+286.1679275612E-03
+29.8750E-09,+4.1169973391182E+00,+3.8441129812144E+00,+272.7749467901E-03
+30.1406E-09,+4.1238699373301E+00,+3.8625138086851E+00,+261.2393018004E-03
+30.4063E-09,+4.1322944125577E+00,+3.8802680207326E+00,+251.9138476155E-03
+30.6719E-09,+4.1417165230095E+00,+3.8975603646207E+00,+244.0502213839E-03
+30.9375E-09,+4.1511386334614E+00,+3.9142245678120E+00,+236.8147546442E-03
+31.2031E-09,+4.1602651482912E+00,+3.9304084281175E+00,+229.7692867632E-03
+31.4688E-09,+4.1687635224242E+00,+3.9462782180747E+00,+222.4291267748E-03
+31.7344E-09,+4.1763381602385E+00,+3.9618339376834E+00,+214.4491747114E-03
+32.0000E-09,+4.1833955057142E+00,+3.9773711825658E+00,+205.9767766265E-03
+32.2656E-09,+4.1907669215383E+00,+3.9927791043635E+00,+197.9425391749E-03
+32.5313E-09,+4.1988958011438E+00,+4.0077066832755E+00,+191.1374780130E-03
+32.7969E-09,+4.2079853665209E+00,+4.0220245962170E+00,+185.9183256916E-03
+33.0625E-09,+4.2178508704057E+00,+4.0355480959244E+00,+182.2463069336E-03
+33.3281E-09,+4.2280673940918E+00,+4.0481478593129E+00,+179.8771374920E-03
+33.5938E-09,+4.2379698474294E+00,+4.0594913413079E+00,+178.4346971773E-03
+33.8594E-09,+4.2469670391746E+00,+4.0695785419093E+00,+177.3218467195E-03
+34.1250E-09,+4.2546894747998E+00,+4.0785572589281E+00,+176.0694052635E-03
+34.3906E-09,+4.2614696993799E+00,+4.0868893605238E+00,+174.5377818111E-03
+34.6563E-09,+4.2674555107258E+00,+4.0952029873930E+00,+172.2267752854E-03
+34.9219E-09,+4.2734043726189E+00,+4.1038306846107E+00,+169.5474036257E-03
+35.1875E-09,+4.2799813752088E+00,+4.1124768565548E+00,+167.4768038191E-03
+35.4531E-09,+4.2873343163066E+00,+4.1208089581504E+00,+166.4841567209E-03
+35.7188E-09,+4.2953338728274E+00,+4.1286791915867E+00,+166.6198701913E-03
+35.9844E-09,+4.3034997018857E+00,+4.1356256887041E+00,+167.8374138978E-03
+36.2500E-09,+4.3115177331330E+00,+4.1413159044280E+00,+170.1484204234E-03
+36.5156E-09,+4.3187783005988E+00,+4.1457498387583E+00,+172.9828931923E-03
+36.7813E-09,+4.3246347888601E+00,+4.1489274916950E+00,+175.6622648521E-03
+37.0469E-09,+4.3289209253793E+00,+4.1509966610491E+00,+177.8879657677E-03
+37.3125E-09,+4.3317845079676E+00,+4.1524192149801E+00,+179.3342836101E-03
+37.5781E-09,+4.3333918091624E+00,+4.1535276985626E+00,+179.8228521038E-03
+37.8438E-09,+4.3338906267745E+00,+4.1541743139858E+00,+179.6677509947E-03
+38.1094E-09,+4.3332994355305E+00,+4.1544883843342E+00,+178.7487769233E-03
+38.3750E-09,+4.3314519628929E+00,+4.1546546568716E+00,+176.7324625049E-03
+38.6406E-09,+4.3284960066727E+00,+4.1545068590606E+00,+173.9483975965E-03
+38.9063E-09,+4.3247456372183E+00,+4.1541927887122E+00,+170.5400507239E-03
+39.1719E-09,+4.3200715314451E+00,+4.1538787183638E+00,+166.1623219195E-03
+39.4375E-09,+4.3145845377114E+00,+4.1532690523934E+00,+161.2727594549E-03
+39.7031E-09,+4.3084878780073E+00,+4.1518834479151E+00,+156.5925834877E-03
+39.9688E-09,+4.3017446028800E+00,+4.1491122389587E+00,+152.6258726224E-03
+40.2344E-09,+4.2948350552153E+00,+4.1447522035339E+00,+150.0511942112E-03
+40.5000E-09,+4.2880733053616E+00,+4.1388402910936E+00,+149.1942605834E-03
+40.7656E-09,+4.2819212214783E+00,+4.1310439565628E+00,+150.8577199786E-03
+41.0313E-09,+4.2767113486403E+00,+4.1218065933747E+00,+154.8903488153E-03
+41.2969E-09,+4.2724436868474E+00,+4.1117748169525E+00,+160.6445999631E-03
+41.5625E-09,+4.2691182360996E+00,+4.1014104954554E+00,+167.6706802055E-03
+41.8281E-09,+4.2665871985861E+00,+4.0910461739584E+00,+175.4955311598E-03
+42.0938E-09,+4.2646843017694E+00,+4.0806818524614E+00,+183.9485416060E-03
+42.3594E-09,+4.2632617478384E+00,+4.0704653287753E+00,+192.7466520199E-03
+42.6250E-09,+4.2621532642558E+00,+4.0601194820047E+00,+201.9829230671E-03
+42.8906E-09,+4.2613588510216E+00,+4.0492932923482E+00,+211.9830670766E-03
+43.1563E-09,+4.2607307103249E+00,+4.0378574367214E+00,+222.7974919089E-03
+43.4219E-09,+4.2602503674391E+00,+4.0256271678603E+00,+234.5696660899E-03
+43.6875E-09,+4.2600840949017E+00,+4.0129165561135E+00,+247.1095907610E-03
+43.9531E-09,+4.2602318927127E+00,+3.9997440762073E+00,+260.3978782835E-03
+44.2188E-09,+4.2609893564941E+00,+3.9859434556043E+00,+274.9502398452E-03
+44.4844E-09,+4.2622456378877E+00,+3.9718102899265E+00,+290.3440249239E-03
+44.7500E-09,+4.2636497170923E+00,+3.9578249220598E+00,+305.7029122529E-03
+45.0156E-09,+4.2652200688343E+00,+3.9440058267304E+00,+321.0928198038E-03
+45.2813E-09,+4.2666426227652E+00,+3.9307779226450E+00,+335.7421195587E-03
+45.5469E-09,+4.2678989041588E+00,+3.9183629065203E+00,+349.3948946876E-03
+45.8125E-09,+4.2690073877414E+00,+3.9064097585549E+00,+362.4427754910E-03
+46.0781E-09,+4.2699495987866E+00,+3.8952325490973E+00,+374.5329069457E-03
+46.3438E-09,+4.2707440120207E+00,+3.8844063594408E+00,+386.1654901285E-03
+46.6094E-09,+4.2713721527175E+00,+3.8735616950580E+00,+397.6468497300E-03
+46.8750E-09,+4.2720002934143E+00,+3.8631788988346E+00,+408.6396408377E-03
+47.1406E-09,+4.2724806363001E+00,+3.8535720411190E+00,+418.7289679850E-03
+47.4063E-09,+4.2727947066485E+00,+3.8450551922596E+00,+427.5658536762E-03
+47.6719E-09,+4.2731087769969E+00,+3.8377946247937E+00,+435.1192776896E-03
+47.9375E-09,+4.2731272517233E+00,+3.8320859343435E+00,+440.8269985046E-03
+48.2031E-09,+4.2728131813749E+00,+3.8279660703616E+00,+444.6541183718E-03
+48.4688E-09,+4.2722035154045E+00,+3.8251024877733E+00,+446.9185945647E-03
+48.7344E-09,+4.2711135065483E+00,+3.8233473887676E+00,+447.5816518061E-03
+49.0000E-09,+4.2697094273437E+00,+3.8223867029960E+00,+447.1163484788E-03
+49.2656E-09,+4.2678434799797E+00,+3.8217585622992E+00,+445.8794171337E-03
+49.5313E-09,+4.2657927853519E+00,+3.8214260172244E+00,+444.1771824613E-03
+49.7969E-09,+4.2634649698285E+00,+3.8214260172244E+00,+441.8312781861E-03
+50.0625E-09,+4.2604905388820E+00,+3.8214260172244E+00,+438.8727245299E-03
+50.3281E-09,+4.2570542397760E+00,+3.8217216128465E+00,+435.1541754391E-03
+50.5938E-09,+4.2529897999732E+00,+3.8222019557322E+00,+430.5825702483E-03
+50.8594E-09,+4.2481494216627E+00,+3.8229594195137E+00,+424.9679100987E-03
+51.1250E-09,+4.2425146301179E+00,+3.8242157009072E+00,+418.0969309654E-03
+51.3906E-09,+4.2362516978764E+00,+3.8256197801118E+00,+410.4465687588E-03
+51.6563E-09,+4.2295084227491E+00,+3.8273379296648E+00,+401.9935583126E-03
+51.9219E-09,+4.2225988750844E+00,+3.8293701495662E+00,+393.0713670114E-03
+52.1875E-09,+4.2158371252307E+00,+3.8320120354380E+00,+383.6644847442E-03
+52.4531E-09,+4.2095372435365E+00,+3.8355961323550E+00,+373.7845440943E-03
+52.7188E-09,+4.2040133003500E+00,+3.8404180359392E+00,+363.4548102279E-03
+52.9844E-09,+4.1992837703977E+00,+3.8465146956433E+00,+352.6209977570E-03
+53.2500E-09,+4.1954779767642E+00,+3.8539969598256E+00,+341.3335145419E-03
+53.5156E-09,+4.1926328689023E+00,+3.8626246570433E+00,+329.8870526900E-03
+53.7813E-09,+4.1905636995481E+00,+3.8714186267984E+00,+319.0183424695E-03
+54.0469E-09,+4.1891411456172E+00,+3.8800647987424E+00,+308.9445254332E-03
+54.3125E-09,+4.1880326620346E+00,+3.8882491025271E+00,+299.6888667474E-03
+54.5781E-09,+4.1872382488004E+00,+3.8956574678039E+00,+291.4801405480E-03
+54.8438E-09,+4.1867579059146E+00,+3.9024192176576E+00,+284.2097760588E-03
+55.1094E-09,+4.1864438355662E+00,+3.9090146949739E+00,+277.3194092868E-03
+55.3750E-09,+4.1862775630289E+00,+3.9160535657232E+00,+270.1227178244E-03
+55.6406E-09,+4.1864253608399E+00,+3.9238868497067E+00,+262.4180702296E-03
+55.9063E-09,+4.1870350268103E+00,+3.9327916678201E+00,+254.1395485312E-03
+56.1719E-09,+4.1881250356665E+00,+3.9426756464313E+00,+245.3724583390E-03
+56.4375E-09,+4.1896769126821E+00,+3.9528736953910E+00,+236.7294490342E-03
+56.7031E-09,+4.1920047282055E+00,+3.9632380168880E+00,+228.6913340549E-03
+56.9688E-09,+4.1952747547741E+00,+3.9731589449520E+00,+222.0452515298E-03
+57.2344E-09,+4.1994869923878E+00,+3.9825810554039E+00,+216.8416093193E-03
+57.5000E-09,+4.2044936432358E+00,+3.9918553680447E+00,+212.5957164576E-03
+57.7656E-09,+4.2099806369695E+00,+4.0009634081481E+00,+208.9624729768E-03
+58.0313E-09,+4.2159294988626E+00,+4.0103670438736E+00,+205.4998407160E-03
+58.2969E-09,+4.2222109058305E+00,+4.0202510224849E+00,+201.9170050957E-03
+58.5625E-09,+4.2284923127984E+00,+4.0303012736335E+00,+198.1596807277E-03
+58.8281E-09,+4.2347737197663E+00,+4.0400559291601E+00,+194.6815383560E-03
+59.0938E-09,+4.2407595311122E+00,+4.0493302418010E+00,+191.3933948430E-03
+59.3594E-09,+4.2461172017613E+00,+4.0576992928494E+00,+188.3689232155E-03
+59.6250E-09,+4.2509945295246E+00,+4.0647935877778E+00,+186.1393447721E-03
+59.8906E-09,+4.2555577869395E+00,+4.0709456716611E+00,+184.5728235701E-03
+60.1563E-09,+4.2596591761950E+00,+4.0765989379322E+00,+183.0101798959E-03
+60.4219E-09,+4.2632802225648E+00,+4.0822522042033E+00,+180.9744778389E-03
+60.6875E-09,+4.2664394007751E+00,+4.0883488639075E+00,+178.0546994600E-03
+60.9531E-09,+4.2692660339107E+00,+4.0952399368458E+00,+173.9871728738E-03
+61.2188E-09,+4.2717970714242E+00,+4.1027591504809E+00,+168.9812845774E-03
+61.4844E-09,+4.2741433616740E+00,+4.1104631113798E+00,+163.6225412579E-03
+61.7500E-09,+4.2763603288391E+00,+4.1177052041192E+00,+158.6127754338E-03
+62.0156E-09,+4.2782447509295E+00,+4.1240235605399E+00,+154.1923938243E-03
+62.2813E-09,+4.2799813752088E+00,+4.1290856355669E+00,+150.8693525618E-03
+62.5469E-09,+4.2815517269508E+00,+4.1328914292004E+00,+148.6242640075E-03
+62.8125E-09,+4.2826786852598E+00,+4.1355887392514E+00,+147.0422326946E-03
+63.0781E-09,+4.2833068259565E+00,+4.1373438382571E+00,+145.9255047091E-03
+63.3438E-09,+4.2834915732203E+00,+4.1386001196507E+00,+144.8669396394E-03
+63.6094E-09,+4.2830297050609E+00,+4.1398564010443E+00,+143.1608274393E-03
+63.8750E-09,+4.2824015643641E+00,+4.1408170868158E+00,+141.5943062373E-03
+64.1406E-09,+4.2814778280453E+00,+4.1414452275126E+00,+140.0316625631E-03
+64.4063E-09,+4.2800737488407E+00,+4.1417777725874E+00,+138.2751425025E-03
+64.6719E-09,+4.2785033970987E+00,+4.1414821769654E+00,+137.0033134078E-03
+64.9375E-09,+4.2767852475458E+00,+4.1404106428355E+00,+136.3596438051E-03
+65.2031E-09,+4.2750486232664E+00,+4.1383968976605E+00,+136.6194381628E-03
+65.4688E-09,+4.2733304737134E+00,+4.1351453458183E+00,+138.1626941984E-03
+65.7344E-09,+4.2715938494341E+00,+4.1306190378562E+00,+140.9622692177E-03
+66.0000E-09,+4.2700234976921E+00,+4.1250027210378E+00,+145.0104081654E-03
+66.2656E-09,+4.2684531459501E+00,+4.1184257184479E+00,+150.0046638785E-03
+66.5313E-09,+4.2670305920191E+00,+4.1112205751612E+00,+155.7744251372E-03
+66.7969E-09,+4.2656265128145E+00,+4.1035350889887E+00,+162.0715301668E-03
+67.0625E-09,+4.2643517566946E+00,+4.0958311280898E+00,+168.4888385560E-03
+67.3281E-09,+4.2632617478384E+00,+4.0885890353504E+00,+174.6463525875E-03
+67.5938E-09,+4.2621532642558E+00,+4.0818272854967E+00,+180.2842779034E-03
+67.8594E-09,+4.2610632553996E+00,+4.0750840103694E+00,+185.9183256916E-03
+68.1250E-09,+4.2598069740060E+00,+4.0680266648937E+00,+191.7423723385E-03
+68.3906E-09,+4.2586984904235E+00,+4.0603596534476E+00,+198.2992717259E-03
+68.6563E-09,+4.2576084815673E+00,+4.0518982287673E+00,+205.6394317142E-03
+68.9219E-09,+4.2564999979847E+00,+4.0426608655792E+00,+213.7744848868E-03
+69.1875E-09,+4.2555577869395E+00,+4.0327768869679E+00,+222.7315739375E-03
+69.4531E-09,+4.2547633737054E+00,+4.0228744336303E+00,+231.8282539865E-03
+69.7188E-09,+4.2539874351976E+00,+4.0134338484521E+00,+240.4906509300E-03
+69.9844E-09,+4.2531930219634E+00,+4.0047692017816E+00,+248.3542771616E-03
+70.2500E-09,+4.2522692856446E+00,+3.9967511705344E+00,+255.4346427922E-03
+70.5156E-09,+4.2510130042510E+00,+3.9888994118245E+00,+262.0264399291E-03
+70.7813E-09,+4.2496089250464E+00,+3.9811954509256E+00,+268.3080348479E-03
+71.0469E-09,+4.2481863711154E+00,+3.9730665713201E+00,+275.0161578166E-03
+71.3125E-09,+4.2467822919108E+00,+3.9639770059430E+00,+282.7208054114E-03
+71.5781E-09,+4.2453597379799E+00,+3.9544070976802E+00,+290.8442260007E-03
+71.8438E-09,+4.2443990522083E+00,+3.9446709168799E+00,+299.5919285542E-03
+72.1094E-09,+4.2434753158895E+00,+3.9350825338907E+00,+308.2543254977E-03
+72.3750E-09,+4.2423668323069E+00,+3.9263994124939E+00,+315.8387697329E-03
+72.6406E-09,+4.2414246212618E+00,+3.9194344406501E+00,+321.8605702939E-03
+72.9063E-09,+4.2401868145945E+00,+3.9140582952746E+00,+326.0017699069E-03
+73.1719E-09,+4.2386164628526E+00,+3.9099384312927E+00,+328.5454280963E-03
+73.4375E-09,+4.2370461111106E+00,+3.9069270508934E+00,+329.9878684109E-03
+73.7031E-09,+4.2353279615576E+00,+3.9047100837283E+00,+330.5113346541E-03
+73.9688E-09,+4.2334435394672E+00,+3.9029734594489E+00,+330.3562335450E-03
+74.2344E-09,+4.2315591173769E+00,+3.9012553098959E+00,+330.1817447973E-03
+74.5000E-09,+4.2296746952865E+00,+3.8995186856166E+00,+330.0266436882E-03
+74.7656E-09,+4.2274946775741E+00,+3.8979483338746E+00,+329.4178718350E-03
+75.0313E-09,+4.2251299125980E+00,+3.8965257799436E+00,+328.4640000140E-03
+75.2969E-09,+4.2227836223482E+00,+3.8957128919831E+00,+326.9168664507E-03
+75.5625E-09,+4.2202710595610E+00,+3.8955466194457E+00,+324.5864722864E-03
+75.8281E-09,+4.2179062945849E+00,+3.8958422150677E+00,+321.9264882652E-03
+76.0938E-09,+4.2157078021461E+00,+3.8966181535755E+00,+318.9679346091E-03
+76.3594E-09,+4.2135093097073E+00,+3.8977081624317E+00,+315.6836686238E-03
+76.6250E-09,+4.2116064128906E+00,+3.8989644438253E+00,+312.5002183594E-03
+76.8906E-09,+4.2098882633376E+00,+3.9002207252188E+00,+309.5416647032E-03
+77.1563E-09,+4.2081516390583E+00,+3.9014770066124E+00,+306.5676009362E-03
+77.4219E-09,+4.2065812873163E+00,+3.9030288836280E+00,+303.4539461709E-03
+77.6875E-09,+4.2051587333853E+00,+3.9047655079074E+00,+300.3053936561E-03
+77.9531E-09,+4.2040502498027E+00,+3.9064836574604E+00,+297.4709208872E-03
+78.2188E-09,+4.2032558365686E+00,+3.9083680795507E+00,+294.7915492274E-03
+78.4844E-09,+4.2027754936828E+00,+3.9106958950741E+00,+291.9764640972E-03
+78.7500E-09,+4.2026092211454E+00,+3.9136703260207E+00,+288.8124014714E-03
+79.0156E-09,+4.2027570189564E+00,+3.9169588273157E+00,+285.6793590675E-03
+79.2813E-09,+4.2030710893048E+00,+3.9207091967700E+00,+282.2710121950E-03
+79.5469E-09,+4.2035329574642E+00,+3.9249399091102E+00,+278.5136878269E-03
+79.8125E-09,+4.2041610981610E+00,+3.9297802874207E+00,+274.2910601316E-03
+80.0781E-09,+4.2049370366688E+00,+3.9354150789655E+00,+269.4208853057E-03
+80.3438E-09,+4.2057314499030E+00,+3.9416780112070E+00,+263.9458161543E-03
+80.6094E-09,+4.2065073884108E+00,+3.9484212863343E+00,+257.9783009815E-03
+80.8750E-09,+4.2074495994560E+00,+3.9553308339990E+00,+252.0456835583E-03
+81.1406E-09,+4.2085396083122E+00,+3.9620925838527E+00,+246.3922481314E-03
+81.4063E-09,+4.2096480918947E+00,+3.9683924655469E+00,+241.1769733378E-03
+81.6719E-09,+4.2107381007509E+00,+3.9742120043554E+00,+236.4425119824E-03
+81.9375E-09,+4.2121421799555E+00,+3.9794218771935E+00,+232.6502898648E-03
+82.2031E-09,+4.2138603295085E+00,+3.9836895389864E+00,+230.1066316755E-03
+82.4688E-09,+4.2158925494099E+00,+3.9873105853562E+00,+228.5401104735E-03
+82.7344E-09,+4.2180910418486E+00,+3.9906175613775E+00,+227.4117499048E-03
+83.0000E-09,+4.2204373320984E+00,+3.9937582648614E+00,+226.6091016652E-03
+83.2656E-09,+4.2230976926966E+00,+3.9970467661564E+00,+225.9848197010E-03
+83.5313E-09,+4.2259243258321E+00,+4.0005015399887E+00,+225.3566602091E-03
+83.7969E-09,+4.2287509589677E+00,+4.0045475050651E+00,+224.1429940304E-03
+84.0625E-09,+4.2315775921032E+00,+4.0094063581021E+00,+222.1072919734E-03
+84.3281E-09,+4.2345520230498E+00,+4.0145792814874E+00,+219.9009786964E-03
+84.5938E-09,+4.2378405243448E+00,+4.0202140730321E+00,+217.5356867825E-03
+84.8594E-09,+4.2411475003661E+00,+4.0264770052737E+00,+214.5965207650E-03
+85.1250E-09,+4.2444360016611E+00,+4.0327768869679E+00,+211.6030693593E-03
+85.3906E-09,+4.2477429776824E+00,+4.0385964257764E+00,+209.0981864473E-03
+85.6563E-09,+4.2507358833553E+00,+4.0441018942365E+00,+206.5933035352E-03
+85.9219E-09,+4.2532669208689E+00,+4.0491454945372E+00,+204.0884206232E-03
+86.1875E-09,+4.2553176154966E+00,+4.0534131563301E+00,+201.8627197076E-03
+86.4531E-09,+4.2573498353980E+00,+4.0570342026998E+00,+200.2613007561E-03
+86.7188E-09,+4.2591049344038E+00,+4.0601933809102E+00,+198.8537581909E-03
+86.9844E-09,+4.2602134179863E+00,+4.0628722162347E+00,+197.2717268781E-03
+87.2500E-09,+4.2613034268425E+00,+4.0652369812109E+00,+195.9998977834E-03
+87.5156E-09,+4.2622641126141E+00,+4.0671398780276E+00,+195.0770461842E-03
+87.7813E-09,+4.2627444554999E+00,+4.0688580275806E+00,+193.8439923669E-03
+88.0469E-09,+4.2632063236593E+00,+4.0707424496710E+00,+192.4170621631E-03
+88.3125E-09,+4.2636866665450E+00,+4.0724790739503E+00,+191.1646207071E-03
+88.5781E-09,+4.2640007368934E+00,+4.0739016278813E+00,+190.0672803602E-03
+88.8438E-09,+4.2643148072418E+00,+4.0750101114639E+00,+189.2685096483E-03
+89.1094E-09,+4.2646288775902E+00,+4.0759523225091E+00,+188.6403501564E-03
+89.3750E-09,+4.2649429479386E+00,+4.0767467357432E+00,+188.1711693014E-03
+89.6406E-09,+4.2652570182870E+00,+4.0772270786290E+00,+187.9966805536E-03
+89.9063E-09,+4.2654232908244E+00,+4.0773933511664E+00,+187.9966805536E-03
+90.1719E-09,+4.2654232908244E+00,+4.0773933511664E+00,+187.9966805536E-03
+90.4375E-09,+4.2654232908244E+00,+4.0770977555444E+00,+188.2758625500E-03
+90.7031E-09,+4.2652754930134E+00,+4.0763218170366E+00,+188.9001445142E-03
+90.9688E-09,+4.2649614226650E+00,+4.0753796059914E+00,+189.5283040060E-03
+91.2344E-09,+4.2646473523166E+00,+4.0744373949462E+00,+190.1525859702E-03
+91.5000E-09,+4.2643332819682E+00,+4.0733473860900E+00,+190.9358465712E-03
+91.7656E-09,+4.2640192116198E+00,+4.0719433068854E+00,+192.0137992794E-03
+92.0313E-09,+4.2637051412714E+00,+4.0703729551434E+00,+193.2662407354E-03
+92.2969E-09,+4.2633910709230E+00,+4.0688026034015E+00,+194.5186821915E-03
+92.5625E-09,+4.2630770005746E+00,+4.0669366560375E+00,+196.0813258657E-03
+92.8281E-09,+4.2627629302262E+00,+4.0645903657877E+00,+198.1170279227E-03
+93.0938E-09,+4.2624488598778E+00,+4.0619300051895E+00,+200.4474220870E-03
+93.3594E-09,+4.2619869917184E+00,+4.0588077764320E+00,+203.1074061081E-03
+93.6250E-09,+4.2616544466437E+00,+4.0550574069776E+00,+206.5312630916E-03
+93.8906E-09,+4.2613588510216E+00,+4.0508266946375E+00,+210.4630762074E-03
+94.1563E-09,+4.2608785081359E+00,+4.0459863163269E+00,+214.8097847900E-03
+94.4219E-09,+4.2604166399765E+00,+4.0406471204042E+00,+219.6954697268E-03
+94.6875E-09,+4.2597884992797E+00,+4.0351601266705E+00,+224.5656445527E-03
+94.9531E-09,+4.2591603585829E+00,+4.0296546582104E+00,+229.4203092677E-03
+95.2188E-09,+4.2585322178861E+00,+4.0244632600986E+00,+233.9764043476E-03
+95.4844E-09,+4.2579040771893E+00,+4.0192903367133E+00,+238.5480095385E-03
+95.7500E-09,+4.2571281386815E+00,+4.0143945342236E+00,+242.6736990406E-03
+96.0156E-09,+4.2561859276363E+00,+4.0098497515351E+00,+246.2565346609E-03
+96.2813E-09,+4.2550959187801E+00,+4.0055820897422E+00,+249.4244748144E-03
+96.5469E-09,+4.2539874351976E+00,+4.0021088411835E+00,+251.7742566173E-03
+96.8125E-09,+4.2528974263414E+00,+3.9989681376995E+00,+253.8254687852E-03
+97.0781E-09,+4.2516411449478E+00,+3.9962708276486E+00,+255.2717866276E-03
+97.3438E-09,+4.2502370657432E+00,+3.9942201330208E+00,+255.9154562304E-03
+97.6094E-09,+4.2486667140012E+00,+3.9923357109305E+00,+256.2450460873E-03
+97.8750E-09,+4.2472441600702E+00,+3.9905990866511E+00,+256.5746359441E-03
+98.1406E-09,+4.2458400808657E+00,+3.9891765327201E+00,+256.5940235827E-03
+98.4063E-09,+4.2444175269347E+00,+3.9879202513266E+00,+256.4195348350E-03
+98.6719E-09,+4.2431612455411E+00,+3.9866639699330E+00,+256.4195348350E-03
+98.9375E-09,+4.2419049641475E+00,+3.9857032841614E+00,+256.1093326168E-03
+99.2031E-09,+4.2406486827540E+00,+3.9849273456536E+00,+255.6362742340E-03
+99.4688E-09,+4.2392446035494E+00,+3.9842807302305E+00,+254.8762787994E-03
+99.7344E-09,+4.2376742518074E+00,+3.9839666598821E+00,+253.5889395938E-03
+100.0000E-09,+4.2359561022544E+00,+3.9836525895337E+00,+252.2124172505E-03
+100.2656E-09,+4.2339238823530E+00,+3.9831907213743E+00,+250.6652836872E-03
+100.5313E-09,+4.2317253899143E+00,+3.9828581762995E+00,+248.7730501562E-03
+100.7969E-09,+4.2296746952865E+00,+3.9830059741105E+00,+246.5628593514E-03
+101.0625E-09,+4.2276424753851E+00,+3.9833200444589E+00,+244.2324651871E-03
+101.3281E-09,+4.2258873763794E+00,+3.9834863169963E+00,+242.3169664897E-03
+101.5938E-09,+4.2246310949858E+00,+3.9837819126183E+00,+240.7543228155E-03
+101.8594E-09,+4.2235226114032E+00,+3.9842622555041E+00,+239.1529038640E-03
+102.1250E-09,+4.2225804003580E+00,+3.9845763258525E+00,+237.9004624079E-03
+102.3906E-09,+4.2216381893129E+00,+3.9848903962009E+00,+236.6480209519E-03
+102.6563E-09,+4.2208437760787E+00,+3.9850566687383E+00,+235.7057817141E-03
+102.9219E-09,+4.2202156353819E+00,+3.9852044665493E+00,+234.9574188627E-03
+103.1875E-09,+4.2195874946851E+00,+3.9855185368977E+00,+234.0035470417E-03
+103.4531E-09,+4.2191071517993E+00,+3.9858326072461E+00,+233.2008988021E-03
+103.7188E-09,+4.2189408792619E+00,+3.9861466775945E+00,+232.7317179470E-03
+103.9844E-09,+4.2189408792619E+00,+3.9866085457539E+00,+232.2470269811E-03
+104.2500E-09,+4.2189408792619E+00,+3.9872366864506E+00,+231.6188674892E-03
+104.5156E-09,+4.2189408792619E+00,+3.9880126249584E+00,+230.8705046378E-03
+104.7813E-09,+4.2189408792619E+00,+3.9889548360036E+00,+229.9166328168E-03
+105.0469E-09,+4.2189408792619E+00,+3.9898970470488E+00,+228.9588834681E-03
+105.3125E-09,+4.2189408792619E+00,+3.9908392580940E+00,+228.0360318689E-03
+105.5781E-09,+4.2186452836399E+00,+3.9917814691392E+00,+226.8029780515E-03
+105.8438E-09,+4.2184605363762E+00,+3.9927236801844E+00,+225.6552298442E-03
+106.1094E-09,+4.2187746067246E+00,+3.9936658912296E+00,+225.0270703523E-03
+106.3750E-09,+4.2192364748840E+00,+3.9946081022747E+00,+224.5578894972E-03
+106.6406E-09,+4.2198646155807E+00,+3.9956981111309E+00,+224.1042187531E-03
+106.9063E-09,+4.2206405540885E+00,+3.9969543925245E+00,+223.6350378981E-03
+107.1719E-09,+4.2217305629447E+00,+3.9985062695401E+00,+223.1503469321E-03
+107.4375E-09,+4.2228390465273E+00,+4.0003906916305E+00,+222.3670863311E-03
+107.7031E-09,+4.2237812575725E+00,+4.0021273159098E+00,+221.5993358411E-03
+107.9688E-09,+4.2247234686177E+00,+4.0035498698408E+00,+221.1301549860E-03
+108.2344E-09,+4.2256656796629E+00,+4.0049539490454E+00,+220.6454640201E-03
+108.5000E-09,+4.2267556885191E+00,+4.0065243007874E+00,+220.1413854155E-03
+108.7656E-09,+4.2278641721016E+00,+4.0080946525294E+00,+219.6877146714E-03
+109.0313E-09,+4.2291019787688E+00,+4.0095172064603E+00,+219.5287360345E-03
+109.2969E-09,+4.2303767348888E+00,+4.0110690834759E+00,+219.2379214550E-03
+109.5625E-09,+4.2313189459340E+00,+4.0128057077553E+00,+218.4352732154E-03
+109.8281E-09,+4.2324089547902E+00,+4.0146716551193E+00,+217.6869103639E-03
+110.0938E-09,+4.2335174383727E+00,+4.0168701475580E+00,+216.6089576556E-03
+110.3594E-09,+4.2343118516069E+00,+4.0190686399968E+00,+215.2014150905E-03
+110.6250E-09,+4.2350877901147E+00,+4.0212671324356E+00,+213.7744848868E-03
+110.8906E-09,+4.2360300011599E+00,+4.0233178270633E+00,+212.6461243180E-03
+111.1563E-09,+4.2369722122051E+00,+4.0250544513427E+00,+211.8434760784E-03
+111.4219E-09,+4.2377666254393E+00,+4.0266248030847E+00,+211.0951132270E-03
+111.6875E-09,+4.2385425639471E+00,+4.0280473570156E+00,+210.4514436242E-03
+111.9531E-09,+4.2394847749923E+00,+4.0293036384092E+00,+210.1218537674E-03
+112.2188E-09,+4.2404269860374E+00,+4.0304121219918E+00,+209.9473650196E-03
+112.4844E-09,+4.2412213992716E+00,+4.0313543330370E+00,+209.7922639105E-03
+112.7500E-09,+4.2419973377794E+00,+4.0324443418932E+00,+209.4936942755E-03
+113.0156E-09,+4.2426439532026E+00,+4.0334050276647E+00,+209.1990021682E-03
+113.2813E-09,+4.2431058213620E+00,+4.0340331683615E+00,+209.0245134204E-03
+113.5469E-09,+4.2437339620588E+00,+4.0345135112473E+00,+209.1796145296E-03
+113.8125E-09,+4.2445099005666E+00,+4.0349753794067E+00,+209.4781841646E-03
+114.0781E-09,+4.2451565159897E+00,+4.0354557222925E+00,+209.6177751628E-03
+114.3438E-09,+4.2456183841491E+00,+4.0359175904519E+00,+209.6177751628E-03
+114.6094E-09,+4.2460987270349E+00,+4.0365457311487E+00,+209.4936942755E-03
+114.8750E-09,+4.2464127973833E+00,+4.0370260740344E+00,+209.3541032773E-03
+115.1406E-09,+4.2467268677317E+00,+4.0376357400049E+00,+209.0439010591E-03
+115.4063E-09,+4.2470409380801E+00,+4.0385779510500E+00,+208.4157415672E-03
+115.6719E-09,+4.2475028062395E+00,+4.0393723642842E+00,+208.1016618213E-03
+115.9375E-09,+4.2481309469363E+00,+4.0398527071700E+00,+208.2257427086E-03
+116.2031E-09,+4.2487590876331E+00,+4.0398711818964E+00,+208.8306370341E-03
+116.4688E-09,+4.2492394305189E+00,+4.0392615159260E+00,+209.9434874919E-03
+116.7344E-09,+4.2495535008673E+00,+4.0383193048808E+00,+211.1959289479E-03
