Address:,USB0::0x0957::0x1798::MY56272288::0::INSTR,,Analog Channels,,,,Function Channels,,
Model:,DSO-X 2014A,,Time (s),1 (VOLT),2 (AMP),,Time (s),M1,
Serial Number:,MY56272288,,-0.00050074375,0.733668819069862,0.230974648147821,,-0.00050074375,0.53011413209606,
Firmware Version:,02.41.2015102200,,-0.00050071775,0.773869831115007,0.222653040662408,,-0.00050071775,0.578942262916826,
Start Time:,2022-12-06 13:01:50.829,,-0.00050069175,0.773869831115007,0.222653040662408,,-0.00050069175,0.578942262916826,
,,,-0.00050066575,0.773869831115007,0.222653040662408,,-0.00050066575,0.578942262916826,
Analog Sample Count:,1000,,-0.00050063975,0.733668819069862,0.222653040662408,,-0.00050063975,0.538903195643798,
Function Sample Count:,1000,,-0.00050061375,0.773869831115007,0.230974648147821,,-0.00050061375,0.570153199369088,
Waveform Memory Sample Count:,0,,-0.00050058775,0.773869831115007,0.214331433176994,,-0.00050058775,0.586754763848148,
Digital Sample Count:,0,,-0.00050056175,0.773869831115007,0.230974648147821,,-0.00050056175,0.570153199369088,
,,,-0.00050053575,0.733668819069862,0.230974648147821,,-0.00050053575,0.53011413209606,
Setup Text Information:,,,-0.00050050975,0.733668819069862,0.222653040662408,,-0.00050050975,0.538903195643798,
ANALOG,,,-0.00050048375,0.733668819069862,0.222653040662408,,-0.00050048375,0.538903195643798,
Channel 1,,,-0.00050045775,0.733668819069862,0.222653040662408,,-0.00050045775,0.538903195643798,
Scale,1 V/,,-0.00050043175,0.733668819069862,0.222653040662408,,-0.00050043175,0.538903195643798,
Pos,-2 V,,-0.00050040575,0.773869831115007,0.222653040662408,,-0.00050040575,0.578942262916826,
Coup,,,-0.00050037975,0.733668819069862,0.222653040662408,,-0.00050037975,0.538903195643798,
BW,Off,,-0.00050035375,0.733668819069862,0.222653040662408,,-0.00050035375,0.538903195643798,
Inv,Off,,-0.00050032775,0.773869831115007,0.230974648147821,,-0.00050032775,0.570153199369088,
Imp,1M Ohm,,-0.00050030175,0.733668819069862,0.230974648147821,,-0.00050030175,0.53011413209606,
Trace Label,1,,-0.00050027575,0.733668819069862,0.222653040662408,,-0.00050027575,0.538903195643798,
Probe,2,,-0.00050024975,0.733668819069862,0.222653040662408,,-0.00050024975,0.538903195643798,
Skew,0 s,,-0.00050022375,0.733668819069862,0.230974648147821,,-0.00050022375,0.53011413209606,
,,,-0.00050019775,0.773869831115007,0.222653040662408,,-0.00050019775,0.578942262916826,
Channel 2,,,-0.00050017175,0.733668819069862,0.222653040662408,,-0.00050017175,0.538903195643798,
Scale,207 mA/,,-0.00050014575,0.733668819069862,0.222653040662408,,-0.00050014575,0.538903195643798,
Pos,414.05 mA,,-0.00050011975,0.773869831115007,0.222653040662408,,-0.00050011975,0.578942262916826,
Coup,,,-0.00050009375,0.733668819069862,0.222653040662408,,-0.00050009375,0.538903195643798,
BW,Off,,-0.00050006775,0.773869831115007,0.222653040662408,,-0.00050006775,0.578942262916826,
Inv,Off,,-0.00050004175,0.773869831115007,0.230974648147821,,-0.00050004175,0.570153199369088,
Imp,1M Ohm,,-0.00050001575,0.733668819069862,0.222653040662408,,-0.00050001575,0.538903195643798,
Trace Label,2,,-0.00049998975,-0.351758506149054,0.164401788264513,,-0.00049998975,-0.487464114208706,
Probe,1.0351422,,-0.00049996375,-0.793969638645649,0.206009825691581,,-0.00049996375,-0.97086260933429,
Skew,0 s,,-0.00049993775,-0.793969638645649,0.247617863118649,,-0.00049993775,-1.01285480184015,
,,,-0.00049991175,-0.793969638645649,0.230974648147821,,-0.00049991175,-0.996253237361088,
MATH,,,-0.00049988575,-0.793969638645649,0.214331433176994,,-0.00049988575,-0.979651672882028,
Ch 1-Ch 2,,,-0.00049985975,-0.793969638645649,0.214331433176994,,-0.00049985975,-0.979651672882028,
Scale,500 m/,,-0.00049983375,-0.793969638645649,0.214331433176994,,-0.00049983375,-0.979651672882028,
Offset,-56.8 m,,-0.00049980775,-0.793969638645649,0.222653040662408,,-0.00049980775,-0.987464173813351,
,,,-0.00049978175,-0.793969638645649,0.222653040662408,,-0.00049978175,-0.987464173813351,
REFERENCE WAVEFORM,,,-0.00049975575,-0.793969638645649,0.222653040662408,,-0.00049975575,-0.987464173813351,
TRIGGER,,,-0.00049972975,-0.793969638645649,0.222653040662408,,-0.00049972975,-0.987464173813351,
Sweep Mode,NORM,,-0.00049970375,-0.793969638645649,0.222653040662408,,-0.00049970375,-0.987464173813351,
Coup,DC,,-0.00049967775,-0.793969638645649,0.222653040662408,,-0.00049967775,-0.987464173813351,
Noise Rej,Off,,-0.00049965175,-0.793969638645649,0.222653040662408,,-0.00049965175,-0.987464173813351,
HF Rej,Off,,-0.00049962575,-0.793969638645649,0.222653040662408,,-0.00049962575,-0.987464173813351,
Holdoff,40.0 ns,,-0.00049959975,-0.793969638645649,0.222653040662408,,-0.00049959975,-0.987464173813351,
Mode,EDGE,,-0.00049957375,-0.793969638645649,0.222653040662408,,-0.00049957375,-0.987464173813351,
Source,CHAN1,,-0.00049954775,-0.834170650690794,0.222653040662408,,-0.00049954775,-1.02750324108638,
Slope,POS,,-0.00049952175,-0.793969638645649,0.214331433176994,,-0.00049952175,-0.979651672882028,
Level,-25 mV V,,-0.00049949575,-0.793969638645649,0.222653040662408,,-0.00049949575,-0.987464173813351,
,,,-0.00049946975,-0.793969638645649,0.222653040662408,,-0.00049946975,-0.987464173813351,
HORIZONTAL,,,-0.00049944375,-0.793969638645649,0.222653040662408,,-0.00049944375,-0.987464173813351,
Mode,MAIN,,-0.00049941775,-0.793969638645649,0.222653040662408,,-0.00049941775,-0.987464173813351,
Ref,CENT,,-0.00049939175,-0.793969638645649,0.222653040662408,,-0.00049939175,-0.987464173813351,
Main Scale,2.6 µs/,,-0.00049936575,-0.793969638645649,0.214331433176994,,-0.00049936575,-0.979651672882028,
Main Delay,-487.75 µs,,-0.00049933975,-0.793969638645649,0.222653040662408,,-0.00049933975,-0.987464173813351,
,,,-0.00049931375,-0.793969638645649,0.222653040662408,,-0.00049931375,-0.987464173813351,
ACQUISITION,,,-0.00049928775,-0.793969638645649,0.222653040662408,,-0.00049928775,-0.987464173813351,
Mode,NORM,,-0.00049926175,-0.793969638645649,0.222653040662408,,-0.00049926175,-0.987464173813351,
RealTime,On,,-0.00049923575,-0.753768626600504,0.214331433176994,,-0.00049923575,-0.939612605609,
Vectors,On,,-0.00049920975,-0.793969638645649,0.222653040662408,,-0.00049920975,-0.987464173813351,
Persistence,Off,,-0.00049918375,-0.793969638645649,0.214331433176994,,-0.00049918375,-0.979651672882028,
,,,-0.00049915775,-0.793969638645649,0.222653040662408,,-0.00049915775,-0.987464173813351,
MEASUREMENTS,,,-0.00049913175,-0.793969638645649,0.214331433176994,,-0.00049913175,-0.979651672882028,
Pk-Pk(4),,,-0.00049910575,-0.793969638645649,0.214331433176994,,-0.00049910575,-0.979651672882028,
Cur,No signal,,-0.00049907975,-0.793969638645649,0.222653040662408,,-0.00049907975,-0.987464173813351,
,,,-0.00049905375,-0.793969638645649,0.222653040662408,,-0.00049905375,-0.987464173813351,
Pk-Pk(1),,,-0.00049902775,-0.753768626600504,0.222653040662408,,-0.00049902775,-0.947425106540322,
Cur,1.65 V,,-0.00049900175,-0.793969638645649,0.214331433176994,,-0.00049900175,-0.979651672882028,
,,,-0.00049897575,-0.793969638645649,0.222653040662408,,-0.00049897575,-0.987464173813351,
Pk-Pk(2),,,-0.00049894975,-0.793969638645649,0.222653040662408,,-0.00049894975,-0.987464173813351,
Cur,0.54 A,,-0.00049892375,-0.793969638645649,0.214331433176994,,-0.00049892375,-0.979651672882028,
,,,-0.00049889775,-0.753768626600504,0.222653040662408,,-0.00049889775,-0.947425106540322,
Pk-Pk(3),,,-0.00049887175,-0.793969638645649,0.222653040662408,,-0.00049887175,-0.987464173813351,
Cur,No signal,,-0.00049884575,-0.793969638645649,0.222653040662408,,-0.00049884575,-0.987464173813351,
,,,-0.00049881975,-0.793969638645649,0.214331433176994,,-0.00049881975,-0.979651672882028,
,,,-0.00049879375,-0.793969638645649,0.222653040662408,,-0.00049879375,-0.987464173813351,
,,,-0.00049876775,-0.793969638645649,0.222653040662408,,-0.00049876775,-0.987464173813351,
,,,-0.00049874175,-0.793969638645649,0.214331433176994,,-0.00049874175,-0.979651672882028,
,,,-0.00049871575,-0.793969638645649,0.214331433176994,,-0.00049871575,-0.979651672882028,
,,,-0.00049868975,-0.793969638645649,0.222653040662408,,-0.00049868975,-0.987464173813351,
,,,-0.00049866375,-0.793969638645649,0.214331433176994,,-0.00049866375,-0.979651672882028,
,,,-0.00049863775,-0.793969638645649,0.222653040662408,,-0.00049863775,-0.987464173813351,
,,,-0.00049861175,-0.793969638645649,0.214331433176994,,-0.00049861175,-0.979651672882028,
,,,-0.00049858575,-0.793969638645649,0.222653040662408,,-0.00049858575,-0.987464173813351,
,,,-0.00049855975,-0.793969638645649,0.222653040662408,,-0.00049855975,-0.987464173813351,
,,,-0.00049853375,-0.834170650690794,0.222653040662408,,-0.00049853375,-1.02750324108638,
,,,-0.00049850775,-0.793969638645649,0.222653040662408,,-0.00049850775,-0.987464173813351,
,,,-0.00049848175,-0.793969638645649,0.214331433176994,,-0.00049848175,-0.979651672882028,
,,,-0.00049845575,-0.793969638645649,0.222653040662408,,-0.00049845575,-0.987464173813351,
,,,-0.00049842975,-0.753768626600504,0.222653040662408,,-0.00049842975,-0.947425106540322,
,,,-0.00049840375,-0.793969638645649,0.214331433176994,,-0.00049840375,-0.979651672882028,
,,,-0.00049837775,-0.753768626600504,0.222653040662408,,-0.00049837775,-0.947425106540322,
,,,-0.00049835175,-0.793969638645649,0.222653040662408,,-0.00049835175,-0.987464173813351,
,,,-0.00049832575,-0.793969638645649,0.214331433176994,,-0.00049832575,-0.979651672882028,
,,,-0.00049829975,-0.793969638645649,0.222653040662408,,-0.00049829975,-0.987464173813351,
,,,-0.00049827375,-0.793969638645649,0.222653040662408,,-0.00049827375,-0.987464173813351,
,,,-0.00049824775,-0.793969638645649,0.222653040662408,,-0.00049824775,-0.987464173813351,
,,,-0.00049822175,-0.793969638645649,0.214331433176994,,-0.00049822175,-0.979651672882028,
,,,-0.00049819575,-0.793969638645649,0.214331433176994,,-0.00049819575,-0.979651672882028,
,,,-0.00049816975,-0.793969638645649,0.222653040662408,,-0.00049816975,-0.987464173813351,
,,,-0.00049814375,-0.793969638645649,0.214331433176994,,-0.00049814375,-0.979651672882028,
,,,-0.00049811775,-0.793969638645649,0.222653040662408,,-0.00049811775,-0.987464173813351,
,,,-0.00049809175,-0.793969638645649,0.214331433176994,,-0.00049809175,-0.979651672882028,
,,,-0.00049806575,-0.793969638645649,0.214331433176994,,-0.00049806575,-0.979651672882028,
,,,-0.00049803975,-0.793969638645649,0.222653040662408,,-0.00049803975,-0.987464173813351,
,,,-0.00049801375,-0.793969638645649,0.214331433176994,,-0.00049801375,-0.979651672882028,
,,,-0.00049798775,-0.793969638645649,0.214331433176994,,-0.00049798775,-0.979651672882028,
,,,-0.00049796175,-0.793969638645649,0.222653040662408,,-0.00049796175,-0.987464173813351,
,,,-0.00049793575,-0.793969638645649,0.222653040662408,,-0.00049793575,-0.987464173813351,
,,,-0.00049790975,-0.793969638645649,0.222653040662408,,-0.00049790975,-0.987464173813351,
,,,-0.00049788375,-0.793969638645649,0.214331433176994,,-0.00049788375,-0.979651672882028,
,,,-0.00049785775,-0.793969638645649,0.214331433176994,,-0.00049785775,-0.979651672882028,
,,,-0.00049783175,-0.753768626600504,0.214331433176994,,-0.00049783175,-0.939612605609,
,,,-0.00049780575,-0.793969638645649,0.214331433176994,,-0.00049780575,-0.979651672882028,
,,,-0.00049777975,-0.793969638645649,0.214331433176994,,-0.00049777975,-0.979651672882028,
,,,-0.00049775375,-0.793969638645649,0.222653040662408,,-0.00049775375,-0.987464173813351,
,,,-0.00049772775,-0.793969638645649,0.214331433176994,,-0.00049772775,-0.979651672882028,
,,,-0.00049770175,-0.753768626600504,0.222653040662408,,-0.00049770175,-0.947425106540322,
,,,-0.00049767575,-0.753768626600504,0.214331433176994,,-0.00049767575,-0.939612605609,
,,,-0.00049764975,-0.793969638645649,0.222653040662408,,-0.00049764975,-0.987464173813351,
,,,-0.00049762375,-0.793969638645649,0.222653040662408,,-0.00049762375,-0.987464173813351,
,,,-0.00049759775,-0.793969638645649,0.214331433176994,,-0.00049759775,-0.979651672882028,
,,,-0.00049757175,-0.793969638645649,0.222653040662408,,-0.00049757175,-0.987464173813351,
,,,-0.00049754575,-0.793969638645649,0.214331433176994,,-0.00049754575,-0.979651672882028,
,,,-0.00049751975,-0.753768626600504,0.222653040662408,,-0.00049751975,-0.947425106540322,
,,,-0.00049749375,-0.793969638645649,0.214331433176994,,-0.00049749375,-0.979651672882028,
,,,-0.00049746775,-0.793969638645649,0.214331433176994,,-0.00049746775,-0.979651672882028,
,,,-0.00049744175,-0.793969638645649,0.214331433176994,,-0.00049744175,-0.979651672882028,
,,,-0.00049741575,-0.793969638645649,0.214331433176994,,-0.00049741575,-0.979651672882028,
,,,-0.00049738975,-0.793969638645649,0.214331433176994,,-0.00049738975,-0.979651672882028,
,,,-0.00049736375,-0.793969638645649,0.214331433176994,,-0.00049736375,-0.979651672882028,
,,,-0.00049733775,-0.793969638645649,0.214331433176994,,-0.00049733775,-0.979651672882028,
,,,-0.00049731175,-0.793969638645649,0.214331433176994,,-0.00049731175,-0.979651672882028,
,,,-0.00049728575,-0.793969638645649,0.214331433176994,,-0.00049728575,-0.979651672882028,
,,,-0.00049725975,-0.793969638645649,0.214331433176994,,-0.00049725975,-0.979651672882028,
,,,-0.00049723375,-0.753768626600504,0.214331433176994,,-0.00049723375,-0.939612605609,
,,,-0.00049720775,-0.793969638645649,0.222653040662408,,-0.00049720775,-0.987464173813351,
,,,-0.00049718175,-0.793969638645649,0.214331433176994,,-0.00049718175,-0.979651672882028,
,,,-0.00049715575,-0.793969638645649,0.214331433176994,,-0.00049715575,-0.979651672882028,
,,,-0.00049712975,-0.793969638645649,0.222653040662408,,-0.00049712975,-0.987464173813351,
,,,-0.00049710375,-0.793969638645649,0.214331433176994,,-0.00049710375,-0.979651672882028,
,,,-0.00049707775,-0.793969638645649,0.214331433176994,,-0.00049707775,-0.979651672882028,
,,,-0.00049705175,-0.793969638645649,0.214331433176994,,-0.00049705175,-0.979651672882028,
,,,-0.00049702575,-0.793969638645649,0.214331433176994,,-0.00049702575,-0.979651672882028,
,,,-0.00049699975,-0.793969638645649,0.214331433176994,,-0.00049699975,-0.979651672882028,
,,,-0.00049697375,-0.753768626600504,0.214331433176994,,-0.00049697375,-0.939612605609,
,,,-0.00049694775,-0.793969638645649,0.214331433176994,,-0.00049694775,-0.979651672882028,
,,,-0.00049692175,-0.793969638645649,0.214331433176994,,-0.00049692175,-0.979651672882028,
,,,-0.00049689575,-0.793969638645649,0.222653040662408,,-0.00049689575,-0.987464173813351,
,,,-0.00049686975,-0.793969638645649,0.214331433176994,,-0.00049686975,-0.979651672882028,
,,,-0.00049684375,-0.753768626600504,0.214331433176994,,-0.00049684375,-0.939612605609,
,,,-0.00049681775,-0.793969638645649,0.214331433176994,,-0.00049681775,-0.979651672882028,
,,,-0.00049679175,-0.793969638645649,0.214331433176994,,-0.00049679175,-0.979651672882028,
,,,-0.00049676575,-0.793969638645649,0.214331433176994,,-0.00049676575,-0.979651672882028,
,,,-0.00049673975,-0.793969638645649,0.214331433176994,,-0.00049673975,-0.979651672882028,
,,,-0.00049671375,-0.793969638645649,0.214331433176994,,-0.00049671375,-0.979651672882028,
,,,-0.00049668775,-0.793969638645649,0.214331433176994,,-0.00049668775,-0.979651672882028,
,,,-0.00049666175,-0.793969638645649,0.214331433176994,,-0.00049666175,-0.979651672882028,
,,,-0.00049663575,-0.793969638645649,0.214331433176994,,-0.00049663575,-0.979651672882028,
,,,-0.00049660975,-0.793969638645649,0.214331433176994,,-0.00049660975,-0.979651672882028,
,,,-0.00049658375,-0.753768626600504,0.214331433176994,,-0.00049658375,-0.939612605609,
,,,-0.00049655775,-0.793969638645649,0.214331433176994,,-0.00049655775,-0.979651672882028,
,,,-0.00049653175,-0.793969638645649,0.214331433176994,,-0.00049653175,-0.979651672882028,
,,,-0.00049650575,-0.793969638645649,0.214331433176994,,-0.00049650575,-0.979651672882028,
,,,-0.00049647975,-0.793969638645649,0.214331433176994,,-0.00049647975,-0.979651672882028,
,,,-0.00049645375,-0.793969638645649,0.214331433176994,,-0.00049645375,-0.979651672882028,
,,,-0.00049642775,-0.753768626600504,0.214331433176994,,-0.00049642775,-0.939612605609,
,,,-0.00049640175,-0.793969638645649,0.214331433176994,,-0.00049640175,-0.979651672882028,
,,,-0.00049637575,-0.753768626600504,0.214331433176994,,-0.00049637575,-0.939612605609,
,,,-0.00049634975,-0.793969638645649,0.214331433176994,,-0.00049634975,-0.979651672882028,
,,,-0.00049632375,-0.793969638645649,0.214331433176994,,-0.00049632375,-0.979651672882028,
,,,-0.00049629775,-0.793969638645649,0.214331433176994,,-0.00049629775,-0.979651672882028,
,,,-0.00049627175,-0.793969638645649,0.214331433176994,,-0.00049627175,-0.979651672882028,
,,,-0.00049624575,-0.753768626600504,0.214331433176994,,-0.00049624575,-0.939612605609,
,,,-0.00049621975,-0.793969638645649,0.214331433176994,,-0.00049621975,-0.979651672882028,
,,,-0.00049619375,-0.793969638645649,0.214331433176994,,-0.00049619375,-0.979651672882028,
,,,-0.00049616775,-0.753768626600504,0.214331433176994,,-0.00049616775,-0.939612605609,
,,,-0.00049614175,-0.793969638645649,0.214331433176994,,-0.00049614175,-0.979651672882028,
,,,-0.00049611575,-0.793969638645649,0.214331433176994,,-0.00049611575,-0.979651672882028,
,,,-0.00049608975,-0.753768626600504,0.214331433176994,,-0.00049608975,-0.939612605609,
,,,-0.00049606375,-0.793969638645649,0.214331433176994,,-0.00049606375,-0.979651672882028,
,,,-0.00049603775,-0.793969638645649,0.214331433176994,,-0.00049603775,-0.979651672882028,
,,,-0.00049601175,-0.753768626600504,0.214331433176994,,-0.00049601175,-0.939612605609,
,,,-0.00049598575,-0.753768626600504,0.214331433176994,,-0.00049598575,-0.939612605609,
,,,-0.00049595975,-0.793969638645649,0.214331433176994,,-0.00049595975,-0.979651672882028,
,,,-0.00049593375,-0.753768626600504,0.214331433176994,,-0.00049593375,-0.939612605609,
,,,-0.00049590775,-0.793969638645649,0.214331433176994,,-0.00049590775,-0.979651672882028,
,,,-0.00049588175,-0.753768626600504,0.214331433176994,,-0.00049588175,-0.939612605609,
,,,-0.00049585575,-0.793969638645649,0.214331433176994,,-0.00049585575,-0.979651672882028,
,,,-0.00049582975,-0.793969638645649,0.214331433176994,,-0.00049582975,-0.979651672882028,
,,,-0.00049580375,-0.793969638645649,0.214331433176994,,-0.00049580375,-0.979651672882028,
,,,-0.00049577775,-0.793969638645649,0.214331433176994,,-0.00049577775,-0.979651672882028,
,,,-0.00049575175,-0.793969638645649,0.206009825691581,,-0.00049575175,-0.97086260933429,
,,,-0.00049572575,-0.753768626600504,0.214331433176994,,-0.00049572575,-0.939612605609,
,,,-0.00049569975,-0.793969638645649,0.206009825691581,,-0.00049569975,-0.97086260933429,
,,,-0.00049567375,-0.753768626600504,0.214331433176994,,-0.00049567375,-0.939612605609,
,,,-0.00049564775,-0.753768626600504,0.214331433176994,,-0.00049564775,-0.939612605609,
,,,-0.00049562175,-0.793969638645649,0.214331433176994,,-0.00049562175,-0.979651672882028,
,,,-0.00049559575,-0.793969638645649,0.206009825691581,,-0.00049559575,-0.97086260933429,
,,,-0.00049556975,-0.793969638645649,0.214331433176994,,-0.00049556975,-0.979651672882028,
,,,-0.00049554375,-0.793969638645649,0.214331433176994,,-0.00049554375,-0.979651672882028,
,,,-0.00049551775,-0.793969638645649,0.206009825691581,,-0.00049551775,-0.97086260933429,
,,,-0.00049549175,-0.793969638645649,0.214331433176994,,-0.00049549175,-0.979651672882028,
,,,-0.00049546575,-0.793969638645649,0.206009825691581,,-0.00049546575,-0.97086260933429,
,,,-0.00049543975,-0.793969638645649,0.214331433176994,,-0.00049543975,-0.979651672882028,
,,,-0.00049541375,-0.753768626600504,0.214331433176994,,-0.00049541375,-0.939612605609,
,,,-0.00049538775,-0.753768626600504,0.214331433176994,,-0.00049538775,-0.939612605609,
,,,-0.00049536175,-0.793969638645649,0.214331433176994,,-0.00049536175,-0.979651672882028,
,,,-0.00049533575,-0.753768626600504,0.214331433176994,,-0.00049533575,-0.939612605609,
,,,-0.00049530975,-0.793969638645649,0.214331433176994,,-0.00049530975,-0.979651672882028,
,,,-0.00049528375,-0.753768626600504,0.214331433176994,,-0.00049528375,-0.939612605609,
,,,-0.00049525775,-0.793969638645649,0.206009825691581,,-0.00049525775,-0.97086260933429,
,,,-0.00049523175,-0.793969638645649,0.214331433176994,,-0.00049523175,-0.979651672882028,
,,,-0.00049520575,-0.793969638645649,0.206009825691581,,-0.00049520575,-0.97086260933429,
,,,-0.00049517975,-0.753768626600504,0.206009825691581,,-0.00049517975,-0.930823542061262,
,,,-0.00049515375,-0.753768626600504,0.214331433176994,,-0.00049515375,-0.939612605609,
,,,-0.00049512775,-0.793969638645649,0.206009825691581,,-0.00049512775,-0.97086260933429,
,,,-0.00049510175,-0.753768626600504,0.206009825691581,,-0.00049510175,-0.930823542061262,
,,,-0.00049507575,-0.793969638645649,0.206009825691581,,-0.00049507575,-0.97086260933429,
,,,-0.00049504975,-0.793969638645649,0.206009825691581,,-0.00049504975,-0.97086260933429,
,,,-0.00049502375,-0.753768626600504,0.206009825691581,,-0.00049502375,-0.930823542061262,
,,,-0.00049499775,-0.793969638645649,0.206009825691581,,-0.00049499775,-0.97086260933429,
,,,-0.00049497175,-0.753768626600504,0.206009825691581,,-0.00049497175,-0.930823542061262,
,,,-0.00049494575,-0.753768626600504,0.206009825691581,,-0.00049494575,-0.930823542061262,
,,,-0.00049491975,-0.753768626600504,0.206009825691581,,-0.00049491975,-0.930823542061262,
,,,-0.00049489375,-0.793969638645649,0.206009825691581,,-0.00049489375,-0.97086260933429,
,,,-0.00049486775,-0.793969638645649,0.206009825691581,,-0.00049486775,-0.97086260933429,
,,,-0.00049484175,-0.793969638645649,0.206009825691581,,-0.00049484175,-0.97086260933429,
,,,-0.00049481575,-0.793969638645649,0.197688218206167,,-0.00049481575,-0.963050108402967,
,,,-0.00049478975,-0.753768626600504,0.206009825691581,,-0.00049478975,-0.930823542061262,
,,,-0.00049476375,-0.834170650690794,0.206009825691581,,-0.00049476375,-1.01090167660732,
,,,-0.00049473775,-0.793969638645649,0.206009825691581,,-0.00049473775,-0.97086260933429,
,,,-0.00049471175,-0.793969638645649,0.197688218206167,,-0.00049471175,-0.963050108402967,
,,,-0.00049468575,-0.793969638645649,0.197688218206167,,-0.00049468575,-0.963050108402967,
,,,-0.00049465975,-0.793969638645649,0.197688218206167,,-0.00049465975,-0.963050108402967,
,,,-0.00049463375,-0.793969638645649,0.197688218206167,,-0.00049463375,-0.963050108402967,
,,,-0.00049460775,-0.793969638645649,0.197688218206167,,-0.00049460775,-0.963050108402967,
,,,-0.00049458175,-0.793969638645649,0.189366610720754,,-0.00049458175,-0.95426104485523,
,,,-0.00049455575,-0.793969638645649,0.189366610720754,,-0.00049455575,-0.95426104485523,
,,,-0.00049452975,-0.753768626600504,0.189366610720754,,-0.00049452975,-0.914221977582201,
,,,-0.00049450375,-0.793969638645649,0.18104500323534,,-0.00049450375,-0.946448543923907,
,,,-0.00049447775,-0.793969638645649,0.189366610720754,,-0.00049447775,-0.95426104485523,
,,,-0.00049445175,-0.753768626600504,0.18104500323534,,-0.00049445175,-0.906409476650879,
,,,-0.00049442575,-0.793969638645649,0.18104500323534,,-0.00049442575,-0.946448543923907,
,,,-0.00049439975,-0.793969638645649,0.18104500323534,,-0.00049439975,-0.946448543923907,
,,,-0.00049437375,-0.753768626600504,0.172723395749927,,-0.00049437375,-0.897620413103141,
,,,-0.00049434775,-0.793969638645649,0.164401788264513,,-0.00049434775,-0.929846979444847,
,,,-0.00049432175,-0.753768626600504,0.172723395749927,,-0.00049432175,-0.897620413103141,
,,,-0.00049429575,-0.753768626600504,0.164401788264513,,-0.00049429575,-0.889807912171818,
,,,-0.00049426975,-0.753768626600504,0.156080180779099,,-0.00049426975,-0.88101884862408,
,,,-0.00049424375,-0.793969638645649,0.156080180779099,,-0.00049424375,-0.921057915897109,
,,,-0.00049421775,-0.793969638645649,0.156080180779099,,-0.00049421775,-0.921057915897109,
,,,-0.00049419175,-0.793969638645649,0.156080180779099,,-0.00049419175,-0.921057915897109,
,,,-0.00049416575,-0.793969638645649,0.147758573293686,,-0.00049416575,-0.913245414965786,
,,,-0.00049413975,-0.793969638645649,0.139436965808272,,-0.00049413975,-0.904456351418048,
,,,-0.00049411375,-0.793969638645649,0.139436965808272,,-0.00049411375,-0.904456351418048,
,,,-0.00049408775,-0.753768626600504,0.131115358322859,,-0.00049408775,-0.856604783213697,
,,,-0.00049406175,-0.793969638645649,0.131115358322859,,-0.00049406175,-0.896643850486726,
,,,-0.00049403575,-0.793969638645649,0.122793750837445,,-0.00049403575,-0.887854786938988,
,,,-0.00049400975,-0.793969638645649,0.122793750837445,,-0.00049400975,-0.887854786938988,
,,,-0.00049398375,-0.793969638645649,0.131115358322859,,-0.00049398375,-0.896643850486726,
,,,-0.00049395775,-0.793969638645649,0.114472143352032,,-0.00049395775,-0.880042286007665,
,,,-0.00049393175,-0.793969638645649,0.114472143352032,,-0.00049393175,-0.880042286007665,
,,,-0.00049390575,-0.793969638645649,0.114472143352032,,-0.00049390575,-0.880042286007665,
,,,-0.00049387975,-0.793969638645649,0.114472143352032,,-0.00049387975,-0.880042286007665,
,,,-0.00049385375,-0.793969638645649,0.106150535866618,,-0.00049385375,-0.871253222459927,
,,,-0.00049382775,-0.793969638645649,0.0978289283812046,,-0.00049382775,-0.863440721528605,
,,,-0.00049380175,-0.753768626600504,0.0978289283812046,,-0.00049380175,-0.823401654255576,
,,,-0.00049377575,-0.793969638645649,0.0895073208957911,,-0.00049377575,-0.854651657980867,
,,,-0.00049374975,-0.793969638645649,0.0895073208957911,,-0.00049374975,-0.854651657980867,
,,,-0.00049372375,-0.793969638645649,0.0895073208957911,,-0.00049372375,-0.854651657980867,
,,,-0.00049369775,-0.753768626600504,0.0811857134103775,,-0.00049369775,-0.806800089776516,
,,,-0.00049367175,-0.793969638645649,0.0811857134103775,,-0.00049367175,-0.846839157049544,
,,,-0.00049364575,-0.753768626600504,0.072864105924964,,-0.00049364575,-0.798011026228778,
,,,-0.00049361975,-0.793969638645649,0.072864105924964,,-0.00049361975,-0.838050093501806,
,,,-0.00049359375,-0.793969638645649,0.072864105924964,,-0.00049359375,-0.838050093501806,
,,,-0.00049356775,-0.793969638645649,0.0645424984395504,,-0.00049356775,-0.830237592570484,
,,,-0.00049354175,-0.793969638645649,0.0645424984395504,,-0.00049354175,-0.830237592570484,
,,,-0.00049351575,-0.793969638645649,0.0562208909541368,,-0.00049351575,-0.821448529022746,
,,,-0.00049348975,-0.793969638645649,0.0562208909541368,,-0.00049348975,-0.821448529022746,
,,,-0.00049346375,-0.793969638645649,0.0478992834687233,,-0.00049346375,-0.813636028091423,
,,,-0.00049343775,-0.834170650690794,0.0478992834687233,,-0.00049343775,-0.853675095364451,
,,,-0.00049341175,-0.793969638645649,0.0478992834687233,,-0.00049341175,-0.813636028091423,
,,,-0.00049338575,-0.793969638645649,0.0395776759833097,,-0.00049338575,-0.804846964543685,
,,,-0.00049335975,-0.834170650690794,0.0395776759833097,,-0.00049335975,-0.844886031816714,
,,,-0.00049333375,-0.834170650690794,0.0395776759833097,,-0.00049333375,-0.844886031816714,
,,,-0.00049330775,-0.793969638645649,0.0312560684978962,,-0.00049330775,-0.797034463612363,
,,,-0.00049328175,-0.793969638645649,0.0312560684978962,,-0.00049328175,-0.797034463612363,
,,,-0.00049325575,-0.793969638645649,0.0312560684978962,,-0.00049325575,-0.797034463612363,
,,,-0.00049322975,-0.834170650690794,0.0229344610124826,,-0.00049322975,-0.828284467337653,
,,,-0.00049320375,-0.793969638645649,0.0229344610124826,,-0.00049320375,-0.788245400064625,
,,,-0.00049317775,-0.793969638645649,0.0229344610124826,,-0.00049317775,-0.788245400064625,
,,,-0.00049315175,-0.834170650690794,0.0146128535270691,,-0.00049315175,-0.82047196640633,
,,,-0.00049312575,-0.793969638645649,0.0146128535270691,,-0.00049312575,-0.780432899133302,
,,,-0.00049309975,-0.793969638645649,0.0146128535270691,,-0.00049309975,-0.780432899133302,
,,,-0.00049307375,-0.793969638645649,0.00629124604165554,,-0.00049307375,-0.771643835585564,
,,,-0.00049304775,-0.793969638645649,0.0146128535270691,,-0.00049304775,-0.780432899133302,
,,,-0.00049302175,-0.793969638645649,0.00629124604165554,,-0.00049302175,-0.771643835585564,
,,,-0.00049299575,-0.793969638645649,0.00629124604165554,,-0.00049299575,-0.771643835585564,
,,,-0.00049296975,-0.793969638645649,0.00629124604165554,,-0.00049296975,-0.771643835585564,
,,,-0.00049294375,-0.793969638645649,0.00629124604165554,,-0.00049294375,-0.771643835585564,
,,,-0.00049291775,-0.793969638645649,-0.00203036144375801,,-0.00049291775,-0.763831334654242,
,,,-0.00049289175,-0.793969638645649,-0.00203036144375801,,-0.00049289175,-0.763831334654242,
,,,-0.00049286575,-0.793969638645649,-0.00203036144375801,,-0.00049286575,-0.763831334654242,
,,,-0.00049283975,-0.834170650690794,-0.00203036144375801,,-0.00049283975,-0.80387040192727,
,,,-0.00049281375,-0.793969638645649,-0.0103519689291716,,-0.00049281375,-0.755042271106504,
,,,-0.00049278775,-0.793969638645649,-0.0103519689291716,,-0.00049278775,-0.755042271106504,
,,,-0.00049276175,-0.793969638645649,-0.0103519689291716,,-0.00049276175,-0.755042271106504,
,,,-0.00049273575,-0.834170650690794,-0.0186735764145851,,-0.00049273575,-0.78726883744821,
,,,-0.00049270975,-0.834170650690794,-0.0186735764145851,,-0.00049270975,-0.78726883744821,
,,,-0.00049268375,-0.793969638645649,-0.0103519689291716,,-0.00049268375,-0.755042271106504,
,,,-0.00049265775,-0.793969638645649,-0.0186735764145851,,-0.00049265775,-0.747229770175181,
,,,-0.00049263175,-0.834170650690794,-0.0186735764145851,,-0.00049263175,-0.78726883744821,
,,,-0.00049260575,-0.793969638645649,-0.0186735764145851,,-0.00049260575,-0.747229770175181,
,,,-0.00049257975,-0.793969638645649,-0.0269951838999987,,-0.00049257975,-0.738440706627443,
,,,-0.00049255375,-0.793969638645649,-0.0269951838999987,,-0.00049255375,-0.738440706627443,
,,,-0.00049252775,-0.793969638645649,-0.0269951838999987,,-0.00049252775,-0.738440706627443,
,,,-0.00049250175,-0.793969638645649,-0.0269951838999987,,-0.00049250175,-0.738440706627443,
,,,-0.00049247575,-0.793969638645649,-0.0353167913854122,,-0.00049247575,-0.730628205696121,
,,,-0.00049244975,-0.793969638645649,-0.0353167913854122,,-0.00049244975,-0.730628205696121,
,,,-0.00049242375,-0.834170650690794,-0.0353167913854122,,-0.00049242375,-0.770667272969149,
,,,-0.00049239775,-0.793969638645649,-0.0353167913854122,,-0.00049239775,-0.730628205696121,
,,,-0.00049237175,-0.834170650690794,-0.0353167913854122,,-0.00049237175,-0.770667272969149,
,,,-0.00049234575,-0.793969638645649,-0.0353167913854122,,-0.00049234575,-0.730628205696121,
,,,-0.00049231975,-0.793969638645649,-0.0353167913854122,,-0.00049231975,-0.730628205696121,
,,,-0.00049229375,-0.834170650690794,-0.0353167913854122,,-0.00049229375,-0.770667272969149,
,,,-0.00049226775,-0.834170650690794,-0.0436383988708258,,-0.00049226775,-0.761878209421411,
,,,-0.00049224175,-0.793969638645649,-0.0436383988708258,,-0.00049224175,-0.721839142148383,
,,,-0.00049221575,-0.793969638645649,-0.0519600063562393,,-0.00049221575,-0.71402664121706,
,,,-0.00049218975,-0.793969638645649,-0.0519600063562393,,-0.00049218975,-0.71402664121706,
,,,-0.00049216375,-0.793969638645649,-0.0436383988708258,,-0.00049216375,-0.721839142148383,
,,,-0.00049213775,-0.793969638645649,-0.0519600063562393,,-0.00049213775,-0.71402664121706,
,,,-0.00049211175,-0.793969638645649,-0.0519600063562393,,-0.00049211175,-0.71402664121706,
,,,-0.00049208575,-0.834170650690794,-0.0519600063562393,,-0.00049208575,-0.754065708490089,
,,,-0.00049205975,-0.834170650690794,-0.0519600063562393,,-0.00049205975,-0.754065708490089,
,,,-0.00049203375,-0.793969638645649,-0.0519600063562393,,-0.00049203375,-0.71402664121706,
,,,-0.00049200775,-0.793969638645649,-0.0519600063562393,,-0.00049200775,-0.71402664121706,
,,,-0.00049198175,-0.834170650690794,-0.0602816138416529,,-0.00049198175,-0.745276644942351,
,,,-0.00049195575,-0.834170650690794,-0.0602816138416529,,-0.00049195575,-0.745276644942351,
,,,-0.00049192975,-0.793969638645649,-0.0602816138416529,,-0.00049192975,-0.705237577669322,
,,,-0.00049190375,-0.834170650690794,-0.0602816138416529,,-0.00049190375,-0.745276644942351,
,,,-0.00049187775,-0.793969638645649,-0.0602816138416529,,-0.00049187775,-0.705237577669322,
,,,-0.00049185175,-0.793969638645649,-0.0602816138416529,,-0.00049185175,-0.705237577669322,
,,,-0.00049182575,-0.793969638645649,-0.0602816138416529,,-0.00049182575,-0.705237577669322,
,,,-0.00049179975,-0.793969638645649,-0.0602816138416529,,-0.00049179975,-0.705237577669322,
,,,-0.00049177375,-0.834170650690794,-0.0686032213270664,,-0.00049177375,-0.737464144011028,
,,,-0.00049174775,-0.834170650690794,-0.0686032213270664,,-0.00049174775,-0.737464144011028,
,,,-0.00049172175,-0.793969638645649,-0.0686032213270664,,-0.00049172175,-0.697425076738,
,,,-0.00049169575,-0.793969638645649,-0.0686032213270664,,-0.00049169575,-0.697425076738,
,,,-0.00049166975,-0.834170650690794,-0.0686032213270664,,-0.00049166975,-0.737464144011028,
,,,-0.00049164375,-0.793969638645649,-0.0686032213270664,,-0.00049164375,-0.697425076738,
,,,-0.00049161775,-0.793969638645649,-0.0686032213270664,,-0.00049161775,-0.697425076738,
,,,-0.00049159175,-0.793969638645649,-0.0686032213270664,,-0.00049159175,-0.697425076738,
,,,-0.00049156575,-0.793969638645649,-0.07692482881248,,-0.00049156575,-0.688636013190262,
,,,-0.00049153975,-0.834170650690794,-0.07692482881248,,-0.00049153975,-0.72867508046329,
,,,-0.00049151375,-0.834170650690794,-0.07692482881248,,-0.00049151375,-0.72867508046329,
,,,-0.00049148775,-0.834170650690794,-0.07692482881248,,-0.00049148775,-0.72867508046329,
,,,-0.00049146175,-0.793969638645649,-0.07692482881248,,-0.00049146175,-0.688636013190262,
,,,-0.00049143575,-0.793969638645649,-0.07692482881248,,-0.00049143575,-0.688636013190262,
,,,-0.00049140975,-0.834170650690794,-0.0852464362978935,,-0.00049140975,-0.720862579531968,
,,,-0.00049138375,-0.834170650690794,-0.07692482881248,,-0.00049138375,-0.72867508046329,
,,,-0.00049135775,-0.793969638645649,-0.0852464362978935,,-0.00049135775,-0.680823512258939,
,,,-0.00049133175,-0.793969638645649,-0.07692482881248,,-0.00049133175,-0.688636013190262,
,,,-0.00049130575,-0.793969638645649,-0.0852464362978935,,-0.00049130575,-0.680823512258939,
,,,-0.00049127975,-0.793969638645649,-0.0852464362978935,,-0.00049127975,-0.680823512258939,
,,,-0.00049125375,-0.793969638645649,-0.0852464362978935,,-0.00049125375,-0.680823512258939,
,,,-0.00049122775,-0.793969638645649,-0.0935680437833071,,-0.00049122775,-0.672034448711202,
,,,-0.00049120175,-0.793969638645649,-0.0852464362978935,,-0.00049120175,-0.680823512258939,
,,,-0.00049117575,-0.834170650690794,-0.0935680437833071,,-0.00049117575,-0.71207351598423,
,,,-0.00049114975,-0.834170650690794,-0.0935680437833071,,-0.00049114975,-0.71207351598423,
,,,-0.00049112375,-0.793969638645649,-0.0935680437833071,,-0.00049112375,-0.672034448711202,
,,,-0.00049109775,-0.793969638645649,-0.0935680437833071,,-0.00049109775,-0.672034448711202,
,,,-0.00049107175,-0.834170650690794,-0.0935680437833071,,-0.00049107175,-0.71207351598423,
,,,-0.00049104575,-0.793969638645649,-0.0935680437833071,,-0.00049104575,-0.672034448711202,
,,,-0.00049101975,-0.834170650690794,-0.0935680437833071,,-0.00049101975,-0.71207351598423,
,,,-0.00049099375,-0.793969638645649,-0.0935680437833071,,-0.00049099375,-0.672034448711202,
,,,-0.00049096775,-0.834170650690794,-0.0935680437833071,,-0.00049096775,-0.71207351598423,
,,,-0.00049094175,-0.834170650690794,-0.101889651268721,,-0.00049094175,-0.704261015052907,
,,,-0.00049091575,-0.793969638645649,-0.0935680437833071,,-0.00049091575,-0.672034448711202,
,,,-0.00049088975,-0.793969638645649,-0.0935680437833071,,-0.00049088975,-0.672034448711202,
,,,-0.00049086375,-0.834170650690794,-0.0935680437833071,,-0.00049086375,-0.71207351598423,
,,,-0.00049083775,-0.793969638645649,-0.101889651268721,,-0.00049083775,-0.664221947779879,
,,,-0.00049081175,-0.793969638645649,-0.101889651268721,,-0.00049081175,-0.664221947779879,
,,,-0.00049078575,-0.793969638645649,-0.101889651268721,,-0.00049078575,-0.664221947779879,
,,,-0.00049075975,-0.834170650690794,-0.101889651268721,,-0.00049075975,-0.704261015052907,
,,,-0.00049073375,-0.793969638645649,-0.101889651268721,,-0.00049073375,-0.664221947779879,
,,,-0.00049070775,-0.834170650690794,-0.101889651268721,,-0.00049070775,-0.704261015052907,
,,,-0.00049068175,-0.793969638645649,-0.101889651268721,,-0.00049068175,-0.664221947779879,
,,,-0.00049065575,-0.793969638645649,-0.101889651268721,,-0.00049065575,-0.664221947779879,
,,,-0.00049062975,-0.834170650690794,-0.101889651268721,,-0.00049062975,-0.704261015052907,
,,,-0.00049060375,-0.793969638645649,-0.101889651268721,,-0.00049060375,-0.664221947779879,
,,,-0.00049057775,-0.793969638645649,-0.110211258754134,,-0.00049057775,-0.655432884232141,
,,,-0.00049055175,-0.793969638645649,-0.110211258754134,,-0.00049055175,-0.655432884232141,
,,,-0.00049052575,-0.834170650690794,-0.110211258754134,,-0.00049052575,-0.695471951505169,
,,,-0.00049049975,-0.793969638645649,-0.110211258754134,,-0.00049049975,-0.655432884232141,
,,,-0.00049047375,-0.793969638645649,-0.110211258754134,,-0.00049047375,-0.655432884232141,
,,,-0.00049044775,-0.834170650690794,-0.110211258754134,,-0.00049044775,-0.695471951505169,
,,,-0.00049042175,-0.834170650690794,-0.118532866239548,,-0.00049042175,-0.687659450573847,
,,,-0.00049039575,-0.834170650690794,-0.118532866239548,,-0.00049039575,-0.687659450573847,
,,,-0.00049036975,-0.793969638645649,-0.118532866239548,,-0.00049036975,-0.647620383300819,
,,,-0.00049034375,-0.793969638645649,-0.110211258754134,,-0.00049034375,-0.655432884232141,
,,,-0.00049031775,-0.834170650690794,-0.118532866239548,,-0.00049031775,-0.687659450573847,
,,,-0.00049029175,-0.834170650690794,-0.118532866239548,,-0.00049029175,-0.687659450573847,
,,,-0.00049026575,-0.793969638645649,-0.118532866239548,,-0.00049026575,-0.647620383300819,
,,,-0.00049023975,-0.834170650690794,-0.118532866239548,,-0.00049023975,-0.687659450573847,
,,,-0.00049021375,-0.834170650690794,-0.118532866239548,,-0.00049021375,-0.687659450573847,
,,,-0.00049018775,-0.834170650690794,-0.118532866239548,,-0.00049018775,-0.687659450573847,
,,,-0.00049016175,-0.834170650690794,-0.118532866239548,,-0.00049016175,-0.687659450573847,
,,,-0.00049013575,-0.834170650690794,-0.118532866239548,,-0.00049013575,-0.687659450573847,
,,,-0.00049010975,-0.793969638645649,-0.126854473724961,,-0.00049010975,-0.638831319753081,
,,,-0.00049008375,-0.834170650690794,-0.118532866239548,,-0.00049008375,-0.687659450573847,
,,,-0.00049005775,-0.834170650690794,-0.118532866239548,,-0.00049005775,-0.687659450573847,
,,,-0.00049003175,-0.834170650690794,-0.118532866239548,,-0.00049003175,-0.687659450573847,
,,,-0.00049000575,-0.834170650690794,-0.126854473724961,,-0.00049000575,-0.678870387026109,
,,,-0.00048997975,-0.834170650690794,-0.118532866239548,,-0.00048997975,-0.687659450573847,
,,,-0.00048995375,-0.793969638645649,-0.126854473724961,,-0.00048995375,-0.638831319753081,
,,,-0.00048992775,-0.834170650690794,-0.118532866239548,,-0.00048992775,-0.687659450573847,
,,,-0.00048990175,-0.834170650690794,-0.126854473724961,,-0.00048990175,-0.678870387026109,
,,,-0.00048987575,-0.793969638645649,-0.126854473724961,,-0.00048987575,-0.638831319753081,
,,,-0.00048984975,-0.793969638645649,-0.126854473724961,,-0.00048984975,-0.638831319753081,
,,,-0.00048982375,-0.834170650690794,-0.126854473724961,,-0.00048982375,-0.678870387026109,
,,,-0.00048979775,-0.834170650690794,-0.126854473724961,,-0.00048979775,-0.678870387026109,
,,,-0.00048977175,-0.834170650690794,-0.126854473724961,,-0.00048977175,-0.678870387026109,
,,,-0.00048974575,-0.793969638645649,-0.126854473724961,,-0.00048974575,-0.638831319753081,
,,,-0.00048971975,-0.834170650690794,-0.126854473724961,,-0.00048971975,-0.678870387026109,
,,,-0.00048969375,-0.834170650690794,-0.126854473724961,,-0.00048969375,-0.678870387026109,
,,,-0.00048966775,-0.793969638645649,-0.135176081210375,,-0.00048966775,-0.631018818821758,
,,,-0.00048964175,-0.793969638645649,-0.126854473724961,,-0.00048964175,-0.638831319753081,
,,,-0.00048961575,-0.793969638645649,-0.126854473724961,,-0.00048961575,-0.638831319753081,
,,,-0.00048958975,-0.834170650690794,-0.126854473724961,,-0.00048958975,-0.678870387026109,
,,,-0.00048956375,-0.834170650690794,-0.135176081210375,,-0.00048956375,-0.671057886094786,
,,,-0.00048953775,-0.793969638645649,-0.135176081210375,,-0.00048953775,-0.631018818821758,
,,,-0.00048951175,-0.834170650690794,-0.135176081210375,,-0.00048951175,-0.671057886094786,
,,,-0.00048948575,-0.834170650690794,-0.135176081210375,,-0.00048948575,-0.671057886094786,
,,,-0.00048945975,-0.834170650690794,-0.135176081210375,,-0.00048945975,-0.671057886094786,
,,,-0.00048943375,-0.834170650690794,-0.135176081210375,,-0.00048943375,-0.671057886094786,
,,,-0.00048940775,-0.834170650690794,-0.135176081210375,,-0.00048940775,-0.671057886094786,
,,,-0.00048938175,-0.834170650690794,-0.143497688695788,,-0.00048938175,-0.662268822547048,
,,,-0.00048935575,-0.793969638645649,-0.135176081210375,,-0.00048935575,-0.631018818821758,
,,,-0.00048932975,-0.793969638645649,-0.135176081210375,,-0.00048932975,-0.631018818821758,
,,,-0.00048930375,-0.834170650690794,-0.135176081210375,,-0.00048930375,-0.671057886094786,
,,,-0.00048927775,-0.834170650690794,-0.143497688695788,,-0.00048927775,-0.662268822547048,
,,,-0.00048925175,-0.834170650690794,-0.143497688695788,,-0.00048925175,-0.662268822547048,
,,,-0.00048922575,-0.793969638645649,-0.143497688695788,,-0.00048922575,-0.62222975527402,
,,,-0.00048919975,-0.793969638645649,-0.135176081210375,,-0.00048919975,-0.631018818821758,
,,,-0.00048917375,-0.834170650690794,-0.143497688695788,,-0.00048917375,-0.662268822547048,
,,,-0.00048914775,-0.793969638645649,-0.143497688695788,,-0.00048914775,-0.62222975527402,
,,,-0.00048912175,-0.793969638645649,-0.143497688695788,,-0.00048912175,-0.62222975527402,
,,,-0.00048909575,-0.834170650690794,-0.143497688695788,,-0.00048909575,-0.662268822547048,
,,,-0.00048906975,-0.834170650690794,-0.143497688695788,,-0.00048906975,-0.662268822547048,
,,,-0.00048904375,-0.834170650690794,-0.143497688695788,,-0.00048904375,-0.662268822547048,
,,,-0.00048901775,-0.834170650690794,-0.143497688695788,,-0.00048901775,-0.662268822547048,
,,,-0.00048899175,-0.834170650690794,-0.143497688695788,,-0.00048899175,-0.662268822547048,
,,,-0.00048896575,-0.834170650690794,-0.143497688695788,,-0.00048896575,-0.662268822547048,
,,,-0.00048893975,-0.793969638645649,-0.143497688695788,,-0.00048893975,-0.62222975527402,
,,,-0.00048891375,-0.834170650690794,-0.143497688695788,,-0.00048891375,-0.662268822547048,
,,,-0.00048888775,-0.793969638645649,-0.143497688695788,,-0.00048888775,-0.62222975527402,
,,,-0.00048886175,-0.834170650690794,-0.151819296181202,,-0.00048886175,-0.654456321615726,
,,,-0.00048883575,-0.793969638645649,-0.151819296181202,,-0.00048883575,-0.614417254342698,
,,,-0.00048880975,-0.793969638645649,-0.151819296181202,,-0.00048880975,-0.614417254342698,
,,,-0.00048878375,-0.834170650690794,-0.143497688695788,,-0.00048878375,-0.662268822547048,
,,,-0.00048875775,-0.834170650690794,-0.143497688695788,,-0.00048875775,-0.662268822547048,
,,,-0.00048873175,-0.834170650690794,-0.151819296181202,,-0.00048873175,-0.654456321615726,
,,,-0.00048870575,-0.834170650690794,-0.151819296181202,,-0.00048870575,-0.654456321615726,
,,,-0.00048867975,-0.834170650690794,-0.151819296181202,,-0.00048867975,-0.654456321615726,
,,,-0.00048865375,-0.834170650690794,-0.151819296181202,,-0.00048865375,-0.654456321615726,
,,,-0.00048862775,-0.834170650690794,-0.151819296181202,,-0.00048862775,-0.654456321615726,
,,,-0.00048860175,-0.793969638645649,-0.151819296181202,,-0.00048860175,-0.614417254342698,
,,,-0.00048857575,-0.834170650690794,-0.151819296181202,,-0.00048857575,-0.654456321615726,
,,,-0.00048854975,-0.834170650690794,-0.151819296181202,,-0.00048854975,-0.654456321615726,
,,,-0.00048852375,-0.834170650690794,-0.151819296181202,,-0.00048852375,-0.654456321615726,
,,,-0.00048849775,-0.793969638645649,-0.151819296181202,,-0.00048849775,-0.614417254342698,
,,,-0.00048847175,-0.834170650690794,-0.151819296181202,,-0.00048847175,-0.654456321615726,
,,,-0.00048844575,-0.793969638645649,-0.151819296181202,,-0.00048844575,-0.614417254342698,
,,,-0.00048841975,-0.834170650690794,-0.151819296181202,,-0.00048841975,-0.654456321615726,
,,,-0.00048839375,-0.834170650690794,-0.160140903666615,,-0.00048839375,-0.645667258067988,
,,,-0.00048836775,-0.834170650690794,-0.160140903666615,,-0.00048836775,-0.645667258067988,
,,,-0.00048834175,-0.793969638645649,-0.151819296181202,,-0.00048834175,-0.614417254342698,
,,,-0.00048831575,-0.793969638645649,-0.160140903666615,,-0.00048831575,-0.60562819079496,
,,,-0.00048828975,-0.793969638645649,-0.160140903666615,,-0.00048828975,-0.60562819079496,
,,,-0.00048826375,-0.834170650690794,-0.160140903666615,,-0.00048826375,-0.645667258067988,
,,,-0.00048823775,-0.834170650690794,-0.151819296181202,,-0.00048823775,-0.654456321615726,
,,,-0.00048821175,-0.834170650690794,-0.160140903666615,,-0.00048821175,-0.645667258067988,
,,,-0.00048818575,-0.834170650690794,-0.160140903666615,,-0.00048818575,-0.645667258067988,
,,,-0.00048815975,-0.834170650690794,-0.160140903666615,,-0.00048815975,-0.645667258067988,
,,,-0.00048813375,-0.793969638645649,-0.151819296181202,,-0.00048813375,-0.614417254342698,
,,,-0.00048810775,-0.793969638645649,-0.160140903666615,,-0.00048810775,-0.60562819079496,
,,,-0.00048808175,-0.834170650690794,-0.160140903666615,,-0.00048808175,-0.645667258067988,
,,,-0.00048805575,-0.834170650690794,-0.160140903666615,,-0.00048805575,-0.645667258067988,
,,,-0.00048802975,-0.834170650690794,-0.160140903666615,,-0.00048802975,-0.645667258067988,
,,,-0.00048800375,-0.834170650690794,-0.168462511152029,,-0.00048800375,-0.637854757136665,
,,,-0.00048797775,-0.834170650690794,-0.160140903666615,,-0.00048797775,-0.645667258067988,
,,,-0.00048795175,-0.834170650690794,-0.160140903666615,,-0.00048795175,-0.645667258067988,
,,,-0.00048792575,-0.793969638645649,-0.160140903666615,,-0.00048792575,-0.60562819079496,
,,,-0.00048789975,-0.834170650690794,-0.160140903666615,,-0.00048789975,-0.645667258067988,
,,,-0.00048787375,-0.793969638645649,-0.160140903666615,,-0.00048787375,-0.60562819079496,
,,,-0.00048784775,-0.834170650690794,-0.160140903666615,,-0.00048784775,-0.645667258067988,
,,,-0.00048782175,-0.834170650690794,-0.160140903666615,,-0.00048782175,-0.645667258067988,
,,,-0.00048779575,-0.793969638645649,-0.168462511152029,,-0.00048779575,-0.597815689863637,
,,,-0.00048776975,-0.793969638645649,-0.168462511152029,,-0.00048776975,-0.597815689863637,
,,,-0.00048774375,-0.834170650690794,-0.168462511152029,,-0.00048774375,-0.637854757136665,
,,,-0.00048771775,-0.834170650690794,-0.160140903666615,,-0.00048771775,-0.645667258067988,
,,,-0.00048769175,-0.793969638645649,-0.168462511152029,,-0.00048769175,-0.597815689863637,
,,,-0.00048766575,-0.793969638645649,-0.168462511152029,,-0.00048766575,-0.597815689863637,
,,,-0.00048763975,-0.834170650690794,-0.168462511152029,,-0.00048763975,-0.637854757136665,
,,,-0.00048761375,-0.834170650690794,-0.168462511152029,,-0.00048761375,-0.637854757136665,
,,,-0.00048758775,-0.793969638645649,-0.168462511152029,,-0.00048758775,-0.597815689863637,
,,,-0.00048756175,-0.834170650690794,-0.168462511152029,,-0.00048756175,-0.637854757136665,
,,,-0.00048753575,-0.834170650690794,-0.168462511152029,,-0.00048753575,-0.637854757136665,
,,,-0.00048750975,-0.834170650690794,-0.168462511152029,,-0.00048750975,-0.637854757136665,
,,,-0.00048748375,-0.793969638645649,-0.168462511152029,,-0.00048748375,-0.597815689863637,
,,,-0.00048745775,-0.793969638645649,-0.168462511152029,,-0.00048745775,-0.597815689863637,
,,,-0.00048743175,-0.793969638645649,-0.168462511152029,,-0.00048743175,-0.597815689863637,
,,,-0.00048740575,-0.834170650690794,-0.168462511152029,,-0.00048740575,-0.637854757136665,
,,,-0.00048737975,-0.793969638645649,-0.168462511152029,,-0.00048737975,-0.597815689863637,
,,,-0.00048735375,-0.793969638645649,-0.168462511152029,,-0.00048735375,-0.597815689863637,
,,,-0.00048732775,-0.834170650690794,-0.168462511152029,,-0.00048732775,-0.637854757136665,
,,,-0.00048730175,-0.793969638645649,-0.168462511152029,,-0.00048730175,-0.597815689863637,
,,,-0.00048727575,-0.793969638645649,-0.176784118637443,,-0.00048727575,-0.589026626315899,
,,,-0.00048724975,-0.793969638645649,-0.168462511152029,,-0.00048724975,-0.597815689863637,
,,,-0.00048722375,-0.834170650690794,-0.176784118637443,,-0.00048722375,-0.629065693588927,
,,,-0.00048719775,-0.834170650690794,-0.168462511152029,,-0.00048719775,-0.637854757136665,
,,,-0.00048717175,-0.834170650690794,-0.168462511152029,,-0.00048717175,-0.637854757136665,
,,,-0.00048714575,-0.834170650690794,-0.176784118637443,,-0.00048714575,-0.629065693588927,
,,,-0.00048711975,-0.834170650690794,-0.176784118637443,,-0.00048711975,-0.629065693588927,
,,,-0.00048709375,-0.834170650690794,-0.168462511152029,,-0.00048709375,-0.637854757136665,
,,,-0.00048706775,-0.793969638645649,-0.168462511152029,,-0.00048706775,-0.597815689863637,
,,,-0.00048704175,-0.793969638645649,-0.168462511152029,,-0.00048704175,-0.597815689863637,
,,,-0.00048701575,-0.834170650690794,-0.176784118637443,,-0.00048701575,-0.629065693588927,
,,,-0.00048698975,-0.834170650690794,-0.176784118637443,,-0.00048698975,-0.629065693588927,
,,,-0.00048696375,-0.793969638645649,-0.176784118637443,,-0.00048696375,-0.589026626315899,
,,,-0.00048693775,-0.793969638645649,-0.176784118637443,,-0.00048693775,-0.589026626315899,
,,,-0.00048691175,-0.834170650690794,-0.176784118637443,,-0.00048691175,-0.629065693588927,
,,,-0.00048688575,-0.793969638645649,-0.176784118637443,,-0.00048688575,-0.589026626315899,
,,,-0.00048685975,-0.834170650690794,-0.176784118637443,,-0.00048685975,-0.629065693588927,
,,,-0.00048683375,-0.834170650690794,-0.176784118637443,,-0.00048683375,-0.629065693588927,
,,,-0.00048680775,-0.834170650690794,-0.176784118637443,,-0.00048680775,-0.629065693588927,
,,,-0.00048678175,-0.834170650690794,-0.176784118637443,,-0.00048678175,-0.629065693588927,
,,,-0.00048675575,-0.793969638645649,-0.176784118637443,,-0.00048675575,-0.589026626315899,
,,,-0.00048672975,-0.793969638645649,-0.176784118637443,,-0.00048672975,-0.589026626315899,
,,,-0.00048670375,-0.793969638645649,-0.176784118637443,,-0.00048670375,-0.589026626315899,
,,,-0.00048667775,-0.834170650690794,-0.176784118637443,,-0.00048667775,-0.629065693588927,
,,,-0.00048665175,-0.834170650690794,-0.176784118637443,,-0.00048665175,-0.629065693588927,
,,,-0.00048662575,-0.834170650690794,-0.176784118637443,,-0.00048662575,-0.629065693588927,
,,,-0.00048659975,-0.793969638645649,-0.185105726122856,,-0.00048659975,-0.581214125384577,
,,,-0.00048657375,-0.834170650690794,-0.176784118637443,,-0.00048657375,-0.629065693588927,
,,,-0.00048654775,-0.834170650690794,-0.185105726122856,,-0.00048654775,-0.621253192657605,
,,,-0.00048652175,-0.793969638645649,-0.185105726122856,,-0.00048652175,-0.581214125384577,
,,,-0.00048649575,-0.834170650690794,-0.185105726122856,,-0.00048649575,-0.621253192657605,
,,,-0.00048646975,-0.793969638645649,-0.185105726122856,,-0.00048646975,-0.581214125384577,
,,,-0.00048644375,-0.793969638645649,-0.176784118637443,,-0.00048644375,-0.589026626315899,
,,,-0.00048641775,-0.793969638645649,-0.176784118637443,,-0.00048641775,-0.589026626315899,
,,,-0.00048639175,-0.834170650690794,-0.176784118637443,,-0.00048639175,-0.629065693588927,
,,,-0.00048636575,-0.834170650690794,-0.185105726122856,,-0.00048636575,-0.621253192657605,
,,,-0.00048633975,-0.793969638645649,-0.185105726122856,,-0.00048633975,-0.581214125384577,
,,,-0.00048631375,-0.793969638645649,-0.185105726122856,,-0.00048631375,-0.581214125384577,
,,,-0.00048628775,-0.834170650690794,-0.185105726122856,,-0.00048628775,-0.621253192657605,
,,,-0.00048626175,-0.834170650690794,-0.185105726122856,,-0.00048626175,-0.621253192657605,
,,,-0.00048623575,-0.793969638645649,-0.185105726122856,,-0.00048623575,-0.581214125384577,
,,,-0.00048620975,-0.793969638645649,-0.185105726122856,,-0.00048620975,-0.581214125384577,
,,,-0.00048618375,-0.834170650690794,-0.185105726122856,,-0.00048618375,-0.621253192657605,
,,,-0.00048615775,-0.834170650690794,-0.185105726122856,,-0.00048615775,-0.621253192657605,
,,,-0.00048613175,-0.834170650690794,-0.185105726122856,,-0.00048613175,-0.621253192657605,
,,,-0.00048610575,-0.834170650690794,-0.185105726122856,,-0.00048610575,-0.621253192657605,
,,,-0.00048607975,-0.834170650690794,-0.185105726122856,,-0.00048607975,-0.621253192657605,
,,,-0.00048605375,-0.834170650690794,-0.185105726122856,,-0.00048605375,-0.621253192657605,
,,,-0.00048602775,-0.793969638645649,-0.185105726122856,,-0.00048602775,-0.581214125384577,
,,,-0.00048600175,-0.793969638645649,-0.185105726122856,,-0.00048600175,-0.581214125384577,
,,,-0.00048597575,-0.834170650690794,-0.185105726122856,,-0.00048597575,-0.621253192657605,
,,,-0.00048594975,-0.834170650690794,-0.19342733360827,,-0.00048594975,-0.612464129109867,
,,,-0.00048592375,-0.834170650690794,-0.19342733360827,,-0.00048592375,-0.612464129109867,
,,,-0.00048589775,-0.793969638645649,-0.185105726122856,,-0.00048589775,-0.581214125384577,
,,,-0.00048587175,-0.834170650690794,-0.185105726122856,,-0.00048587175,-0.621253192657605,
,,,-0.00048584575,-0.834170650690794,-0.19342733360827,,-0.00048584575,-0.612464129109867,
,,,-0.00048581975,-0.834170650690794,-0.185105726122856,,-0.00048581975,-0.621253192657605,
,,,-0.00048579375,-0.834170650690794,-0.185105726122856,,-0.00048579375,-0.621253192657605,
,,,-0.00048576775,-0.793969638645649,-0.185105726122856,,-0.00048576775,-0.581214125384577,
,,,-0.00048574175,-0.834170650690794,-0.19342733360827,,-0.00048574175,-0.612464129109867,
,,,-0.00048571575,-0.834170650690794,-0.19342733360827,,-0.00048571575,-0.612464129109867,
,,,-0.00048568975,-0.793969638645649,-0.185105726122856,,-0.00048568975,-0.581214125384577,
,,,-0.00048566375,-0.834170650690794,-0.19342733360827,,-0.00048566375,-0.612464129109867,
,,,-0.00048563775,-0.834170650690794,-0.19342733360827,,-0.00048563775,-0.612464129109867,
,,,-0.00048561175,-0.834170650690794,-0.185105726122856,,-0.00048561175,-0.621253192657605,
,,,-0.00048558575,-0.793969638645649,-0.19342733360827,,-0.00048558575,-0.572425061836839,
,,,-0.00048555975,-0.834170650690794,-0.19342733360827,,-0.00048555975,-0.612464129109867,
,,,-0.00048553375,-0.834170650690794,-0.19342733360827,,-0.00048553375,-0.612464129109867,
,,,-0.00048550775,-0.834170650690794,-0.19342733360827,,-0.00048550775,-0.612464129109867,
,,,-0.00048548175,-0.793969638645649,-0.19342733360827,,-0.00048548175,-0.572425061836839,
,,,-0.00048545575,-0.834170650690794,-0.185105726122856,,-0.00048545575,-0.621253192657605,
,,,-0.00048542975,-0.834170650690794,-0.19342733360827,,-0.00048542975,-0.612464129109867,
,,,-0.00048540375,-0.834170650690794,-0.19342733360827,,-0.00048540375,-0.612464129109867,
,,,-0.00048537775,-0.834170650690794,-0.19342733360827,,-0.00048537775,-0.612464129109867,
,,,-0.00048535175,-0.834170650690794,-0.19342733360827,,-0.00048535175,-0.612464129109867,
,,,-0.00048532575,-0.834170650690794,-0.19342733360827,,-0.00048532575,-0.612464129109867,
,,,-0.00048529975,-0.834170650690794,-0.201748941093683,,-0.00048529975,-0.604651628178544,
,,,-0.00048527375,-0.834170650690794,-0.201748941093683,,-0.00048527375,-0.604651628178544,
,,,-0.00048524775,-0.834170650690794,-0.19342733360827,,-0.00048524775,-0.612464129109867,
,,,-0.00048522175,-0.834170650690794,-0.19342733360827,,-0.00048522175,-0.612464129109867,
,,,-0.00048519575,-0.834170650690794,-0.19342733360827,,-0.00048519575,-0.612464129109867,
,,,-0.00048516975,-0.793969638645649,-0.19342733360827,,-0.00048516975,-0.572425061836839,
,,,-0.00048514375,-0.834170650690794,-0.19342733360827,,-0.00048514375,-0.612464129109867,
,,,-0.00048511775,-0.834170650690794,-0.201748941093683,,-0.00048511775,-0.604651628178544,
,,,-0.00048509175,-0.793969638645649,-0.19342733360827,,-0.00048509175,-0.572425061836839,
,,,-0.00048506575,-0.793969638645649,-0.201748941093683,,-0.00048506575,-0.564612560905516,
,,,-0.00048503975,-0.793969638645649,-0.19342733360827,,-0.00048503975,-0.572425061836839,
,,,-0.00048501375,-0.834170650690794,-0.19342733360827,,-0.00048501375,-0.612464129109867,
,,,-0.00048498775,-0.834170650690794,-0.201748941093683,,-0.00048498775,-0.604651628178544,
,,,-0.00048496175,-0.793969638645649,-0.201748941093683,,-0.00048496175,-0.564612560905516,
,,,-0.00048493575,-0.834170650690794,-0.19342733360827,,-0.00048493575,-0.612464129109867,
,,,-0.00048490975,-0.834170650690794,-0.201748941093683,,-0.00048490975,-0.604651628178544,
,,,-0.00048488375,-0.834170650690794,-0.19342733360827,,-0.00048488375,-0.612464129109867,
,,,-0.00048485775,-0.834170650690794,-0.19342733360827,,-0.00048485775,-0.612464129109867,
,,,-0.00048483175,-0.834170650690794,-0.19342733360827,,-0.00048483175,-0.612464129109867,
,,,-0.00048480575,-0.793969638645649,-0.201748941093683,,-0.00048480575,-0.564612560905516,
,,,-0.00048477975,-0.793969638645649,-0.201748941093683,,-0.00048477975,-0.564612560905516,
,,,-0.00048475375,-0.793969638645649,-0.201748941093683,,-0.00048475375,-0.564612560905516,
,,,-0.00048472775,-0.874371662735939,-0.201748941093683,,-0.00048472775,-0.644690695451573,
,,,-0.00048470175,-0.834170650690794,-0.201748941093683,,-0.00048470175,-0.604651628178544,
,,,-0.00048467575,-0.834170650690794,-0.201748941093683,,-0.00048467575,-0.604651628178544,
,,,-0.00048464975,-0.834170650690794,-0.19342733360827,,-0.00048464975,-0.612464129109867,
,,,-0.00048462375,-0.834170650690794,-0.201748941093683,,-0.00048462375,-0.604651628178544,
,,,-0.00048459775,-0.834170650690794,-0.201748941093683,,-0.00048459775,-0.604651628178544,
,,,-0.00048457175,-0.874371662735939,-0.201748941093683,,-0.00048457175,-0.644690695451573,
,,,-0.00048454575,-0.834170650690794,-0.201748941093683,,-0.00048454575,-0.604651628178544,
,,,-0.00048451975,-0.834170650690794,-0.201748941093683,,-0.00048451975,-0.604651628178544,
,,,-0.00048449375,-0.834170650690794,-0.201748941093683,,-0.00048449375,-0.604651628178544,
,,,-0.00048446775,-0.834170650690794,-0.201748941093683,,-0.00048446775,-0.604651628178544,
,,,-0.00048444175,-0.793969638645649,-0.201748941093683,,-0.00048444175,-0.564612560905516,
,,,-0.00048441575,-0.834170650690794,-0.201748941093683,,-0.00048441575,-0.604651628178544,
,,,-0.00048438975,-0.793969638645649,-0.201748941093683,,-0.00048438975,-0.564612560905516,
,,,-0.00048436375,-0.834170650690794,-0.201748941093683,,-0.00048436375,-0.604651628178544,
,,,-0.00048433775,-0.793969638645649,-0.201748941093683,,-0.00048433775,-0.564612560905516,
,,,-0.00048431175,-0.834170650690794,-0.201748941093683,,-0.00048431175,-0.604651628178544,
,,,-0.00048428575,-0.834170650690794,-0.201748941093683,,-0.00048428575,-0.604651628178544,
,,,-0.00048425975,-0.834170650690794,-0.201748941093683,,-0.00048425975,-0.604651628178544,
,,,-0.00048423375,-0.793969638645649,-0.201748941093683,,-0.00048423375,-0.564612560905516,
,,,-0.00048420775,-0.834170650690794,-0.201748941093683,,-0.00048420775,-0.604651628178544,
,,,-0.00048418175,-0.834170650690794,-0.201748941093683,,-0.00048418175,-0.604651628178544,
,,,-0.00048415575,-0.793969638645649,-0.201748941093683,,-0.00048415575,-0.564612560905516,
,,,-0.00048412975,-0.834170650690794,-0.201748941093683,,-0.00048412975,-0.604651628178544,
,,,-0.00048410375,-0.834170650690794,-0.201748941093683,,-0.00048410375,-0.604651628178544,
,,,-0.00048407775,-0.834170650690794,-0.201748941093683,,-0.00048407775,-0.604651628178544,
,,,-0.00048405175,-0.793969638645649,-0.210070548579097,,-0.00048405175,-0.555823497357778,
,,,-0.00048402575,-0.793969638645649,-0.210070548579097,,-0.00048402575,-0.555823497357778,
,,,-0.00048399975,-0.834170650690794,-0.201748941093683,,-0.00048399975,-0.604651628178544,
,,,-0.00048397375,-0.834170650690794,-0.201748941093683,,-0.00048397375,-0.604651628178544,
,,,-0.00048394775,-0.793969638645649,-0.210070548579097,,-0.00048394775,-0.555823497357778,
,,,-0.00048392175,-0.834170650690794,-0.210070548579097,,-0.00048392175,-0.595862564630806,
,,,-0.00048389575,-0.834170650690794,-0.201748941093683,,-0.00048389575,-0.604651628178544,
,,,-0.00048386975,-0.834170650690794,-0.201748941093683,,-0.00048386975,-0.604651628178544,
,,,-0.00048384375,-0.834170650690794,-0.201748941093683,,-0.00048384375,-0.604651628178544,
,,,-0.00048381775,-0.834170650690794,-0.201748941093683,,-0.00048381775,-0.604651628178544,
,,,-0.00048379175,-0.834170650690794,-0.201748941093683,,-0.00048379175,-0.604651628178544,
,,,-0.00048376575,-0.834170650690794,-0.201748941093683,,-0.00048376575,-0.604651628178544,
,,,-0.00048373975,-0.834170650690794,-0.210070548579097,,-0.00048373975,-0.595862564630806,
,,,-0.00048371375,-0.834170650690794,-0.210070548579097,,-0.00048371375,-0.595862564630806,
,,,-0.00048368775,-0.834170650690794,-0.201748941093683,,-0.00048368775,-0.604651628178544,
,,,-0.00048366175,-0.834170650690794,-0.201748941093683,,-0.00048366175,-0.604651628178544,
,,,-0.00048363575,-0.793969638645649,-0.210070548579097,,-0.00048363575,-0.555823497357778,
,,,-0.00048360975,-0.793969638645649,-0.210070548579097,,-0.00048360975,-0.555823497357778,
,,,-0.00048358375,-0.834170650690794,-0.210070548579097,,-0.00048358375,-0.595862564630806,
,,,-0.00048355775,-0.834170650690794,-0.210070548579097,,-0.00048355775,-0.595862564630806,
,,,-0.00048353175,-0.793969638645649,-0.210070548579097,,-0.00048353175,-0.555823497357778,
,,,-0.00048350575,-0.834170650690794,-0.210070548579097,,-0.00048350575,-0.595862564630806,
,,,-0.00048347975,-0.834170650690794,-0.210070548579097,,-0.00048347975,-0.595862564630806,
,,,-0.00048345375,-0.834170650690794,-0.210070548579097,,-0.00048345375,-0.595862564630806,
,,,-0.00048342775,-0.793969638645649,-0.210070548579097,,-0.00048342775,-0.555823497357778,
,,,-0.00048340175,-0.793969638645649,-0.210070548579097,,-0.00048340175,-0.555823497357778,
,,,-0.00048337575,-0.834170650690794,-0.201748941093683,,-0.00048337575,-0.604651628178544,
,,,-0.00048334975,-0.834170650690794,-0.210070548579097,,-0.00048334975,-0.595862564630806,
,,,-0.00048332375,-0.834170650690794,-0.210070548579097,,-0.00048332375,-0.595862564630806,
,,,-0.00048329775,-0.793969638645649,-0.210070548579097,,-0.00048329775,-0.555823497357778,
,,,-0.00048327175,-0.834170650690794,-0.210070548579097,,-0.00048327175,-0.595862564630806,
,,,-0.00048324575,-0.834170650690794,-0.210070548579097,,-0.00048324575,-0.595862564630806,
,,,-0.00048321975,-0.834170650690794,-0.210070548579097,,-0.00048321975,-0.595862564630806,
,,,-0.00048319375,-0.834170650690794,-0.210070548579097,,-0.00048319375,-0.595862564630806,
,,,-0.00048316775,-0.834170650690794,-0.210070548579097,,-0.00048316775,-0.595862564630806,
,,,-0.00048314175,-0.834170650690794,-0.210070548579097,,-0.00048314175,-0.595862564630806,
,,,-0.00048311575,-0.834170650690794,-0.210070548579097,,-0.00048311575,-0.595862564630806,
,,,-0.00048308975,-0.834170650690794,-0.210070548579097,,-0.00048308975,-0.595862564630806,
,,,-0.00048306375,-0.834170650690794,-0.210070548579097,,-0.00048306375,-0.595862564630806,
,,,-0.00048303775,-0.834170650690794,-0.210070548579097,,-0.00048303775,-0.595862564630806,
,,,-0.00048301175,-0.834170650690794,-0.210070548579097,,-0.00048301175,-0.595862564630806,
,,,-0.00048298575,-0.793969638645649,-0.210070548579097,,-0.00048298575,-0.555823497357778,
,,,-0.00048295975,-0.834170650690794,-0.210070548579097,,-0.00048295975,-0.595862564630806,
,,,-0.00048293375,-0.834170650690794,-0.210070548579097,,-0.00048293375,-0.595862564630806,
,,,-0.00048290775,-0.834170650690794,-0.210070548579097,,-0.00048290775,-0.595862564630806,
,,,-0.00048288175,-0.793969638645649,-0.210070548579097,,-0.00048288175,-0.555823497357778,
,,,-0.00048285575,-0.793969638645649,-0.210070548579097,,-0.00048285575,-0.555823497357778,
,,,-0.00048282975,-0.834170650690794,-0.210070548579097,,-0.00048282975,-0.595862564630806,
,,,-0.00048280375,-0.793969638645649,-0.210070548579097,,-0.00048280375,-0.555823497357778,
,,,-0.00048277775,-0.834170650690794,-0.210070548579097,,-0.00048277775,-0.595862564630806,
,,,-0.00048275175,-0.834170650690794,-0.210070548579097,,-0.00048275175,-0.595862564630806,
,,,-0.00048272575,-0.793969638645649,-0.210070548579097,,-0.00048272575,-0.555823497357778,
,,,-0.00048269975,-0.834170650690794,-0.210070548579097,,-0.00048269975,-0.595862564630806,
,,,-0.00048267375,-0.834170650690794,-0.210070548579097,,-0.00048267375,-0.595862564630806,
,,,-0.00048264775,-0.834170650690794,-0.210070548579097,,-0.00048264775,-0.595862564630806,
,,,-0.00048262175,-0.834170650690794,-0.210070548579097,,-0.00048262175,-0.595862564630806,
,,,-0.00048259575,-0.834170650690794,-0.210070548579097,,-0.00048259575,-0.595862564630806,
,,,-0.00048256975,-0.793969638645649,-0.21839215606451,,-0.00048256975,-0.548010996426456,
,,,-0.00048254375,-0.834170650690794,-0.210070548579097,,-0.00048254375,-0.595862564630806,
,,,-0.00048251775,-0.834170650690794,-0.210070548579097,,-0.00048251775,-0.595862564630806,
,,,-0.00048249175,-0.834170650690794,-0.210070548579097,,-0.00048249175,-0.595862564630806,
,,,-0.00048246575,-0.834170650690794,-0.21839215606451,,-0.00048246575,-0.588050063699484,
,,,-0.00048243975,-0.834170650690794,-0.21839215606451,,-0.00048243975,-0.588050063699484,
,,,-0.00048241375,-0.834170650690794,-0.210070548579097,,-0.00048241375,-0.595862564630806,
,,,-0.00048238775,-0.834170650690794,-0.21839215606451,,-0.00048238775,-0.588050063699484,
,,,-0.00048236175,-0.793969638645649,-0.210070548579097,,-0.00048236175,-0.555823497357778,
,,,-0.00048233575,-0.834170650690794,-0.210070548579097,,-0.00048233575,-0.595862564630806,
,,,-0.00048230975,-0.834170650690794,-0.21839215606451,,-0.00048230975,-0.588050063699484,
,,,-0.00048228375,-0.793969638645649,-0.21839215606451,,-0.00048228375,-0.548010996426456,
,,,-0.00048225775,-0.793969638645649,-0.210070548579097,,-0.00048225775,-0.555823497357778,
,,,-0.00048223175,-0.834170650690794,-0.210070548579097,,-0.00048223175,-0.595862564630806,
,,,-0.00048220575,-0.834170650690794,-0.21839215606451,,-0.00048220575,-0.588050063699484,
,,,-0.00048217975,-0.793969638645649,-0.21839215606451,,-0.00048217975,-0.548010996426456,
,,,-0.00048215375,-0.793969638645649,-0.210070548579097,,-0.00048215375,-0.555823497357778,
,,,-0.00048212775,-0.834170650690794,-0.210070548579097,,-0.00048212775,-0.595862564630806,
,,,-0.00048210175,-0.834170650690794,-0.210070548579097,,-0.00048210175,-0.595862564630806,
,,,-0.00048207575,-0.834170650690794,-0.210070548579097,,-0.00048207575,-0.595862564630806,
,,,-0.00048204975,-0.834170650690794,-0.21839215606451,,-0.00048204975,-0.588050063699484,
,,,-0.00048202375,-0.793969638645649,-0.210070548579097,,-0.00048202375,-0.555823497357778,
,,,-0.00048199775,-0.793969638645649,-0.21839215606451,,-0.00048199775,-0.548010996426456,
,,,-0.00048197175,-0.834170650690794,-0.226713763549924,,-0.00048197175,-0.579261000151746,
,,,-0.00048194575,-0.793969638645649,-0.21839215606451,,-0.00048194575,-0.548010996426456,
,,,-0.00048191975,-0.834170650690794,-0.21839215606451,,-0.00048191975,-0.588050063699484,
,,,-0.00048189375,-0.834170650690794,-0.21839215606451,,-0.00048189375,-0.588050063699484,
,,,-0.00048186775,-0.793969638645649,-0.210070548579097,,-0.00048186775,-0.555823497357778,
,,,-0.00048184175,-0.834170650690794,-0.21839215606451,,-0.00048184175,-0.588050063699484,
,,,-0.00048181575,-0.834170650690794,-0.21839215606451,,-0.00048181575,-0.588050063699484,
,,,-0.00048178975,-0.834170650690794,-0.21839215606451,,-0.00048178975,-0.588050063699484,
,,,-0.00048176375,-0.793969638645649,-0.21839215606451,,-0.00048176375,-0.548010996426456,
,,,-0.00048173775,-0.834170650690794,-0.21839215606451,,-0.00048173775,-0.588050063699484,
,,,-0.00048171175,-0.834170650690794,-0.21839215606451,,-0.00048171175,-0.588050063699484,
,,,-0.00048168575,-0.834170650690794,-0.21839215606451,,-0.00048168575,-0.588050063699484,
,,,-0.00048165975,-0.793969638645649,-0.21839215606451,,-0.00048165975,-0.548010996426456,
,,,-0.00048163375,-0.793969638645649,-0.210070548579097,,-0.00048163375,-0.555823497357778,
,,,-0.00048160775,-0.834170650690794,-0.21839215606451,,-0.00048160775,-0.588050063699484,
,,,-0.00048158175,-0.834170650690794,-0.21839215606451,,-0.00048158175,-0.588050063699484,
,,,-0.00048155575,-0.834170650690794,-0.21839215606451,,-0.00048155575,-0.588050063699484,
,,,-0.00048152975,-0.793969638645649,-0.21839215606451,,-0.00048152975,-0.548010996426456,
,,,-0.00048150375,-0.834170650690794,-0.21839215606451,,-0.00048150375,-0.588050063699484,
,,,-0.00048147775,-0.834170650690794,-0.21839215606451,,-0.00048147775,-0.588050063699484,
,,,-0.00048145175,-0.834170650690794,-0.21839215606451,,-0.00048145175,-0.588050063699484,
,,,-0.00048142575,-0.793969638645649,-0.21839215606451,,-0.00048142575,-0.548010996426456,
,,,-0.00048139975,-0.793969638645649,-0.21839215606451,,-0.00048139975,-0.548010996426456,
,,,-0.00048137375,-0.834170650690794,-0.21839215606451,,-0.00048137375,-0.588050063699484,
,,,-0.00048134775,-0.793969638645649,-0.21839215606451,,-0.00048134775,-0.548010996426456,
,,,-0.00048132175,-0.834170650690794,-0.21839215606451,,-0.00048132175,-0.588050063699484,
,,,-0.00048129575,-0.834170650690794,-0.21839215606451,,-0.00048129575,-0.588050063699484,
,,,-0.00048126975,-0.834170650690794,-0.21839215606451,,-0.00048126975,-0.588050063699484,
,,,-0.00048124375,-0.834170650690794,-0.226713763549924,,-0.00048124375,-0.579261000151746,
,,,-0.00048121775,-0.793969638645649,-0.226713763549924,,-0.00048121775,-0.539221932878718,
,,,-0.00048119175,-0.834170650690794,-0.21839215606451,,-0.00048119175,-0.588050063699484,
,,,-0.00048116575,-0.834170650690794,-0.21839215606451,,-0.00048116575,-0.588050063699484,
,,,-0.00048113975,-0.834170650690794,-0.226713763549924,,-0.00048113975,-0.579261000151746,
,,,-0.00048111375,-0.834170650690794,-0.21839215606451,,-0.00048111375,-0.588050063699484,
,,,-0.00048108775,-0.793969638645649,-0.21839215606451,,-0.00048108775,-0.548010996426456,
,,,-0.00048106175,-0.834170650690794,-0.21839215606451,,-0.00048106175,-0.588050063699484,
,,,-0.00048103575,-0.834170650690794,-0.21839215606451,,-0.00048103575,-0.588050063699484,
,,,-0.00048100975,-0.793969638645649,-0.21839215606451,,-0.00048100975,-0.548010996426456,
,,,-0.00048098375,-0.793969638645649,-0.226713763549924,,-0.00048098375,-0.539221932878718,
,,,-0.00048095775,-0.834170650690794,-0.21839215606451,,-0.00048095775,-0.588050063699484,
,,,-0.00048093175,-0.793969638645649,-0.21839215606451,,-0.00048093175,-0.548010996426456,
,,,-0.00048090575,-0.834170650690794,-0.226713763549924,,-0.00048090575,-0.579261000151746,
,,,-0.00048087975,-0.834170650690794,-0.21839215606451,,-0.00048087975,-0.588050063699484,
,,,-0.00048085375,-0.834170650690794,-0.21839215606451,,-0.00048085375,-0.588050063699484,
,,,-0.00048082775,-0.834170650690794,-0.226713763549924,,-0.00048082775,-0.579261000151746,
,,,-0.00048080175,-0.793969638645649,-0.226713763549924,,-0.00048080175,-0.539221932878718,
,,,-0.00048077575,-0.874371662735939,-0.21839215606451,,-0.00048077575,-0.628089130972512,
,,,-0.00048074975,-0.834170650690794,-0.21839215606451,,-0.00048074975,-0.588050063699484,
,,,-0.00048072375,-0.834170650690794,-0.226713763549924,,-0.00048072375,-0.579261000151746,
,,,-0.00048069775,-0.834170650690794,-0.21839215606451,,-0.00048069775,-0.588050063699484,
,,,-0.00048067175,-0.834170650690794,-0.21839215606451,,-0.00048067175,-0.588050063699484,
,,,-0.00048064575,-0.834170650690794,-0.21839215606451,,-0.00048064575,-0.588050063699484,
,,,-0.00048061975,-0.834170650690794,-0.226713763549924,,-0.00048061975,-0.579261000151746,
,,,-0.00048059375,-0.834170650690794,-0.226713763549924,,-0.00048059375,-0.579261000151746,
,,,-0.00048056775,-0.793969638645649,-0.21839215606451,,-0.00048056775,-0.548010996426456,
,,,-0.00048054175,-0.834170650690794,-0.226713763549924,,-0.00048054175,-0.579261000151746,
,,,-0.00048051575,-0.834170650690794,-0.226713763549924,,-0.00048051575,-0.579261000151746,
,,,-0.00048048975,-0.834170650690794,-0.226713763549924,,-0.00048048975,-0.579261000151746,
,,,-0.00048046375,-0.793969638645649,-0.21839215606451,,-0.00048046375,-0.548010996426456,
,,,-0.00048043775,-0.834170650690794,-0.226713763549924,,-0.00048043775,-0.579261000151746,
,,,-0.00048041175,-0.834170650690794,-0.226713763549924,,-0.00048041175,-0.579261000151746,
,,,-0.00048038575,-0.793969638645649,-0.226713763549924,,-0.00048038575,-0.539221932878718,
,,,-0.00048035975,-0.834170650690794,-0.226713763549924,,-0.00048035975,-0.579261000151746,
,,,-0.00048033375,-0.834170650690794,-0.226713763549924,,-0.00048033375,-0.579261000151746,
,,,-0.00048030775,-0.834170650690794,-0.226713763549924,,-0.00048030775,-0.579261000151746,
,,,-0.00048028175,-0.834170650690794,-0.226713763549924,,-0.00048028175,-0.579261000151746,
,,,-0.00048025575,-0.834170650690794,-0.226713763549924,,-0.00048025575,-0.579261000151746,
,,,-0.00048022975,-0.834170650690794,-0.226713763549924,,-0.00048022975,-0.579261000151746,
,,,-0.00048020375,-0.834170650690794,-0.226713763549924,,-0.00048020375,-0.579261000151746,
,,,-0.00048017775,-0.834170650690794,-0.226713763549924,,-0.00048017775,-0.579261000151746,
,,,-0.00048015175,-0.834170650690794,-0.226713763549924,,-0.00048015175,-0.579261000151746,
,,,-0.00048012575,-0.834170650690794,-0.226713763549924,,-0.00048012575,-0.579261000151746,
,,,-0.00048009975,-0.834170650690794,-0.226713763549924,,-0.00048009975,-0.579261000151746,
,,,-0.00048007375,-0.793969638645649,-0.226713763549924,,-0.00048007375,-0.539221932878718,
,,,-0.00048004775,-0.834170650690794,-0.226713763549924,,-0.00048004775,-0.579261000151746,
,,,-0.00048002175,-0.793969638645649,-0.226713763549924,,-0.00048002175,-0.539221932878718,
,,,-0.00047999575,-0.834170650690794,-0.226713763549924,,-0.00047999575,-0.579261000151746,
,,,-0.00047996975,-0.834170650690794,-0.226713763549924,,-0.00047996975,-0.579261000151746,
,,,-0.00047994375,-0.834170650690794,-0.226713763549924,,-0.00047994375,-0.579261000151746,
,,,-0.00047991775,-0.834170650690794,-0.226713763549924,,-0.00047991775,-0.579261000151746,
,,,-0.00047989175,-0.793969638645649,-0.226713763549924,,-0.00047989175,-0.539221932878718,
,,,-0.00047986575,-0.834170650690794,-0.226713763549924,,-0.00047986575,-0.579261000151746,
,,,-0.00047983975,-0.834170650690794,-0.226713763549924,,-0.00047983975,-0.579261000151746,
,,,-0.00047981375,-0.834170650690794,-0.226713763549924,,-0.00047981375,-0.579261000151746,
,,,-0.00047978775,-0.834170650690794,-0.226713763549924,,-0.00047978775,-0.579261000151746,
,,,-0.00047976175,-0.834170650690794,-0.226713763549924,,-0.00047976175,-0.579261000151746,
,,,-0.00047973575,-0.874371662735939,-0.226713763549924,,-0.00047973575,-0.619300067424774,
,,,-0.00047970975,-0.834170650690794,-0.226713763549924,,-0.00047970975,-0.579261000151746,
,,,-0.00047968375,-0.834170650690794,-0.226713763549924,,-0.00047968375,-0.579261000151746,
,,,-0.00047965775,-0.834170650690794,-0.226713763549924,,-0.00047965775,-0.579261000151746,
,,,-0.00047963175,-0.793969638645649,-0.226713763549924,,-0.00047963175,-0.539221932878718,
,,,-0.00047960575,-0.834170650690794,-0.226713763549924,,-0.00047960575,-0.579261000151746,
,,,-0.00047957975,-0.834170650690794,-0.226713763549924,,-0.00047957975,-0.579261000151746,
,,,-0.00047955375,-0.834170650690794,-0.226713763549924,,-0.00047955375,-0.579261000151746,
,,,-0.00047952775,-0.834170650690794,-0.226713763549924,,-0.00047952775,-0.579261000151746,
,,,-0.00047950175,-0.834170650690794,-0.226713763549924,,-0.00047950175,-0.579261000151746,
,,,-0.00047947575,-0.793969638645649,-0.226713763549924,,-0.00047947575,-0.539221932878718,
,,,-0.00047944975,-0.793969638645649,-0.226713763549924,,-0.00047944975,-0.539221932878718,
,,,-0.00047942375,-0.834170650690794,-0.226713763549924,,-0.00047942375,-0.579261000151746,
,,,-0.00047939775,-0.834170650690794,-0.226713763549924,,-0.00047939775,-0.579261000151746,
,,,-0.00047937175,-0.834170650690794,-0.226713763549924,,-0.00047937175,-0.579261000151746,
,,,-0.00047934575,-0.834170650690794,-0.226713763549924,,-0.00047934575,-0.579261000151746,
,,,-0.00047931975,-0.834170650690794,-0.226713763549924,,-0.00047931975,-0.579261000151746,
,,,-0.00047929375,-0.834170650690794,-0.226713763549924,,-0.00047929375,-0.579261000151746,
,,,-0.00047926775,-0.834170650690794,-0.226713763549924,,-0.00047926775,-0.579261000151746,
,,,-0.00047924175,-0.793969638645649,-0.226713763549924,,-0.00047924175,-0.539221932878718,
,,,-0.00047921575,-0.834170650690794,-0.226713763549924,,-0.00047921575,-0.579261000151746,
,,,-0.00047918975,-0.834170650690794,-0.226713763549924,,-0.00047918975,-0.579261000151746,
,,,-0.00047916375,-0.834170650690794,-0.235035371035337,,-0.00047916375,-0.571448499220423,
,,,-0.00047913775,-0.834170650690794,-0.235035371035337,,-0.00047913775,-0.571448499220423,
,,,-0.00047911175,-0.834170650690794,-0.226713763549924,,-0.00047911175,-0.579261000151746,
,,,-0.00047908575,-0.834170650690794,-0.226713763549924,,-0.00047908575,-0.579261000151746,
,,,-0.00047905975,-0.834170650690794,-0.226713763549924,,-0.00047905975,-0.579261000151746,
,,,-0.00047903375,-0.834170650690794,-0.226713763549924,,-0.00047903375,-0.579261000151746,
,,,-0.00047900775,-0.834170650690794,-0.226713763549924,,-0.00047900775,-0.579261000151746,
,,,-0.00047898175,-0.834170650690794,-0.226713763549924,,-0.00047898175,-0.579261000151746,
,,,-0.00047895575,-0.834170650690794,-0.235035371035337,,-0.00047895575,-0.571448499220423,
,,,-0.00047892975,-0.834170650690794,-0.226713763549924,,-0.00047892975,-0.579261000151746,
,,,-0.00047890375,-0.834170650690794,-0.226713763549924,,-0.00047890375,-0.579261000151746,
,,,-0.00047887775,-0.834170650690794,-0.226713763549924,,-0.00047887775,-0.579261000151746,
,,,-0.00047885175,-0.834170650690794,-0.226713763549924,,-0.00047885175,-0.579261000151746,
,,,-0.00047882575,-0.834170650690794,-0.226713763549924,,-0.00047882575,-0.579261000151746,
,,,-0.00047879975,-0.834170650690794,-0.226713763549924,,-0.00047879975,-0.579261000151746,
,,,-0.00047877375,-0.834170650690794,-0.226713763549924,,-0.00047877375,-0.579261000151746,
,,,-0.00047874775,-0.834170650690794,-0.226713763549924,,-0.00047874775,-0.579261000151746,
,,,-0.00047872175,-0.834170650690794,-0.235035371035337,,-0.00047872175,-0.571448499220423,
,,,-0.00047869575,-0.834170650690794,-0.226713763549924,,-0.00047869575,-0.579261000151746,
,,,-0.00047866975,-0.834170650690794,-0.226713763549924,,-0.00047866975,-0.579261000151746,
,,,-0.00047864375,-0.793969638645649,-0.235035371035337,,-0.00047864375,-0.531409431947395,
,,,-0.00047861775,-0.834170650690794,-0.226713763549924,,-0.00047861775,-0.579261000151746,
,,,-0.00047859175,-0.834170650690794,-0.226713763549924,,-0.00047859175,-0.579261000151746,
,,,-0.00047856575,-0.793969638645649,-0.235035371035337,,-0.00047856575,-0.531409431947395,
,,,-0.00047853975,-0.834170650690794,-0.235035371035337,,-0.00047853975,-0.571448499220423,
,,,-0.00047851375,-0.793969638645649,-0.226713763549924,,-0.00047851375,-0.539221932878718,
,,,-0.00047848775,-0.834170650690794,-0.226713763549924,,-0.00047848775,-0.579261000151746,
,,,-0.00047846175,-0.834170650690794,-0.226713763549924,,-0.00047846175,-0.579261000151746,
,,,-0.00047843575,-0.834170650690794,-0.226713763549924,,-0.00047843575,-0.579261000151746,
,,,-0.00047840975,-0.834170650690794,-0.235035371035337,,-0.00047840975,-0.571448499220423,
,,,-0.00047838375,-0.834170650690794,-0.235035371035337,,-0.00047838375,-0.571448499220423,
,,,-0.00047835775,-0.834170650690794,-0.235035371035337,,-0.00047835775,-0.571448499220423,
,,,-0.00047833175,-0.834170650690794,-0.226713763549924,,-0.00047833175,-0.579261000151746,
,,,-0.00047830575,-0.834170650690794,-0.235035371035337,,-0.00047830575,-0.571448499220423,
,,,-0.00047827975,-0.834170650690794,-0.226713763549924,,-0.00047827975,-0.579261000151746,
,,,-0.00047825375,-0.834170650690794,-0.226713763549924,,-0.00047825375,-0.579261000151746,
,,,-0.00047822775,-0.834170650690794,-0.235035371035337,,-0.00047822775,-0.571448499220423,
,,,-0.00047820175,-0.793969638645649,-0.226713763549924,,-0.00047820175,-0.539221932878718,
,,,-0.00047817575,-0.834170650690794,-0.235035371035337,,-0.00047817575,-0.571448499220423,
,,,-0.00047814975,-0.834170650690794,-0.226713763549924,,-0.00047814975,-0.579261000151746,
,,,-0.00047812375,-0.834170650690794,-0.235035371035337,,-0.00047812375,-0.571448499220423,
,,,-0.00047809775,-0.834170650690794,-0.226713763549924,,-0.00047809775,-0.579261000151746,
,,,-0.00047807175,-0.834170650690794,-0.226713763549924,,-0.00047807175,-0.579261000151746,
,,,-0.00047804575,-0.834170650690794,-0.235035371035337,,-0.00047804575,-0.571448499220423,
,,,-0.00047801975,-0.834170650690794,-0.235035371035337,,-0.00047801975,-0.571448499220423,
,,,-0.00047799375,-0.793969638645649,-0.226713763549924,,-0.00047799375,-0.539221932878718,
,,,-0.00047796775,-0.834170650690794,-0.235035371035337,,-0.00047796775,-0.571448499220423,
,,,-0.00047794175,-0.834170650690794,-0.226713763549924,,-0.00047794175,-0.579261000151746,
,,,-0.00047791575,-0.834170650690794,-0.226713763549924,,-0.00047791575,-0.579261000151746,
,,,-0.00047788975,-0.834170650690794,-0.235035371035337,,-0.00047788975,-0.571448499220423,
,,,-0.00047786375,-0.834170650690794,-0.226713763549924,,-0.00047786375,-0.579261000151746,
,,,-0.00047783775,-0.834170650690794,-0.235035371035337,,-0.00047783775,-0.571448499220423,
,,,-0.00047781175,-0.834170650690794,-0.235035371035337,,-0.00047781175,-0.571448499220423,
,,,-0.00047778575,-0.793969638645649,-0.226713763549924,,-0.00047778575,-0.539221932878718,
,,,-0.00047775975,-0.834170650690794,-0.235035371035337,,-0.00047775975,-0.571448499220423,
,,,-0.00047773375,-0.834170650690794,-0.235035371035337,,-0.00047773375,-0.571448499220423,
,,,-0.00047770775,-0.834170650690794,-0.235035371035337,,-0.00047770775,-0.571448499220423,
,,,-0.00047768175,-0.793969638645649,-0.235035371035337,,-0.00047768175,-0.531409431947395,
,,,-0.00047765575,-0.834170650690794,-0.235035371035337,,-0.00047765575,-0.571448499220423,
,,,-0.00047762975,-0.834170650690794,-0.226713763549924,,-0.00047762975,-0.579261000151746,
,,,-0.00047760375,-0.793969638645649,-0.226713763549924,,-0.00047760375,-0.539221932878718,
,,,-0.00047757775,-0.834170650690794,-0.235035371035337,,-0.00047757775,-0.571448499220423,
,,,-0.00047755175,-0.834170650690794,-0.235035371035337,,-0.00047755175,-0.571448499220423,
,,,-0.00047752575,-0.834170650690794,-0.235035371035337,,-0.00047752575,-0.571448499220423,
,,,-0.00047749975,-0.834170650690794,-0.235035371035337,,-0.00047749975,-0.571448499220423,
,,,-0.00047747375,-0.834170650690794,-0.235035371035337,,-0.00047747375,-0.571448499220423,
,,,-0.00047744775,-0.834170650690794,-0.235035371035337,,-0.00047744775,-0.571448499220423,
,,,-0.00047742175,-0.834170650690794,-0.226713763549924,,-0.00047742175,-0.579261000151746,
,,,-0.00047739575,-0.793969638645649,-0.235035371035337,,-0.00047739575,-0.531409431947395,
,,,-0.00047736975,-0.834170650690794,-0.235035371035337,,-0.00047736975,-0.571448499220423,
,,,-0.00047734375,-0.834170650690794,-0.235035371035337,,-0.00047734375,-0.571448499220423,
,,,-0.00047731775,-0.834170650690794,-0.235035371035337,,-0.00047731775,-0.571448499220423,
,,,-0.00047729175,-0.834170650690794,-0.235035371035337,,-0.00047729175,-0.571448499220423,
,,,-0.00047726575,-0.834170650690794,-0.235035371035337,,-0.00047726575,-0.571448499220423,
,,,-0.00047723975,-0.834170650690794,-0.235035371035337,,-0.00047723975,-0.571448499220423,
,,,-0.00047721375,-0.834170650690794,-0.235035371035337,,-0.00047721375,-0.571448499220423,
,,,-0.00047718775,-0.793969638645649,-0.235035371035337,,-0.00047718775,-0.531409431947395,
,,,-0.00047716175,-0.793969638645649,-0.226713763549924,,-0.00047716175,-0.539221932878718,
,,,-0.00047713575,-0.834170650690794,-0.235035371035337,,-0.00047713575,-0.571448499220423,
,,,-0.00047710975,-0.834170650690794,-0.235035371035337,,-0.00047710975,-0.571448499220423,
,,,-0.00047708375,-0.834170650690794,-0.235035371035337,,-0.00047708375,-0.571448499220423,
,,,-0.00047705775,-0.834170650690794,-0.235035371035337,,-0.00047705775,-0.571448499220423,
,,,-0.00047703175,-0.834170650690794,-0.235035371035337,,-0.00047703175,-0.571448499220423,
,,,-0.00047700575,-0.834170650690794,-0.235035371035337,,-0.00047700575,-0.571448499220423,
,,,-0.00047697975,-0.834170650690794,-0.235035371035337,,-0.00047697975,-0.571448499220423,
,,,-0.00047695375,-0.834170650690794,-0.235035371035337,,-0.00047695375,-0.571448499220423,
,,,-0.00047692775,-0.834170650690794,-0.226713763549924,,-0.00047692775,-0.579261000151746,
,,,-0.00047690175,-0.834170650690794,-0.235035371035337,,-0.00047690175,-0.571448499220423,
,,,-0.00047687575,-0.793969638645649,-0.235035371035337,,-0.00047687575,-0.531409431947395,
,,,-0.00047684975,-0.834170650690794,-0.235035371035337,,-0.00047684975,-0.571448499220423,
,,,-0.00047682375,-0.834170650690794,-0.235035371035337,,-0.00047682375,-0.571448499220423,
,,,-0.00047679775,-0.834170650690794,-0.235035371035337,,-0.00047679775,-0.571448499220423,
,,,-0.00047677175,-0.834170650690794,-0.235035371035337,,-0.00047677175,-0.571448499220423,
,,,-0.00047674575,-0.793969638645649,-0.235035371035337,,-0.00047674575,-0.531409431947395,
,,,-0.00047671975,-0.834170650690794,-0.235035371035337,,-0.00047671975,-0.571448499220423,
,,,-0.00047669375,-0.834170650690794,-0.235035371035337,,-0.00047669375,-0.571448499220423,
,,,-0.00047666775,-0.834170650690794,-0.235035371035337,,-0.00047666775,-0.571448499220423,
,,,-0.00047664175,-0.834170650690794,-0.235035371035337,,-0.00047664175,-0.571448499220423,
,,,-0.00047661575,-0.834170650690794,-0.235035371035337,,-0.00047661575,-0.571448499220423,
,,,-0.00047658975,-0.834170650690794,-0.235035371035337,,-0.00047658975,-0.571448499220423,
,,,-0.00047656375,-0.834170650690794,-0.235035371035337,,-0.00047656375,-0.571448499220423,
,,,-0.00047653775,-0.793969638645649,-0.235035371035337,,-0.00047653775,-0.531409431947395,
,,,-0.00047651175,-0.834170650690794,-0.235035371035337,,-0.00047651175,-0.571448499220423,
,,,-0.00047648575,-0.834170650690794,-0.235035371035337,,-0.00047648575,-0.571448499220423,
,,,-0.00047645975,-0.834170650690794,-0.235035371035337,,-0.00047645975,-0.571448499220423,
,,,-0.00047643375,-0.834170650690794,-0.235035371035337,,-0.00047643375,-0.571448499220423,
,,,-0.00047640775,-0.874371662735939,-0.235035371035337,,-0.00047640775,-0.611487566493452,
,,,-0.00047638175,-0.834170650690794,-0.235035371035337,,-0.00047638175,-0.571448499220423,
,,,-0.00047635575,-0.834170650690794,-0.235035371035337,,-0.00047635575,-0.571448499220423,
,,,-0.00047632975,-0.793969638645649,-0.235035371035337,,-0.00047632975,-0.531409431947395,
,,,-0.00047630375,-0.834170650690794,-0.235035371035337,,-0.00047630375,-0.571448499220423,
,,,-0.00047627775,-0.793969638645649,-0.235035371035337,,-0.00047627775,-0.531409431947395,
,,,-0.00047625175,-0.793969638645649,-0.235035371035337,,-0.00047625175,-0.531409431947395,
,,,-0.00047622575,-0.834170650690794,-0.235035371035337,,-0.00047622575,-0.571448499220423,
,,,-0.00047619975,-0.834170650690794,-0.235035371035337,,-0.00047619975,-0.571448499220423,
,,,-0.00047617375,-0.834170650690794,-0.235035371035337,,-0.00047617375,-0.571448499220423,
,,,-0.00047614775,-0.793969638645649,-0.235035371035337,,-0.00047614775,-0.531409431947395,
,,,-0.00047612175,-0.834170650690794,-0.235035371035337,,-0.00047612175,-0.571448499220423,
,,,-0.00047609575,-0.834170650690794,-0.235035371035337,,-0.00047609575,-0.571448499220423,
,,,-0.00047606975,-0.834170650690794,-0.235035371035337,,-0.00047606975,-0.571448499220423,
,,,-0.00047604375,-0.793969638645649,-0.235035371035337,,-0.00047604375,-0.531409431947395,
,,,-0.00047601775,-0.793969638645649,-0.235035371035337,,-0.00047601775,-0.531409431947395,
,,,-0.00047599175,-0.834170650690794,-0.235035371035337,,-0.00047599175,-0.571448499220423,
,,,-0.00047596575,-0.834170650690794,-0.235035371035337,,-0.00047596575,-0.571448499220423,
,,,-0.00047593975,-0.834170650690794,-0.235035371035337,,-0.00047593975,-0.571448499220423,
,,,-0.00047591375,-0.793969638645649,-0.243356978520751,,-0.00047591375,-0.522620368399657,
,,,-0.00047588775,-0.834170650690794,-0.235035371035337,,-0.00047588775,-0.571448499220423,
,,,-0.00047586175,-0.834170650690794,-0.235035371035337,,-0.00047586175,-0.571448499220423,
,,,-0.00047583575,-0.834170650690794,-0.235035371035337,,-0.00047583575,-0.571448499220423,
,,,-0.00047580975,-0.793969638645649,-0.235035371035337,,-0.00047580975,-0.531409431947395,
,,,-0.00047578375,-0.793969638645649,-0.235035371035337,,-0.00047578375,-0.531409431947395,
,,,-0.00047575775,-0.834170650690794,-0.235035371035337,,-0.00047575775,-0.571448499220423,
,,,-0.00047573175,-0.834170650690794,-0.235035371035337,,-0.00047573175,-0.571448499220423,
,,,-0.00047570575,-0.834170650690794,-0.235035371035337,,-0.00047570575,-0.571448499220423,
,,,-0.00047567975,-0.834170650690794,-0.235035371035337,,-0.00047567975,-0.571448499220423,
,,,-0.00047565375,-0.834170650690794,-0.235035371035337,,-0.00047565375,-0.571448499220423,
,,,-0.00047562775,-0.793969638645649,-0.243356978520751,,-0.00047562775,-0.522620368399657,
,,,-0.00047560175,-0.834170650690794,-0.235035371035337,,-0.00047560175,-0.571448499220423,
,,,-0.00047557575,-0.834170650690794,-0.235035371035337,,-0.00047557575,-0.571448499220423,
,,,-0.00047554975,-0.834170650690794,-0.235035371035337,,-0.00047554975,-0.571448499220423,
,,,-0.00047552375,-0.834170650690794,-0.235035371035337,,-0.00047552375,-0.571448499220423,
,,,-0.00047549775,-0.834170650690794,-0.235035371035337,,-0.00047549775,-0.571448499220423,
,,,-0.00047547175,-0.834170650690794,-0.243356978520751,,-0.00047547175,-0.562659435672686,
,,,-0.00047544575,-0.834170650690794,-0.235035371035337,,-0.00047544575,-0.571448499220423,
,,,-0.00047541975,-0.793969638645649,-0.235035371035337,,-0.00047541975,-0.531409431947395,
,,,-0.00047539375,-0.793969638645649,-0.235035371035337,,-0.00047539375,-0.531409431947395,
,,,-0.00047536775,-0.834170650690794,-0.235035371035337,,-0.00047536775,-0.571448499220423,
,,,-0.00047534175,-0.834170650690794,-0.235035371035337,,-0.00047534175,-0.571448499220423,
,,,-0.00047531575,-0.834170650690794,-0.235035371035337,,-0.00047531575,-0.571448499220423,
,,,-0.00047528975,-0.793969638645649,-0.243356978520751,,-0.00047528975,-0.522620368399657,
,,,-0.00047526375,-0.834170650690794,-0.235035371035337,,-0.00047526375,-0.571448499220423,
,,,-0.00047523775,-0.834170650690794,-0.235035371035337,,-0.00047523775,-0.571448499220423,
,,,-0.00047521175,-0.834170650690794,-0.235035371035337,,-0.00047521175,-0.571448499220423,
,,,-0.00047518575,-0.834170650690794,-0.235035371035337,,-0.00047518575,-0.571448499220423,
,,,-0.00047515975,-0.834170650690794,-0.235035371035337,,-0.00047515975,-0.571448499220423,
,,,-0.00047513375,-0.834170650690794,-0.235035371035337,,-0.00047513375,-0.571448499220423,
,,,-0.00047510775,-0.793969638645649,-0.243356978520751,,-0.00047510775,-0.522620368399657,
,,,-0.00047508175,-0.793969638645649,-0.235035371035337,,-0.00047508175,-0.531409431947395,
,,,-0.00047505575,-0.834170650690794,-0.235035371035337,,-0.00047505575,-0.571448499220423,
,,,-0.00047502975,-0.834170650690794,-0.235035371035337,,-0.00047502975,-0.571448499220423,
,,,-0.00047500375,-0.834170650690794,-0.235035371035337,,-0.00047500375,-0.571448499220423,
,,,-0.00047497775,-0.793969638645649,-0.235035371035337,,-0.00047497775,-0.531409431947395,
,,,-0.00047495175,-0.834170650690794,-0.235035371035337,,-0.00047495175,-0.571448499220423,
,,,-0.00047492575,-0.834170650690794,-0.235035371035337,,-0.00047492575,-0.571448499220423,
,,,-0.00047489975,-0.834170650690794,-0.235035371035337,,-0.00047489975,-0.571448499220423,
,,,-0.00047487375,-0.793969638645649,-0.235035371035337,,-0.00047487375,-0.531409431947395,
,,,-0.00047484775,-0.834170650690794,-0.235035371035337,,-0.00047484775,-0.571448499220423,
,,,-0.00047482175,-0.834170650690794,-0.243356978520751,,-0.00047482175,-0.562659435672686,
,,,-0.00047479575,-0.834170650690794,-0.243356978520751,,-0.00047479575,-0.562659435672686,
,,,-0.00047476975,-0.834170650690794,-0.235035371035337,,-0.00047476975,-0.571448499220423,
