Instrument in Sequence,1 - E3631A - ASRL3::INSTR,,,,,,,,,,
Instrument in Sequence,2 - 34450A - USB0::0x0957::0xB318::MY53180202::0::INSTR,,,,,,,,,,
Instrument in Sequence,3 - 34461A - USB0::0x2A8D::0x1301::MY57212367::0::INSTR,,,,,,,,,,
Start Time,2022-11-30 11:44:30.995,,,,,,,,,,
Stop Time,2022-11-30 12:01:00.885,,,,,,,,,,
,,,,,,,,,,,
Time,Step,1 - Set CH1 On/Off,1 - Set CH2 On/Off,1 - Sweep CH2 Voltage Setting,1 - Get CH2 Voltage Setting,1 - Get CH2 Current Measurement,1 - Sweep CH1 Voltage Setting,2 - Get Measurement Value,3 - Get Measurement Value,1 - Set CH1 On/Off,1 - Set CH2 On/Off ()
2022-11-30 11:44:34.255,1,1,,,,,,,,,
2022-11-30 11:44:35.677,2,,1,,,,,,,,
2022-11-30 11:44:40.399,3,,,0,0,-9.845227E-05,,,,,
2022-11-30 11:44:43.075,4,,,0,,,0,0.000132683921,-1.24462423E-09,,
2022-11-30 11:44:45.330,5,,,0,,,0.05,-0.049819546,3.3377515E-09,,
2022-11-30 11:44:47.579,6,,,0,,,0.1,-0.09948848,8.562188E-09,,
2022-11-30 11:44:50.107,7,,,0,,,0.15,-0.149442535,1.30483465E-08,,
2022-11-30 11:44:52.322,8,,,0,,,0.2,-0.199470033,1.82681903E-08,,
2022-11-30 11:44:54.506,9,,,0,,,0.25,-0.249417107,2.29908733E-08,,
2022-11-30 11:44:56.783,10,,,0,,,0.3,-0.299428927,2.92672698E-08,,
2022-11-30 11:44:59.017,11,,,0,,,0.35,-0.349357834,3.2680801E-08,,
2022-11-30 11:45:01.215,12,,,0,,,0.4,-0.399409502,3.84526885E-08,,
2022-11-30 11:45:03.386,13,,,0,,,0.45,-0.449358378,4.29905149E-08,,
2022-11-30 11:45:05.638,14,,,0,,,0.5,-0.499357293,4.84195566E-08,,
2022-11-30 11:45:07.873,15,,,0,,,0.55,-0.549307397,5.29413086E-08,,
2022-11-30 11:45:09.992,16,,,0,,,0.6,-0.599339046,5.83786172E-08,,
2022-11-30 11:45:12.207,17,,,0,,,0.65,-0.649185646,6.17994967E-08,,
2022-11-30 11:45:14.442,18,,,0,,,0.7,-0.699196882,6.86109439E-08,,
2022-11-30 11:45:16.556,19,,,0,,,0.75,-0.749155375,7.30227005E-08,,
2022-11-30 11:45:18.796,20,,,0,,,0.8,-0.799187664,7.71262863E-08,,
2022-11-30 11:45:21.053,21,,,0,,,0.85,-0.849140422,8.27227323E-08,,
2022-11-30 11:45:23.198,22,,,0,,,0.9,-0.898873336,8.7979777E-08,,
2022-11-30 11:45:25.428,23,,,0,,,0.95,-0.948827596,9.27789286E-08,,
2022-11-30 11:45:27.664,24,,,0,,,1,-0.998773651,9.69768946E-08,,
2022-11-30 11:45:29.899,25,,,0,,,1.05,-1.04882154,1.02664276E-07,,
2022-11-30 11:45:32.013,26,,,0,,,1.1,-1.09877776,1.08023509E-07,,
2022-11-30 11:45:34.254,27,,,0,,,1.15,-1.14849413,1.13199722E-07,,
2022-11-30 11:45:36.486,28,,,0,,,1.2,-1.19842412,1.17341427E-07,,
2022-11-30 11:45:38.996,29,,,0,,,1.25,-1.24848771,1.2333009E-07,,
2022-11-30 11:45:41.240,30,,,0,,,1.3,-1.29847776,1.28951107E-07,,
2022-11-30 11:45:43.376,31,,,0,,,1.35,-1.34844132,1.32371298E-07,,
2022-11-30 11:45:45.595,32,,,0,,,1.4,-1.39840613,1.37829044E-07,,
2022-11-30 11:45:47.832,33,,,0,,,1.45,-1.44844232,1.43387371E-07,,
2022-11-30 11:45:50.045,34,,,0,,,1.5,-1.49840454,1.48862569E-07,,
2022-11-30 11:45:52.173,35,,,0,,,1.55,-1.54838441,1.52674747E-07,,
2022-11-30 11:45:54.391,36,,,0,,,1.6,-1.59832277,1.5619437E-07,,
2022-11-30 11:45:56.637,37,,,0,,,1.65,-1.64835083,1.62580992E-07,,
2022-11-30 11:45:58.747,38,,,0,,,1.7,-1.69823956,1.68343464E-07,,
2022-11-30 11:46:00.993,39,,,0,,,1.75,-1.74826173,1.7317752E-07,,
2022-11-30 11:46:03.241,40,,,0,,,1.8,-1.7982172,1.7731647E-07,,
2022-11-30 11:46:05.388,41,,,0,,,1.85,-1.84826739,1.83304674E-07,,
2022-11-30 11:46:07.640,42,,,0,,,1.9,-1.89830316,1.88501784E-07,,
2022-11-30 11:46:09.900,43,,,0,,,1.95,-1.94826647,1.93280957E-07,,
2022-11-30 11:46:12.048,44,,,0,,,2,-1.99826777,1.9743713E-07,,
2022-11-30 11:46:14.170,45,,,0,,,2.05,-2.04830678,2.03110733E-07,,
2022-11-30 11:46:16.394,46,,,0,,,2.1,-2.09815888,2.08137224E-07,,
2022-11-30 11:46:18.653,47,,,0,,,2.15,-2.14812855,2.13446855E-07,,
2022-11-30 11:46:20.769,48,,,0,,,2.2,-2.19788098,2.1822488E-07,,
2022-11-30 11:46:23.076,49,,,0,,,2.25,-2.24790683,2.22980401E-07,,
2022-11-30 11:46:25.309,50,,,0,,,2.3,-2.29788687,2.28013092E-07,,
2022-11-30 11:46:27.440,51,,,0,,,2.35,-2.34783493,2.32860926E-07,,
2022-11-30 11:46:29.692,52,,,0,,,2.4,-2.39777461,2.37443302E-07,,
2022-11-30 11:46:31.928,53,,,0,,,2.45,-2.44779259,2.42947664E-07,,
2022-11-30 11:46:34.064,54,,,0,,,2.5,-2.4977518,2.48007222E-07,,
2022-11-30 11:46:36.317,55,,,0,,,2.55,-2.54777691,2.52403823E-07,,
2022-11-30 11:46:38.572,56,,,0,,,2.6,-2.59772964,2.57042459E-07,,
2022-11-30 11:46:40.728,57,,,0,,,2.65,-2.64782264,2.62955573E-07,,
2022-11-30 11:46:42.843,58,,,0,,,2.7,-2.69772406,2.68202743E-07,,
2022-11-30 11:46:45.048,59,,,0,,,2.75,-2.74765622,2.7325059E-07,,
2022-11-30 11:46:47.308,60,,,0,,,2.8,-2.79757117,2.77621242E-07,,
2022-11-30 11:46:49.451,61,,,0,,,2.85,-2.84754291,2.82968304E-07,,
2022-11-30 11:46:51.703,62,,,0,,,2.9,-2.8975483,2.8751899E-07,,
2022-11-30 11:46:53.966,63,,,0,,,2.95,-2.94760723,2.92587044E-07,,
2022-11-30 11:46:56.071,64,,,0,,,3,-2.99750958,2.97192613E-07,,
2022-11-30 11:47:00.804,65,,,1,1,-8.129087E-05,3,,,,
2022-11-30 11:47:03.543,66,,,1,,,0,9.48450775E-05,-2.66767521E-09,,
2022-11-30 11:47:05.789,67,,,1,,,0.05,-0.0498329751,2.48832991E-09,,
2022-11-30 11:47:07.936,68,,,1,,,0.1,-0.0994861395,7.08769867E-09,,
2022-11-30 11:47:10.462,69,,,1,,,0.15,-0.149433187,1.368237E-08,,
2022-11-30 11:47:12.709,70,,,1,,,0.2,-0.199450592,1.90294318E-08,,
2022-11-30 11:47:14.887,71,,,1,,,0.25,-0.249401388,2.44348211E-08,,
2022-11-30 11:47:17.112,72,,,1,,,0.3,-0.299406737,2.85659631E-08,,
2022-11-30 11:47:19.352,73,,,1,,,0.35,-0.349355048,3.34682211E-08,,
2022-11-30 11:47:21.473,74,,,1,,,0.4,-0.399404882,3.78887038E-08,,
2022-11-30 11:47:23.728,75,,,1,,,0.45,-0.449348615,4.29643365E-08,,
2022-11-30 11:47:25.948,76,,,1,,,0.5,-0.499353189,4.77187092E-08,,
2022-11-30 11:47:28.069,77,,,1,,,0.55,-0.54929791,5.36766014E-08,,
2022-11-30 11:47:30.304,78,,,1,,,0.6,-0.599335502,5.84002029E-08,,
2022-11-30 11:47:32.528,79,,,1,,,0.65,-0.649191488,6.33334616E-08,,
2022-11-30 11:47:34.725,80,,,1,,,0.7,-0.699198362,6.75399241E-08,,
2022-11-30 11:47:36.922,81,,,1,,,0.75,-0.74916883,7.34029768E-08,,
2022-11-30 11:47:39.169,82,,,1,,,0.8,-0.799206349,7.85187958E-08,,
2022-11-30 11:47:41.390,83,,,1,,,0.85,-0.849149808,8.38040857E-08,,
2022-11-30 11:47:43.531,84,,,1,,,0.9,-0.898900076,8.85260798E-08,,
2022-11-30 11:47:45.765,85,,,1,,,0.95,-0.948853334,9.35045767E-08,,
2022-11-30 11:47:48.029,86,,,1,,,1,-0.99880621,9.82910983E-08,,
2022-11-30 11:47:50.166,87,,,1,,,1.05,-1.04886182,1.04585866E-07,,
2022-11-30 11:47:52.414,88,,,1,,,1.1,-1.09882845,1.07497414E-07,,
2022-11-30 11:47:54.684,89,,,1,,,1.15,-1.1485686,1.13174003E-07,,
2022-11-30 11:47:56.787,90,,,1,,,1.2,-1.19849158,1.18895829E-07,,
2022-11-30 11:47:59.360,91,,,1,,,1.25,-1.24861085,1.22847856E-07,,
2022-11-30 11:48:01.531,92,,,1,,,1.3,-1.29857423,1.26783808E-07,,
2022-11-30 11:48:03.662,93,,,1,,,1.35,-1.34858802,1.33536698E-07,,
2022-11-30 11:48:05.894,94,,,1,,,1.4,-1.39844592,1.37124752E-07,,
2022-11-30 11:48:08.126,95,,,1,,,1.45,-1.44852497,1.4237376E-07,,
2022-11-30 11:48:10.238,96,,,1,,,1.5,-1.49848389,1.47938286E-07,,
2022-11-30 11:48:12.481,97,,,1,,,1.55,-1.54847676,1.53821547E-07,,
2022-11-30 11:48:14.721,98,,,1,,,1.6,-1.59844346,1.56332611E-07,,
2022-11-30 11:48:16.844,99,,,1,,,1.65,-1.64848166,1.62603726E-07,,
2022-11-30 11:48:19.056,100,,,1,,,1.7,-1.69829056,1.67521139E-07,,
2022-11-30 11:48:21.359,101,,,1,,,1.75,-1.74835302,1.72582076E-07,,
2022-11-30 11:48:23.547,102,,,1,,,1.8,-1.79829163,1.77449659E-07,,
2022-11-30 11:48:25.721,103,,,1,,,1.85,-1.84834645,1.83026585E-07,,
2022-11-30 11:48:27.977,104,,,1,,,1.9,-1.89834648,1.88324965E-07,,
2022-11-30 11:48:30.204,105,,,1,,,1.95,-1.9483678,1.92970949E-07,,
2022-11-30 11:48:32.303,106,,,1,,,2,-1.99833937,1.97782731E-07,,
2022-11-30 11:48:34.536,107,,,1,,,2.05,-2.048415,2.04145011E-07,,
2022-11-30 11:48:36.779,108,,,1,,,2.1,-2.09833691,2.08954267E-07,,
2022-11-30 11:48:38.873,109,,,1,,,2.15,-2.148382,2.1350059E-07,,
2022-11-30 11:48:41.136,110,,,1,,,2.2,-2.19803327,2.17898339E-07,,
2022-11-30 11:48:43.348,111,,,1,,,2.25,-2.24805094,2.23064218E-07,,
2022-11-30 11:48:45.467,112,,,1,,,2.3,-2.2980425,2.29236819E-07,,
2022-11-30 11:48:47.664,113,,,1,,,2.35,-2.34795534,2.33556492E-07,,
2022-11-30 11:48:49.915,114,,,1,,,2.4,-2.39791182,2.38457602E-07,,
2022-11-30 11:48:52.136,115,,,1,,,2.45,-2.44794428,2.43212663E-07,,
2022-11-30 11:48:54.262,116,,,1,,,2.5,-2.49790163,2.49182956E-07,,
2022-11-30 11:48:56.530,117,,,1,,,2.55,-2.54796604,2.54101518E-07,,
2022-11-30 11:48:58.778,118,,,1,,,2.6,-2.59793894,2.57467055E-07,,
2022-11-30 11:49:00.885,119,,,1,,,2.65,-2.64801359,2.65298084E-07,,
2022-11-30 11:49:03.140,120,,,1,,,2.7,-2.69791139,2.67440124E-07,,
2022-11-30 11:49:05.394,121,,,1,,,2.75,-2.74782413,2.74173036E-07,,
2022-11-30 11:49:07.525,122,,,1,,,2.8,-2.7978409,2.78079135E-07,,
2022-11-30 11:49:09.747,123,,,1,,,2.85,-2.84780232,2.82100741E-07,,
2022-11-30 11:49:12.004,124,,,1,,,2.9,-2.89773624,2.88697708E-07,,
2022-11-30 11:49:14.196,125,,,1,,,2.95,-2.94786092,2.93112221E-07,,
2022-11-30 11:49:16.347,126,,,1,,,3,-2.99775198,2.98553892E-07,,
2022-11-30 11:49:21.060,127,,,2,2,0.001409042,3,,,,
2022-11-30 11:49:23.833,128,,,2,,,0,0.00010867689,9.07955671E-09,,
2022-11-30 11:49:26.014,129,,,2,,,0.05,-0.0498309445,1.30843992E-08,,
2022-11-30 11:49:28.244,130,,,2,,,0.1,-0.0994895342,1.7782052E-08,,
2022-11-30 11:49:30.775,131,,,2,,,0.15,-0.149432472,2.25024386E-08,,
2022-11-30 11:49:32.868,132,,,2,,,0.2,-0.199478931,2.81523896E-08,,
2022-11-30 11:49:35.093,133,,,2,,,0.25,-0.249437781,3.24605806E-08,,
2022-11-30 11:49:37.345,134,,,2,,,0.3,-0.299429386,3.95852506E-08,,
2022-11-30 11:49:39.493,135,,,2,,,0.35,-0.349379796,4.29478027E-08,,
2022-11-30 11:49:41.734,136,,,2,,,0.4,-0.399427862,4.93546323E-08,,
2022-11-30 11:49:43.990,137,,,2,,,0.45,-0.449371939,5.3758122E-08,,
2022-11-30 11:49:46.177,138,,,2,,,0.5,-0.499368576,5.80676908E-08,,
2022-11-30 11:49:48.378,139,,,2,,,0.55,-0.54933357,6.32094585E-08,,
2022-11-30 11:49:50.642,140,,,2,,,0.6,-0.599364246,6.86038252E-08,,
2022-11-30 11:49:52.885,141,,,2,,,0.65,-0.649235586,7.2391203E-08,,
2022-11-30 11:49:55.043,142,,,2,,,0.7,-0.699235116,7.84076522E-08,,
2022-11-30 11:49:57.370,143,,,2,,,0.75,-0.749215149,8.25387942E-08,,
2022-11-30 11:49:59.610,144,,,2,,,0.8,-0.7992494,8.80351191E-08,,
2022-11-30 11:50:01.724,145,,,2,,,0.85,-0.849202148,9.31036332E-08,,
2022-11-30 11:50:03.977,146,,,2,,,0.9,-0.898956362,9.81698508E-08,,
2022-11-30 11:50:06.232,147,,,2,,,0.95,-0.948910987,1.02132211E-07,,
2022-11-30 11:50:08.365,148,,,2,,,1,-0.998874002,1.07547704E-07,,
2022-11-30 11:50:10.609,149,,,2,,,1.05,-1.0489366,1.13220848E-07,,
2022-11-30 11:50:12.855,150,,,2,,,1.1,-1.09890117,1.17656946E-07,,
2022-11-30 11:50:15.029,151,,,2,,,1.15,-1.14863466,1.24430963E-07,,
2022-11-30 11:50:17.249,152,,,2,,,1.2,-1.19858189,1.27766877E-07,,
2022-11-30 11:50:19.781,153,,,2,,,1.25,-1.24866491,1.3300647E-07,,
2022-11-30 11:50:21.910,154,,,2,,,1.3,-1.29856827,1.37205124E-07,,
2022-11-30 11:50:24.176,155,,,2,,,1.35,-1.34856722,1.43227315E-07,,
2022-11-30 11:50:26.430,156,,,2,,,1.4,-1.39860083,1.48027844E-07,,
2022-11-30 11:50:28.570,157,,,2,,,1.45,-1.44867674,1.53598112E-07,,
2022-11-30 11:50:30.831,158,,,2,,,1.5,-1.49851383,1.58087026E-07,,
2022-11-30 11:50:33.089,159,,,2,,,1.55,-1.54859445,1.63260942E-07,,
2022-11-30 11:50:35.210,160,,,2,,,1.6,-1.59851975,1.66967948E-07,,
2022-11-30 11:50:37.402,161,,,2,,,1.65,-1.64854422,1.73331606E-07,,
2022-11-30 11:50:39.653,162,,,2,,,1.7,-1.6985869,1.79279853E-07,,
2022-11-30 11:50:41.881,163,,,2,,,1.75,-1.74850822,1.83209605E-07,,
2022-11-30 11:50:44.014,164,,,2,,,1.8,-1.79851909,1.88620735E-07,,
2022-11-30 11:50:46.254,165,,,2,,,1.85,-1.84865275,1.92845798E-07,,
2022-11-30 11:50:48.509,166,,,2,,,1.9,-1.89849994,1.99040215E-07,,
2022-11-30 11:50:50.628,167,,,2,,,1.95,-1.9485251,2.02137538E-07,,
2022-11-30 11:50:52.875,168,,,2,,,2,-1.99853302,2.08396482E-07,,
2022-11-30 11:50:55.102,169,,,2,,,2.05,-2.04851874,2.13009629E-07,,
2022-11-30 11:50:57.246,170,,,2,,,2.1,-2.09853815,2.18503887E-07,,
2022-11-30 11:50:59.494,171,,,2,,,2.15,-2.14850517,2.23299824E-07,,
2022-11-30 11:51:01.788,172,,,2,,,2.2,-2.19818922,2.28011714E-07,,
2022-11-30 11:51:03.918,173,,,2,,,2.25,-2.24821762,2.34334497E-07,,
2022-11-30 11:51:06.106,174,,,2,,,2.3,-2.29814235,2.37748947E-07,,
2022-11-30 11:51:08.369,175,,,2,,,2.35,-2.34809225,2.42803912E-07,,
2022-11-30 11:51:10.623,176,,,2,,,2.4,-2.39806936,2.48257525E-07,,
2022-11-30 11:51:12.778,177,,,2,,,2.45,-2.44814332,2.52916829E-07,,
2022-11-30 11:51:15.019,178,,,2,,,2.5,-2.49812279,2.57434218E-07,,
2022-11-30 11:51:17.275,179,,,2,,,2.55,-2.5481046,2.63331256E-07,,
2022-11-30 11:51:19.415,180,,,2,,,2.6,-2.59813761,2.67986656E-07,,
2022-11-30 11:51:21.662,181,,,2,,,2.65,-2.64812297,2.72988576E-07,,
2022-11-30 11:51:23.944,182,,,2,,,2.7,-2.69810034,2.77417325E-07,,
2022-11-30 11:51:26.078,183,,,2,,,2.75,-2.74805438,2.82659673E-07,,
2022-11-30 11:51:28.305,184,,,2,,,2.8,-2.7980003,2.8770752E-07,,
2022-11-30 11:51:30.519,185,,,2,,,2.85,-2.84802113,2.91573433E-07,,
2022-11-30 11:51:32.661,186,,,2,,,2.9,-2.89797679,2.98912813E-07,,
2022-11-30 11:51:34.774,187,,,2,,,2.95,-2.94796986,3.03412979E-07,,
2022-11-30 11:51:37.005,188,,,2,,,3,-2.99795207,3.07074057E-07,,
2022-11-30 11:51:41.749,189,,,3,3,0.005888169,3,,,,
2022-11-30 11:51:44.519,190,,,3,,,0,0.000193568347,7.51916075E-08,,
2022-11-30 11:51:46.661,191,,,3,,,0.05,-0.0497594669,7.88641675E-08,,
2022-11-30 11:51:48.934,192,,,3,,,0.1,-0.0994193676,8.51570978E-08,,
2022-11-30 11:51:51.331,193,,,3,,,0.15,-0.149367061,8.87410186E-08,,
2022-11-30 11:51:53.582,194,,,3,,,0.2,-0.199410935,9.46045306E-08,,
2022-11-30 11:51:55.826,195,,,3,,,0.25,-0.2493586,9.88284453E-08,,
2022-11-30 11:51:57.942,196,,,3,,,0.3,-0.299372176,1.03969524E-07,,
2022-11-30 11:52:00.185,197,,,3,,,0.35,-0.349321438,1.08171853E-07,,
2022-11-30 11:52:02.416,198,,,3,,,0.4,-0.399359392,1.13472299E-07,,
2022-11-30 11:52:04.579,199,,,3,,,0.45,-0.449304511,1.19502297E-07,,
2022-11-30 11:52:06.806,200,,,3,,,0.5,-0.499323675,1.25344682E-07,,
2022-11-30 11:52:09.021,201,,,3,,,0.55,-0.549288948,1.30071958E-07,,
2022-11-30 11:52:11.244,202,,,3,,,0.6,-0.599319797,1.34678675E-07,,
2022-11-30 11:52:13.364,203,,,3,,,0.65,-0.649182483,1.39098239E-07,,
2022-11-30 11:52:15.597,204,,,3,,,0.7,-0.699196621,1.43676941E-07,,
2022-11-30 11:52:17.915,205,,,3,,,0.75,-0.749160314,1.48730988E-07,,
2022-11-30 11:52:20.124,206,,,3,,,0.8,-0.799223267,1.53155145E-07,,
2022-11-30 11:52:22.339,207,,,3,,,0.85,-0.849166669,1.58347203E-07,,
2022-11-30 11:52:24.579,208,,,3,,,0.9,-0.898920641,1.65694619E-07,,
2022-11-30 11:52:26.675,209,,,3,,,0.95,-0.948886606,1.68176749E-07,,
2022-11-30 11:52:28.894,210,,,3,,,1,-0.99885218,1.72847305E-07,,
2022-11-30 11:52:31.137,211,,,3,,,1.05,-1.048897,1.78717476E-07,,
2022-11-30 11:52:33.341,212,,,3,,,1.1,-1.09887879,1.83557732E-07,,
2022-11-30 11:52:35.570,213,,,3,,,1.15,-1.14861723,1.88603742E-07,,
2022-11-30 11:52:37.840,214,,,3,,,1.2,-1.19856289,1.9424956E-07,,
2022-11-30 11:52:40.270,215,,,3,,,1.25,-1.24860614,1.99319451E-07,,
2022-11-30 11:52:42.532,216,,,3,,,1.3,-1.29866866,2.02935062E-07,,
2022-11-30 11:52:44.776,217,,,3,,,1.35,-1.34851573,2.09817466E-07,,
2022-11-30 11:52:46.925,218,,,3,,,1.4,-1.39856701,2.150628E-07,,
2022-11-30 11:52:49.189,219,,,3,,,1.45,-1.44860146,2.20044512E-07,,
2022-11-30 11:52:51.486,220,,,3,,,1.5,-1.49852957,2.23681248E-07,,
2022-11-30 11:52:53.591,221,,,3,,,1.55,-1.54852464,2.29835479E-07,,
2022-11-30 11:52:55.863,222,,,3,,,1.6,-1.59856885,2.33591397E-07,,
2022-11-30 11:52:58.110,223,,,3,,,1.65,-1.64858126,2.39194732E-07,,
2022-11-30 11:53:00.267,224,,,3,,,1.7,-1.69845332,2.44162436E-07,,
2022-11-30 11:53:02.465,225,,,3,,,1.75,-1.74850446,2.49447266E-07,,
2022-11-30 11:53:04.731,226,,,3,,,1.8,-1.79852006,2.54166275E-07,,
2022-11-30 11:53:06.926,227,,,3,,,1.85,-1.84852633,2.60194206E-07,,
2022-11-30 11:53:09.078,228,,,3,,,1.9,-1.89857695,2.64309733E-07,,
2022-11-30 11:53:11.320,229,,,3,,,1.95,-1.94852473,2.68472335E-07,,
2022-11-30 11:53:13.519,230,,,3,,,2,-1.99847803,2.74115397E-07,,
2022-11-30 11:53:15.665,231,,,3,,,2.05,-2.04854646,2.79245224E-07,,
2022-11-30 11:53:17.931,232,,,3,,,2.1,-2.09850499,2.84448304E-07,,
2022-11-30 11:53:20.175,233,,,3,,,2.15,-2.1484834,2.88120405E-07,,
2022-11-30 11:53:22.329,234,,,3,,,2.2,-2.19817794,2.93672302E-07,,
2022-11-30 11:53:24.582,235,,,3,,,2.25,-2.24832539,2.9866848E-07,,
2022-11-30 11:53:26.837,236,,,3,,,2.3,-2.29826186,3.03469699E-07,,
2022-11-30 11:53:29.000,237,,,3,,,2.35,-2.3482449,3.09468007E-07,,
2022-11-30 11:53:31.152,238,,,3,,,2.4,-2.39809329,3.13026438E-07,,
2022-11-30 11:53:33.385,239,,,3,,,2.45,-2.44824426,3.19100755E-07,,
2022-11-30 11:53:35.657,240,,,3,,,2.5,-2.49814504,3.23074827E-07,,
2022-11-30 11:53:37.794,241,,,3,,,2.55,-2.54817284,3.28253106E-07,,
2022-11-30 11:53:40.037,242,,,3,,,2.6,-2.59816709,3.34268637E-07,,
2022-11-30 11:53:42.285,243,,,3,,,2.65,-2.64822429,3.40704171E-07,,
2022-11-30 11:53:44.413,244,,,3,,,2.7,-2.6980973,3.44269491E-07,,
2022-11-30 11:53:46.638,245,,,3,,,2.75,-2.74807894,3.49847337E-07,,
2022-11-30 11:53:48.863,246,,,3,,,2.8,-2.79810149,3.54181936E-07,,
2022-11-30 11:53:51.023,247,,,3,,,2.85,-2.84809741,3.58886937E-07,,
2022-11-30 11:53:53.225,248,,,3,,,2.9,-2.89802854,3.62846312E-07,,
2022-11-30 11:53:55.466,249,,,3,,,2.95,-2.94805118,3.6851693E-07,,
2022-11-30 11:53:57.629,250,,,3,,,3,-2.99794516,3.74457829E-07,,
2022-11-30 11:54:02.350,251,,,4,4,0.01369661,3,,,,
2022-11-30 11:54:05.132,252,,,4,,,0,0.000321096145,2.10047332E-07,,
2022-11-30 11:54:07.387,253,,,4,,,0.05,-0.0496247854,2.15302769E-07,,
2022-11-30 11:54:09.551,254,,,4,,,0.1,-0.0992860055,2.19297967E-07,,
2022-11-30 11:54:12.108,255,,,4,,,0.15,-0.149234083,2.2620035E-07,,
2022-11-30 11:54:14.417,256,,,4,,,0.2,-0.199263991,2.29604925E-07,,
2022-11-30 11:54:16.520,257,,,4,,,0.25,-0.249237105,2.35231453E-07,,
2022-11-30 11:54:18.751,258,,,4,,,0.3,-0.299236177,2.38639014E-07,,
2022-11-30 11:54:21.000,259,,,4,,,0.35,-0.349194343,2.44412279E-07,,
2022-11-30 11:54:23.155,260,,,4,,,0.4,-0.399243773,2.50189219E-07,,
2022-11-30 11:54:25.402,261,,,4,,,0.45,-0.449210604,2.54002315E-07,,
2022-11-30 11:54:27.649,262,,,4,,,0.5,-0.499217934,2.59621725E-07,,
2022-11-30 11:54:29.786,263,,,4,,,0.55,-0.549181755,2.64276206E-07,,
2022-11-30 11:54:32.048,264,,,4,,,0.6,-0.599218921,2.69440249E-07,,
2022-11-30 11:54:34.308,265,,,4,,,0.65,-0.649089063,2.73384467E-07,,
2022-11-30 11:54:36.604,266,,,4,,,0.7,-0.699111788,2.79845032E-07,,
2022-11-30 11:54:38.831,267,,,4,,,0.75,-0.749078206,2.8278758E-07,,
2022-11-30 11:54:41.091,268,,,4,,,0.8,-0.799111094,2.89112889E-07,,
2022-11-30 11:54:43.336,269,,,4,,,0.85,-0.84908662,2.93078694E-07,,
2022-11-30 11:54:45.461,270,,,4,,,0.9,-0.898830398,2.98886634E-07,,
2022-11-30 11:54:47.700,271,,,4,,,0.95,-0.948783214,3.0418685E-07,,
2022-11-30 11:54:49.928,272,,,4,,,1,-0.998739774,3.09949093E-07,,
2022-11-30 11:54:52.078,273,,,4,,,1.05,-1.04880209,3.13579859E-07,,
2022-11-30 11:54:54.345,274,,,4,,,1.1,-1.09876527,3.180837E-07,,
2022-11-30 11:54:56.569,275,,,4,,,1.15,-1.14850508,3.22630482E-07,,
2022-11-30 11:54:58.720,276,,,4,,,1.2,-1.19843363,3.27440656E-07,,
2022-11-30 11:55:01.259,277,,,4,,,1.25,-1.24848252,3.33306694E-07,,
2022-11-30 11:55:03.521,278,,,4,,,1.3,-1.29849055,3.38144195E-07,,
2022-11-30 11:55:05.664,279,,,4,,,1.35,-1.3485035,3.44477771E-07,,
2022-11-30 11:55:07.958,280,,,4,,,1.4,-1.39839273,3.48219681E-07,,
2022-11-30 11:55:10.189,281,,,4,,,1.45,-1.44848123,3.53526327E-07,,
2022-11-30 11:55:12.323,282,,,4,,,1.5,-1.49843866,3.58420777E-07,,
2022-11-30 11:55:14.553,283,,,4,,,1.55,-1.54847541,3.63426141E-07,,
2022-11-30 11:55:16.818,284,,,4,,,1.6,-1.59841862,3.69462339E-07,,
2022-11-30 11:55:18.938,285,,,4,,,1.65,-1.64843388,3.7338658E-07,,
2022-11-30 11:55:21.199,286,,,4,,,1.7,-1.69840198,3.77457787E-07,,
2022-11-30 11:55:23.424,287,,,4,,,1.75,-1.74830834,3.83230134E-07,,
2022-11-30 11:55:25.556,288,,,4,,,1.8,-1.79826253,3.87025549E-07,,
2022-11-30 11:55:27.658,289,,,4,,,1.85,-1.8483459,3.92040787E-07,,
2022-11-30 11:55:29.874,290,,,4,,,1.9,-1.8983621,3.97798896E-07,,
2022-11-30 11:55:32.125,291,,,4,,,1.95,-1.94831704,4.02266225E-07,,
2022-11-30 11:55:34.230,292,,,4,,,2,-1.99826938,4.09312359E-07,,
2022-11-30 11:55:36.495,293,,,4,,,2.05,-2.04834189,4.12744491E-07,,
2022-11-30 11:55:38.722,294,,,4,,,2.1,-2.0982307,4.17617585E-07,,
2022-11-30 11:55:40.965,295,,,4,,,2.15,-2.14821422,4.22896216E-07,,
2022-11-30 11:55:43.207,296,,,4,,,2.2,-2.19795365,4.27780333E-07,,
2022-11-30 11:55:45.419,297,,,4,,,2.25,-2.24807909,4.32404043E-07,,
2022-11-30 11:55:47.501,298,,,4,,,2.3,-2.29797001,4.36667225E-07,,
2022-11-30 11:55:49.657,299,,,4,,,2.35,-2.34789359,4.42749809E-07,,
2022-11-30 11:55:51.890,300,,,4,,,2.4,-2.3978971,4.47136076E-07,,
2022-11-30 11:55:54.108,301,,,4,,,2.45,-2.44788228,4.52932076E-07,,
2022-11-30 11:55:56.196,302,,,4,,,2.5,-2.4978129,4.5815789E-07,,
2022-11-30 11:55:58.381,303,,,4,,,2.55,-2.54789894,4.6289504E-07,,
2022-11-30 11:56:00.588,304,,,4,,,2.6,-2.59788431,4.67859759E-07,,
2022-11-30 11:56:02.695,305,,,4,,,2.65,-2.64784496,4.72377377E-07,,
2022-11-30 11:56:04.938,306,,,4,,,2.7,-2.69774008,4.77688616E-07,,
2022-11-30 11:56:07.155,307,,,4,,,2.75,-2.74764107,4.83023966E-07,,
2022-11-30 11:56:09.256,308,,,4,,,2.8,-2.7977398,4.87989833E-07,,
2022-11-30 11:56:11.407,309,,,4,,,2.85,-2.84770873,4.92205252E-07,,
2022-11-30 11:56:13.614,310,,,4,,,2.9,-2.89766571,4.97552313E-07,,
2022-11-30 11:56:15.842,311,,,4,,,2.95,-2.94768363,5.02213454E-07,,
2022-11-30 11:56:17.975,312,,,4,,,3,-2.99766237,5.07870065E-07,,
2022-11-30 11:56:22.650,313,,,5,5,0.01983407,3,,,,
2022-11-30 11:56:25.406,314,,,5,,,0,0.000420521208,3.06196161E-07,,
2022-11-30 11:56:27.644,315,,,5,,,0.05,-0.049515025,3.09422769E-07,,
2022-11-30 11:56:29.733,316,,,5,,,0.1,-0.0991743777,3.15092239E-07,,
2022-11-30 11:56:32.228,317,,,5,,,0.15,-0.149117103,3.20196576E-07,,
2022-11-30 11:56:34.333,318,,,5,,,0.2,-0.199148555,3.24655637E-07,,
2022-11-30 11:56:36.559,319,,,5,,,0.25,-0.249102302,3.29699121E-07,,
2022-11-30 11:56:38.764,320,,,5,,,0.3,-0.299103239,3.34501488E-07,,
2022-11-30 11:56:41.234,321,,,5,,,0.35,-0.349062583,3.38970883E-07,,
2022-11-30 11:56:43.464,322,,,5,,,0.4,-0.399094881,3.44462844E-07,,
2022-11-30 11:56:45.693,323,,,5,,,0.45,-0.449058363,3.49728386E-07,,
2022-11-30 11:56:47.957,324,,,5,,,0.5,-0.499052626,3.54987497E-07,,
2022-11-30 11:56:50.079,325,,,5,,,0.55,-0.549016773,3.5897328E-07,,
2022-11-30 11:56:52.293,326,,,5,,,0.6,-0.599059053,3.63676444E-07,,
2022-11-30 11:56:54.512,327,,,5,,,0.65,-0.648905746,3.69037284E-07,,
2022-11-30 11:56:56.617,328,,,5,,,0.7,-0.698908805,3.73810487E-07,,
2022-11-30 11:56:58.873,329,,,5,,,0.75,-0.748882053,3.78785309E-07,,
2022-11-30 11:57:01.098,330,,,5,,,0.8,-0.798918994,3.84355118E-07,,
2022-11-30 11:57:03.240,331,,,5,,,0.85,-0.848871109,3.89162307E-07,,
2022-11-30 11:57:05.456,332,,,5,,,0.9,-0.898609103,3.93409185E-07,,
2022-11-30 11:57:07.688,333,,,5,,,0.95,-0.948577561,3.97860209E-07,,
2022-11-30 11:57:09.887,334,,,5,,,1,-0.998555874,4.03652304E-07,,
2022-11-30 11:57:12.049,335,,,5,,,1.05,-1.0486012,4.09455422E-07,,
2022-11-30 11:57:14.296,336,,,5,,,1.1,-1.09856927,4.14196017E-07,,
2022-11-30 11:57:16.532,337,,,5,,,1.15,-1.14828591,4.18697102E-07,,
2022-11-30 11:57:18.672,338,,,5,,,1.2,-1.19822854,4.23917864E-07,,
2022-11-30 11:57:21.236,339,,,5,,,1.25,-1.24825286,4.2918065E-07,,
2022-11-30 11:57:23.320,340,,,5,,,1.3,-1.29821961,4.33756366E-07,,
2022-11-30 11:57:25.550,341,,,5,,,1.35,-1.34820957,4.3864829E-07,,
2022-11-30 11:57:27.760,342,,,5,,,1.4,-1.398217,4.4290045E-07,,
2022-11-30 11:57:29.912,343,,,5,,,1.45,-1.44827855,4.48786007E-07,,
2022-11-30 11:57:32.227,344,,,5,,,1.5,-1.4982933,4.54471322E-07,,
2022-11-30 11:57:34.800,345,,,5,,,1.55,-1.54821469,4.58066265E-07,,
2022-11-30 11:57:36.968,346,,,5,,,1.6,-1.5982124,4.62950382E-07,,
2022-11-30 11:57:39.077,347,,,5,,,1.65,-1.64826432,4.68096054E-07,,
2022-11-30 11:57:41.312,348,,,5,,,1.7,-1.69808616,4.72579916E-07,,
2022-11-30 11:57:43.559,349,,,5,,,1.75,-1.74817717,4.78205525E-07,,
2022-11-30 11:57:45.663,350,,,5,,,1.8,-1.7981074,4.83057264E-07,,
2022-11-30 11:57:47.894,351,,,5,,,1.85,-1.84811057,4.89034445E-07,,
2022-11-30 11:57:50.313,352,,,5,,,1.9,-1.89803301,4.92510667E-07,,
2022-11-30 11:57:52.402,353,,,5,,,1.95,-1.94814493,4.97905493E-07,,
2022-11-30 11:57:54.606,354,,,5,,,2,-1.99809992,5.03143248E-07,,
2022-11-30 11:57:56.864,355,,,5,,,2.05,-2.04813377,5.07464528E-07,,
2022-11-30 11:57:58.972,356,,,5,,,2.1,-2.09814771,5.12253576E-07,,
2022-11-30 11:58:01.086,357,,,5,,,2.15,-2.14806047,5.1661642E-07,,
2022-11-30 11:58:03.275,358,,,5,,,2.2,-2.19778522,5.22638381E-07,,
2022-11-30 11:58:05.531,359,,,5,,,2.25,-2.24783233,5.26882733E-07,,
2022-11-30 11:58:07.637,360,,,5,,,2.3,-2.29783593,5.33131344E-07,,
2022-11-30 11:58:09.858,361,,,5,,,2.35,-2.34778632,5.37856782E-07,,
2022-11-30 11:58:12.071,362,,,5,,,2.4,-2.39765019,5.42872021E-07,,
2022-11-30 11:58:14.177,363,,,5,,,2.45,-2.44775751,5.47448656E-07,,
2022-11-30 11:58:16.453,364,,,5,,,2.5,-2.49780377,5.51295509E-07,,
2022-11-30 11:58:18.736,365,,,5,,,2.55,-2.54771287,5.58034392E-07,,
2022-11-30 11:58:20.840,366,,,5,,,2.6,-2.59771262,5.62490927E-07,,
2022-11-30 11:58:23.017,367,,,5,,,2.65,-2.64775341,5.67861412E-07,,
2022-11-30 11:58:25.238,368,,,5,,,2.7,-2.69769429,5.73282187E-07,,
2022-11-30 11:58:27.479,369,,,5,,,2.75,-2.74751958,5.76613508E-07,,
2022-11-30 11:58:29.552,370,,,5,,,2.8,-2.79747704,5.82432701E-07,,
2022-11-30 11:58:31.767,371,,,5,,,2.85,-2.84756335,5.86192292E-07,,
2022-11-30 11:58:33.984,372,,,5,,,2.9,-2.89760399,5.92539876E-07,,
2022-11-30 11:58:36.079,373,,,5,,,2.95,-2.94750812,5.95516641E-07,,
2022-11-30 11:58:38.299,374,,,5,,,3,-2.99747564,6.03382804E-07,,
2022-11-30 11:58:42.968,375,,,6,6,0.02249589,3,,,,
2022-11-30 11:58:45.868,376,,,6,,,0,0.000465826311,3.39001654E-07,,
2022-11-30 11:58:47.953,377,,,6,,,0.05,-0.0494751709,3.44700287E-07,,
2022-11-30 11:58:50.153,378,,,6,,,0.1,-0.0991253827,3.49856752E-07,,
2022-11-30 11:58:52.635,379,,,6,,,0.15,-0.149079735,3.5555883E-07,,
2022-11-30 11:58:54.817,380,,,6,,,0.2,-0.199105104,3.59879651E-07,,
2022-11-30 11:58:57.045,381,,,6,,,0.25,-0.249056301,3.65667613E-07,,
2022-11-30 11:58:59.258,382,,,6,,,0.3,-0.299078422,3.6958795E-07,,
2022-11-30 11:59:01.343,383,,,6,,,0.35,-0.349028018,3.74603418E-07,,
2022-11-30 11:59:03.590,384,,,6,,,0.4,-0.399065642,3.79388562E-07,,
2022-11-30 11:59:05.826,385,,,6,,,0.45,-0.449022368,3.84596235E-07,,
2022-11-30 11:59:07.919,386,,,6,,,0.5,-0.499026922,3.88587988E-07,,
2022-11-30 11:59:10.127,387,,,6,,,0.55,-0.548997493,3.9389096E-07,,
2022-11-30 11:59:12.361,388,,,6,,,0.6,-0.59902425,3.99842652E-07,,
2022-11-30 11:59:14.716,389,,,6,,,0.65,-0.648889388,4.05561264E-07,,
2022-11-30 11:59:16.925,390,,,6,,,0.7,-0.698906421,4.08676958E-07,,
2022-11-30 11:59:19.132,391,,,6,,,0.75,-0.748873638,4.14161572E-07,,
2022-11-30 11:59:21.333,392,,,6,,,0.8,-0.798926802,4.20512829E-07,,
2022-11-30 11:59:23.438,393,,,6,,,0.85,-0.84888929,4.24583577E-07,,
2022-11-30 11:59:25.644,394,,,6,,,0.9,-0.898643992,4.28173928E-07,,
2022-11-30 11:59:27.846,395,,,6,,,0.95,-0.948599927,4.34067063E-07,,
2022-11-30 11:59:29.935,396,,,6,,,1,-0.99854369,4.38865525E-07,,
2022-11-30 11:59:32.176,397,,,6,,,1.05,-1.04860847,4.44233943E-07,,
2022-11-30 11:59:34.397,398,,,6,,,1.1,-1.09857471,4.47547124E-07,,
2022-11-30 11:59:36.468,399,,,6,,,1.15,-1.1483033,4.13137168E-07,,
2022-11-30 11:59:38.688,400,,,6,,,1.2,-1.19822968,4.22375632E-07,,
2022-11-30 11:59:41.183,401,,,6,,,1.25,-1.24858486,2.63260529E-07,,
2022-11-30 11:59:43.267,402,,,6,,,1.3,-1.29836174,4.36639439E-07,,
2022-11-30 11:59:45.478,403,,,6,,,1.35,-1.34840017,4.38639335E-07,,
2022-11-30 11:59:47.694,404,,,6,,,1.4,-1.39823292,4.41369471E-07,,
2022-11-30 11:59:49.840,405,,,6,,,1.45,-1.44833203,4.45928423E-07,,
2022-11-30 11:59:52.084,406,,,6,,,1.5,-1.49822801,4.93015176E-07,,
2022-11-30 11:59:54.346,407,,,6,,,1.55,-1.54830715,4.96095965E-07,,
2022-11-30 11:59:56.440,408,,,6,,,1.6,-1.59829311,4.99794704E-07,,
2022-11-30 11:59:58.663,409,,,6,,,1.65,-1.64833053,5.05424447E-07,,
2022-11-30 12:00:00.912,410,,,6,,,1.7,-1.69821608,5.09475905E-07,,
2022-11-30 12:00:03.106,411,,,6,,,1.75,-1.74814159,5.1333447E-07,,
2022-11-30 12:00:05.241,412,,,6,,,1.8,-1.79806893,5.20756059E-07,,
2022-11-30 12:00:07.468,413,,,6,,,1.85,-1.84825283,5.23947992E-07,,
2022-11-30 12:00:09.722,414,,,6,,,1.9,-1.89824856,5.29525837E-07,,
2022-11-30 12:00:11.825,415,,,6,,,1.95,-1.94821912,5.3411648E-07,,
2022-11-30 12:00:14.087,416,,,6,,,2,-1.99826955,5.40070468E-07,,
2022-11-30 12:00:16.328,417,,,6,,,2.05,-2.0482515,5.45150005E-07,,
2022-11-30 12:00:18.471,418,,,6,,,2.1,-2.09823757,5.48179815E-07,,
2022-11-30 12:00:20.701,419,,,6,,,2.15,-2.14814675,5.54314297E-07,,
2022-11-30 12:00:22.948,420,,,6,,,2.2,-2.19796711,5.58765321E-07,,
2022-11-30 12:00:25.048,421,,,6,,,2.25,-2.24803978,5.64062782E-07,,
2022-11-30 12:00:27.190,422,,,6,,,2.3,-2.29785195,5.69699644E-07,,
2022-11-30 12:00:29.430,423,,,6,,,2.35,-2.34790861,5.72915688E-07,,
2022-11-30 12:00:31.685,424,,,6,,,2.4,-2.39785909,5.78370449E-07,,
2022-11-30 12:00:33.817,425,,,6,,,2.45,-2.44791271,5.85084531E-07,,
2022-11-30 12:00:36.043,426,,,6,,,2.5,-2.49772407,5.88101941E-07,,
2022-11-30 12:00:38.302,427,,,6,,,2.55,-2.5478025,5.93413639E-07,,
2022-11-30 12:00:40.413,428,,,6,,,2.6,-2.59781498,5.98079372E-07,,
2022-11-30 12:00:42.653,429,,,6,,,2.65,-2.64782234,6.03222748E-07,,
2022-11-30 12:00:44.907,430,,,6,,,2.7,-2.69785609,6.08074945E-07,,
2022-11-30 12:00:47.064,431,,,6,,,2.75,-2.74776097,6.14038578E-07,,
2022-11-30 12:00:49.261,432,,,6,,,2.8,-2.79771871,6.18543567E-07,,
2022-11-30 12:00:51.520,433,,,6,,,2.85,-2.84777369,6.24100056E-07,,
2022-11-30 12:00:53.685,434,,,6,,,2.9,-2.89773917,6.28329482E-07,,
2022-11-30 12:00:55.796,435,,,6,,,2.95,-2.94776594,6.34280944E-07,,
2022-11-30 12:00:58.027,436,,,6,,,3,-2.99758965,6.37294451E-07,,
2022-11-30 12:00:59.453,437,,,6,,,3,,,0,
2022-11-30 12:01:00.885,438,,,,,,,,,,0
