x-axis,2
second,Volt
-1.221875000000e-006,-2.04274e+000
-1.219875000000e-006,-2.04274e+000
-1.217875000000e-006,-2.04274e+000
-1.215875000000e-006,-2.04274e+000
-1.213875000000e-006,-2.04274e+000
-1.211875000000e-006,-2.04274e+000
-1.209875000000e-006,-2.04274e+000
-1.207875000000e-006,-2.04274e+000
-1.205875000000e-006,-2.04063e+000
-1.203875000000e-006,-2.04063e+000
-1.201875000000e-006,-2.04063e+000
-1.199875000000e-006,-2.04063e+000
-1.197875000000e-006,-2.04063e+000
-1.195875000000e-006,-2.04063e+000
-1.193875000000e-006,-2.04063e+000
-1.191875000000e-006,-2.04274e+000
-1.189875000000e-006,-2.04274e+000
-1.187875000000e-006,-2.04274e+000
-1.185875000000e-006,-2.04274e+000
-1.183875000000e-006,-2.04274e+000
-1.181875000000e-006,-2.04274e+000
-1.179875000000e-006,-2.04274e+000
-1.177875000000e-006,-2.04274e+000
-1.175875000000e-006,-2.04274e+000
-1.173875000000e-006,-2.04274e+000
-1.171875000000e-006,-2.04274e+000
-1.169875000000e-006,-2.04274e+000
-1.167875000000e-006,-2.04274e+000
-1.165875000000e-006,-2.04063e+000
-1.163875000000e-006,-2.04274e+000
-1.161875000000e-006,-2.04274e+000
-1.159875000000e-006,-2.04274e+000
-1.157875000000e-006,-2.04274e+000
-1.155875000000e-006,-2.04063e+000
-1.153875000000e-006,-2.04274e+000
-1.151875000000e-006,-2.04274e+000
-1.149875000000e-006,-2.04063e+000
-1.147875000000e-006,-2.04274e+000
-1.145875000000e-006,-2.04274e+000
-1.143875000000e-006,-2.04274e+000
-1.141875000000e-006,-2.04274e+000
-1.139875000000e-006,-2.04274e+000
-1.137875000000e-006,-2.04274e+000
-1.135875000000e-006,-2.04274e+000
-1.133875000000e-006,-2.04274e+000
-1.131875000000e-006,-2.04274e+000
-1.129875000000e-006,-2.04063e+000
-1.127875000000e-006,-2.04274e+000
-1.125875000000e-006,-2.04274e+000
-1.123875000000e-006,-2.04274e+000
-1.121875000000e-006,-2.04274e+000
-1.119875000000e-006,-2.04274e+000
-1.117875000000e-006,-2.04274e+000
-1.115875000000e-006,-2.04274e+000
-1.113875000000e-006,-2.04485e+000
-1.111875000000e-006,-2.04274e+000
-1.109875000000e-006,-2.04274e+000
-1.107875000000e-006,-2.04274e+000
-1.105875000000e-006,-2.04274e+000
-1.103875000000e-006,-2.04274e+000
-1.101875000000e-006,-2.04063e+000
-1.099875000000e-006,-2.04274e+000
-1.097875000000e-006,-2.04274e+000
-1.095875000000e-006,-2.04274e+000
-1.093875000000e-006,-2.04274e+000
-1.091875000000e-006,-2.04063e+000
-1.089875000000e-006,-2.04274e+000
-1.087875000000e-006,-2.04274e+000
-1.085875000000e-006,-2.04274e+000
-1.083875000000e-006,-2.04274e+000
-1.081875000000e-006,-2.04274e+000
-1.079875000000e-006,-2.04274e+000
-1.077875000000e-006,-2.04063e+000
-1.075875000000e-006,-2.04274e+000
-1.073875000000e-006,-2.04274e+000
-1.071875000000e-006,-2.04274e+000
-1.069875000000e-006,-2.04063e+000
-1.067875000000e-006,-2.04063e+000
-1.065875000000e-006,-2.04274e+000
-1.063875000000e-006,-2.04274e+000
-1.061875000000e-006,-2.04063e+000
-1.059875000000e-006,-2.04274e+000
-1.057875000000e-006,-2.04274e+000
-1.055875000000e-006,-2.04274e+000
-1.053875000000e-006,-2.04274e+000
-1.051875000000e-006,-2.04274e+000
-1.049875000000e-006,-2.04274e+000
-1.047875000000e-006,-2.04274e+000
-1.045875000000e-006,-2.04274e+000
-1.043875000000e-006,-2.04063e+000
-1.041875000000e-006,-2.04274e+000
-1.039875000000e-006,-2.04274e+000
-1.037875000000e-006,-2.04274e+000
-1.035875000000e-006,-2.04274e+000
-1.033875000000e-006,-2.04274e+000
-1.031875000000e-006,-2.04274e+000
-1.029875000000e-006,-2.04274e+000
-1.027875000000e-006,-2.04274e+000
-1.025875000000e-006,-2.04274e+000
-1.023875000000e-006,-2.04274e+000
-1.021875000000e-006,-2.04274e+000
-1.019875000000e-006,-2.04063e+000
-1.017875000000e-006,-2.04274e+000
-1.015875000000e-006,-2.04274e+000
-1.013875000000e-006,-2.04274e+000
-1.011875000000e-006,-2.04274e+000
-1.009875000000e-006,-2.04274e+000
-1.007875000000e-006,-2.04274e+000
-1.005875000000e-006,-2.04274e+000
-1.003875000000e-006,-2.04274e+000
-1.001875000000e-006,-2.04274e+000
-9.998750000000e-007,-2.04274e+000
-9.978750000000e-007,-2.04274e+000
-9.958750000000e-007,-2.04274e+000
-9.938750000000e-007,-2.04274e+000
-9.918750000000e-007,-2.04274e+000
-9.898750000000e-007,-2.04274e+000
-9.878750000000e-007,-2.04274e+000
-9.858750000000e-007,-2.04274e+000
-9.838750000000e-007,-2.04274e+000
-9.818750000000e-007,-2.04063e+000
-9.798750000000e-007,-2.04274e+000
-9.778750000000e-007,-2.04274e+000
-9.758750000000e-007,-2.04063e+000
-9.738750000000e-007,-2.04063e+000
-9.718750000000e-007,-2.04274e+000
-9.698750000000e-007,-2.04274e+000
-9.678750000000e-007,-2.04274e+000
-9.658750000000e-007,-2.04274e+000
-9.638750000000e-007,-2.04274e+000
-9.618750000000e-007,-2.04274e+000
-9.598750000000e-007,-2.04274e+000
-9.578750000000e-007,-2.04274e+000
-9.558750000000e-007,-2.04063e+000
-9.538750000000e-007,-2.04274e+000
-9.518750000000e-007,-2.04274e+000
-9.498750000000e-007,-2.04274e+000
-9.478750000000e-007,-2.04274e+000
-9.458750000000e-007,-2.04063e+000
-9.438750000000e-007,-2.04063e+000
-9.418750000000e-007,-2.04063e+000
-9.398750000000e-007,-2.04274e+000
-9.378750000000e-007,-2.04274e+000
-9.358750000000e-007,-2.04274e+000
-9.338750000000e-007,-2.04274e+000
-9.318750000000e-007,-2.04274e+000
-9.298750000000e-007,-2.04274e+000
-9.278750000000e-007,-2.04274e+000
-9.258750000000e-007,-2.04274e+000
-9.238750000000e-007,-2.04063e+000
-9.218750000000e-007,-2.04274e+000
-9.198750000000e-007,-2.04274e+000
-9.178750000000e-007,-2.04063e+000
-9.158750000000e-007,-2.04063e+000
-9.138750000000e-007,-2.04274e+000
-9.118750000000e-007,-2.04274e+000
-9.098750000000e-007,-2.04274e+000
-9.078750000000e-007,-2.04274e+000
-9.058750000000e-007,-2.04274e+000
-9.038750000000e-007,-2.04274e+000
-9.018750000000e-007,-2.04274e+000
-8.998750000000e-007,-2.04274e+000
-8.978750000000e-007,-2.04063e+000
-8.958750000000e-007,-2.04274e+000
-8.938750000000e-007,-2.04063e+000
-8.918750000000e-007,-2.04063e+000
-8.898750000000e-007,-2.04274e+000
-8.878750000000e-007,-2.04274e+000
-8.858750000000e-007,-2.04274e+000
-8.838750000000e-007,-2.04274e+000
-8.818750000000e-007,-2.04063e+000
-8.798750000000e-007,-2.04274e+000
-8.778750000000e-007,-2.04063e+000
-8.758750000000e-007,-2.04274e+000
-8.738750000000e-007,-2.04274e+000
-8.718750000000e-007,-2.04274e+000
-8.698750000000e-007,-2.04063e+000
-8.678750000000e-007,-2.04063e+000
-8.658750000000e-007,-2.04274e+000
-8.638750000000e-007,-2.04274e+000
-8.618750000000e-007,-2.04274e+000
-8.598750000000e-007,-2.04274e+000
-8.578750000000e-007,-2.04274e+000
-8.558750000000e-007,-2.04274e+000
-8.538750000000e-007,-2.04274e+000
-8.518750000000e-007,-2.04274e+000
-8.498750000000e-007,-2.04274e+000
-8.478750000000e-007,-2.04274e+000
-8.458750000000e-007,-2.04274e+000
-8.438750000000e-007,-2.04274e+000
-8.418750000000e-007,-2.04274e+000
-8.398750000000e-007,-2.04274e+000
-8.378750000000e-007,-2.04274e+000
-8.358750000000e-007,-2.04274e+000
-8.338750000000e-007,-2.04274e+000
-8.318750000000e-007,-2.04274e+000
-8.298750000000e-007,-2.04274e+000
-8.278750000000e-007,-2.04274e+000
-8.258750000000e-007,-2.04274e+000
-8.238750000000e-007,-2.04063e+000
-8.218750000000e-007,-2.04063e+000
-8.198750000000e-007,-2.04274e+000
-8.178750000000e-007,-2.04274e+000
-8.158750000000e-007,-2.04274e+000
-8.138750000000e-007,-2.04274e+000
-8.118750000000e-007,-2.04274e+000
-8.098750000000e-007,-2.04274e+000
-8.078750000000e-007,-2.04274e+000
-8.058750000000e-007,-2.04274e+000
-8.038750000000e-007,-2.04274e+000
-8.018750000000e-007,-2.04274e+000
-7.998750000000e-007,-2.04274e+000
-7.978750000000e-007,-2.04274e+000
-7.958750000000e-007,-2.04274e+000
-7.938750000000e-007,-2.04274e+000
-7.918750000000e-007,-2.04274e+000
-7.898750000000e-007,-2.04274e+000
-7.878750000000e-007,-2.04274e+000
-7.858750000000e-007,-2.04274e+000
-7.838750000000e-007,-2.04274e+000
-7.818750000000e-007,-2.04274e+000
-7.798750000000e-007,-2.04274e+000
-7.778750000000e-007,-2.04063e+000
-7.758750000000e-007,-2.04063e+000
-7.738750000000e-007,-2.04274e+000
-7.718750000000e-007,-2.04274e+000
-7.698750000000e-007,-2.04063e+000
-7.678750000000e-007,-2.04274e+000
-7.658750000000e-007,-2.04274e+000
-7.638750000000e-007,-2.04274e+000
-7.618750000000e-007,-2.04063e+000
-7.598750000000e-007,-2.04063e+000
-7.578750000000e-007,-2.04274e+000
-7.558750000000e-007,-2.04274e+000
-7.538750000000e-007,-2.04274e+000
-7.518750000000e-007,-2.04063e+000
-7.498750000000e-007,-2.04063e+000
-7.478750000000e-007,-2.04274e+000
-7.458750000000e-007,-2.04274e+000
-7.438750000000e-007,-2.04274e+000
-7.418750000000e-007,-2.04274e+000
-7.398750000000e-007,-2.04274e+000
-7.378750000000e-007,-2.04274e+000
-7.358750000000e-007,-2.04274e+000
-7.338750000000e-007,-2.04274e+000
-7.318750000000e-007,-2.04274e+000
-7.298750000000e-007,-2.04274e+000
-7.278750000000e-007,-2.04274e+000
-7.258750000000e-007,-2.04274e+000
-7.238750000000e-007,-2.04274e+000
-7.218750000000e-007,-2.04274e+000
-7.198750000000e-007,-2.04274e+000
-7.178750000000e-007,-2.04274e+000
-7.158750000000e-007,-2.04274e+000
-7.138750000000e-007,-2.04274e+000
-7.118750000000e-007,-2.04274e+000
-7.098750000000e-007,-2.04274e+000
-7.078750000000e-007,-2.04274e+000
-7.058750000000e-007,-2.04274e+000
-7.038750000000e-007,-2.04274e+000
-7.018750000000e-007,-2.04063e+000
-6.998750000000e-007,-2.04063e+000
-6.978750000000e-007,-2.04274e+000
-6.958750000000e-007,-2.04274e+000
-6.938750000000e-007,-2.04274e+000
-6.918750000000e-007,-2.04274e+000
-6.898750000000e-007,-2.04274e+000
-6.878750000000e-007,-2.04274e+000
-6.858750000000e-007,-2.04274e+000
-6.838750000000e-007,-2.04274e+000
-6.818750000000e-007,-2.04274e+000
-6.798750000000e-007,-2.04274e+000
-6.778750000000e-007,-2.04274e+000
-6.758750000000e-007,-2.04274e+000
-6.738750000000e-007,-2.04274e+000
-6.718750000000e-007,-2.04274e+000
-6.698750000000e-007,-2.04274e+000
-6.678750000000e-007,-2.04274e+000
-6.658750000000e-007,-2.04274e+000
-6.638750000000e-007,-2.04274e+000
-6.618750000000e-007,-2.04274e+000
-6.598750000000e-007,-2.04274e+000
-6.578750000000e-007,-2.04274e+000
-6.558750000000e-007,-2.04274e+000
-6.538750000000e-007,-2.04274e+000
-6.518750000000e-007,-2.04274e+000
-6.498750000000e-007,-2.04274e+000
-6.478750000000e-007,-2.04274e+000
-6.458750000000e-007,-2.04274e+000
-6.438750000000e-007,-2.04274e+000
-6.418750000000e-007,-2.04274e+000
-6.398750000000e-007,-2.04274e+000
-6.378750000000e-007,-2.04274e+000
-6.358750000000e-007,-2.04274e+000
-6.338750000000e-007,-2.04274e+000
-6.318750000000e-007,-2.04274e+000
-6.298750000000e-007,-2.04274e+000
-6.278750000000e-007,-2.04063e+000
-6.258750000000e-007,-2.04063e+000
-6.238750000000e-007,-2.04274e+000
-6.218750000000e-007,-2.04274e+000
-6.198750000000e-007,-2.04063e+000
-6.178750000000e-007,-2.04274e+000
-6.158750000000e-007,-2.04274e+000
-6.138750000000e-007,-2.04274e+000
-6.118750000000e-007,-2.04274e+000
-6.098750000000e-007,-2.04274e+000
-6.078750000000e-007,-2.04274e+000
-6.058750000000e-007,-2.04274e+000
-6.038750000000e-007,-2.04274e+000
-6.018750000000e-007,-2.04274e+000
-5.998750000000e-007,-2.04274e+000
-5.978750000000e-007,-2.04274e+000
-5.958750000000e-007,-2.04274e+000
-5.938750000000e-007,-2.04274e+000
-5.918750000000e-007,-2.04274e+000
-5.898750000000e-007,-2.04274e+000
-5.878750000000e-007,-2.04063e+000
-5.858750000000e-007,-2.04274e+000
-5.838750000000e-007,-2.04274e+000
-5.818750000000e-007,-2.04274e+000
-5.798750000000e-007,-2.04274e+000
-5.778750000000e-007,-2.04274e+000
-5.758750000000e-007,-2.04274e+000
-5.738750000000e-007,-2.04274e+000
-5.718750000000e-007,-2.04274e+000
-5.698750000000e-007,-2.04274e+000
-5.678750000000e-007,-2.04274e+000
-5.658750000000e-007,-2.04274e+000
-5.638750000000e-007,-2.04274e+000
-5.618750000000e-007,-2.04063e+000
-5.598750000000e-007,-2.04274e+000
-5.578750000000e-007,-2.04063e+000
-5.558750000000e-007,-2.04274e+000
-5.538750000000e-007,-2.04274e+000
-5.518750000000e-007,-2.04274e+000
-5.498750000000e-007,-2.04063e+000
-5.478750000000e-007,-2.04274e+000
-5.458750000000e-007,-2.04274e+000
-5.438750000000e-007,-2.04274e+000
-5.418750000000e-007,-2.04274e+000
-5.398750000000e-007,-2.04274e+000
-5.378750000000e-007,-2.04274e+000
-5.358750000000e-007,-2.04274e+000
-5.338750000000e-007,-2.04274e+000
-5.318750000000e-007,-2.04063e+000
-5.298750000000e-007,-2.04274e+000
-5.278750000000e-007,-2.04274e+000
-5.258750000000e-007,-2.04274e+000
-5.238750000000e-007,-2.04274e+000
-5.218750000000e-007,-2.04274e+000
-5.198750000000e-007,-2.04274e+000
-5.178750000000e-007,-2.04274e+000
-5.158750000000e-007,-2.04274e+000
-5.138750000000e-007,-2.04063e+000
-5.118750000000e-007,-2.04274e+000
-5.098750000000e-007,-2.04274e+000
-5.078750000000e-007,-2.04274e+000
-5.058750000000e-007,-2.04274e+000
-5.038750000000e-007,-2.04274e+000
-5.018750000000e-007,-2.04274e+000
-4.998750000000e-007,-2.04274e+000
-4.978750000000e-007,-2.04274e+000
-4.958750000000e-007,-2.04274e+000
-4.938750000000e-007,-2.04274e+000
-4.918750000000e-007,-2.04063e+000
-4.898750000000e-007,-2.04274e+000
-4.878750000000e-007,-2.04274e+000
-4.858750000000e-007,-2.04274e+000
-4.838750000000e-007,-2.04274e+000
-4.818750000000e-007,-2.04274e+000
-4.798750000000e-007,-2.04274e+000
-4.778750000000e-007,-2.04274e+000
-4.758750000000e-007,-2.04274e+000
-4.738750000000e-007,-2.04274e+000
-4.718750000000e-007,-2.04274e+000
-4.698750000000e-007,-2.04274e+000
-4.678750000000e-007,-2.04274e+000
-4.658750000000e-007,-2.04274e+000
-4.638750000000e-007,-2.04274e+000
-4.618750000000e-007,-2.04063e+000
-4.598750000000e-007,-2.04063e+000
-4.578750000000e-007,-2.04274e+000
-4.558750000000e-007,-2.04274e+000
-4.538750000000e-007,-2.04274e+000
-4.518750000000e-007,-2.04274e+000
-4.498750000000e-007,-2.04274e+000
-4.478750000000e-007,-2.04274e+000
-4.458750000000e-007,-2.04274e+000
-4.438750000000e-007,-2.04274e+000
-4.418750000000e-007,-2.04063e+000
-4.398750000000e-007,-2.04274e+000
-4.378750000000e-007,-2.04274e+000
-4.358750000000e-007,-2.04274e+000
-4.338750000000e-007,-2.04274e+000
-4.318750000000e-007,-2.04063e+000
-4.298750000000e-007,-2.04274e+000
-4.278750000000e-007,-2.04274e+000
-4.258750000000e-007,-2.04274e+000
-4.238750000000e-007,-2.04063e+000
-4.218750000000e-007,-2.04063e+000
-4.198750000000e-007,-2.04063e+000
-4.178750000000e-007,-2.04274e+000
-4.158750000000e-007,-2.04274e+000
-4.138750000000e-007,-2.04063e+000
-4.118750000000e-007,-2.04274e+000
-4.098750000000e-007,-2.04274e+000
-4.078750000000e-007,-2.04274e+000
-4.058750000000e-007,-2.04274e+000
-4.038750000000e-007,-2.04274e+000
-4.018750000000e-007,-2.04274e+000
-3.998750000000e-007,-2.04274e+000
-3.978750000000e-007,-2.04274e+000
-3.958750000000e-007,-2.04274e+000
-3.938750000000e-007,-2.04063e+000
-3.918750000000e-007,-2.04274e+000
-3.898750000000e-007,-2.04274e+000
-3.878750000000e-007,-2.04274e+000
-3.858750000000e-007,-2.04063e+000
-3.838750000000e-007,-2.04274e+000
-3.818750000000e-007,-2.04274e+000
-3.798750000000e-007,-2.04274e+000
-3.778750000000e-007,-2.04274e+000
-3.758750000000e-007,-2.04274e+000
-3.738750000000e-007,-2.04274e+000
-3.718750000000e-007,-2.04274e+000
-3.698750000000e-007,-2.04274e+000
-3.678750000000e-007,-2.04274e+000
-3.658750000000e-007,-2.04274e+000
-3.638750000000e-007,-2.04274e+000
-3.618750000000e-007,-2.04274e+000
-3.598750000000e-007,-2.04274e+000
-3.578750000000e-007,-2.04063e+000
-3.558750000000e-007,-2.04274e+000
-3.538750000000e-007,-2.03852e+000
-3.518750000000e-007,-2.03008e+000
-3.498750000000e-007,-2.01531e+000
-3.478750000000e-007,-1.98787e+000
-3.458750000000e-007,-1.94777e+000
-3.438750000000e-007,-1.89922e+000
-3.418750000000e-007,-1.85279e+000
-3.398750000000e-007,-1.82747e+000
-3.378750000000e-007,-1.82958e+000
-3.358750000000e-007,-1.85912e+000
-3.338750000000e-007,-1.90345e+000
-3.318750000000e-007,-1.94355e+000
-3.298750000000e-007,-1.95621e+000
-3.278750000000e-007,-1.93299e+000
-3.258750000000e-007,-1.87812e+000
-3.238750000000e-007,-1.80847e+000
-3.218750000000e-007,-1.74515e+000
-3.198750000000e-007,-1.70294e+000
-3.178750000000e-007,-1.68184e+000
-3.158750000000e-007,-1.67973e+000
-3.138750000000e-007,-1.68395e+000
-3.118750000000e-007,-1.68395e+000
-3.098750000000e-007,-1.67762e+000
-3.078750000000e-007,-1.66073e+000
-3.058750000000e-007,-1.64385e+000
-3.038750000000e-007,-1.62907e+000
-3.018750000000e-007,-1.61008e+000
-2.998750000000e-007,-1.58897e+000
-2.978750000000e-007,-1.56154e+000
-2.958750000000e-007,-1.52777e+000
-2.938750000000e-007,-1.49400e+000
-2.918750000000e-007,-1.46867e+000
-2.898750000000e-007,-1.45601e+000
-2.878750000000e-007,-1.45179e+000
-2.858750000000e-007,-1.45812e+000
-2.838750000000e-007,-1.46234e+000
-2.818750000000e-007,-1.45601e+000
-2.798750000000e-007,-1.43490e+000
-2.778750000000e-007,-1.40324e+000
-2.758750000000e-007,-1.36737e+000
-2.738750000000e-007,-1.33571e+000
-2.718750000000e-007,-1.31460e+000
-2.698750000000e-007,-1.30194e+000
-2.678750000000e-007,-1.30194e+000
-2.658750000000e-007,-1.30194e+000
-2.638750000000e-007,-1.29772e+000
-2.618750000000e-007,-1.28294e+000
-2.598750000000e-007,-1.25973e+000
-2.578750000000e-007,-1.23229e+000
-2.558750000000e-007,-1.20696e+000
-2.538750000000e-007,-1.18586e+000
-2.518750000000e-007,-1.17531e+000
-2.498750000000e-007,-1.16686e+000
-2.478750000000e-007,-1.16475e+000
-2.458750000000e-007,-1.15842e+000
-2.438750000000e-007,-1.14576e+000
-2.418750000000e-007,-1.12887e+000
-2.398750000000e-007,-1.10777e+000
-2.378750000000e-007,-1.08666e+000
-2.358750000000e-007,-1.06767e+000
-2.338750000000e-007,-1.05289e+000
-2.318750000000e-007,-1.04234e+000
-2.298750000000e-007,-1.03601e+000
-2.278750000000e-007,-1.02757e+000
-2.258750000000e-007,-1.01701e+000
-2.238750000000e-007,-1.00435e+000
-2.218750000000e-007,-9.87466e-001
-2.198750000000e-007,-9.68471e-001
-2.178750000000e-007,-9.53697e-001
-2.158750000000e-007,-9.38923e-001
-2.138750000000e-007,-9.30481e-001
-2.118750000000e-007,-9.22039e-001
-2.098750000000e-007,-9.13597e-001
-2.078750000000e-007,-9.05155e-001
-2.058750000000e-007,-8.92491e-001
-2.038750000000e-007,-8.77717e-001
-2.018750000000e-007,-8.62943e-001
-1.998750000000e-007,-8.48170e-001
-1.978750000000e-007,-8.35506e-001
-1.958750000000e-007,-8.22843e-001
-1.938750000000e-007,-8.14401e-001
-1.918750000000e-007,-8.03848e-001
-1.898750000000e-007,-7.95406e-001
-1.878750000000e-007,-7.84853e-001
-1.858750000000e-007,-7.72190e-001
-1.838750000000e-007,-7.59526e-001
-1.818750000000e-007,-7.44753e-001
-1.798750000000e-007,-7.34200e-001
-1.778750000000e-007,-7.23647e-001
-1.758750000000e-007,-7.15205e-001
-1.738750000000e-007,-7.04652e-001
-1.718750000000e-007,-6.94099e-001
-1.698750000000e-007,-6.85657e-001
-1.678750000000e-007,-6.77215e-001
-1.658750000000e-007,-6.64551e-001
-1.638750000000e-007,-6.56109e-001
-1.618750000000e-007,-6.43446e-001
-1.598750000000e-007,-6.30783e-001
-1.578750000000e-007,-6.20230e-001
-1.558750000000e-007,-6.07567e-001
-1.538750000000e-007,-5.99124e-001
-1.518750000000e-007,-5.88572e-001
-1.498750000000e-007,-5.82240e-001
-1.478750000000e-007,-5.75908e-001
-1.458750000000e-007,-5.67466e-001
-1.438750000000e-007,-5.59024e-001
-1.418750000000e-007,-5.48471e-001
-1.398750000000e-007,-5.35808e-001
-1.378750000000e-007,-5.23144e-001
-1.358750000000e-007,-5.10481e-001
-1.338750000000e-007,-4.99928e-001
-1.318750000000e-007,-4.93597e-001
-1.298750000000e-007,-4.87265e-001
-1.278750000000e-007,-4.83044e-001
-1.258750000000e-007,-4.78823e-001
-1.238750000000e-007,-4.72491e-001
-1.218750000000e-007,-4.64049e-001
-1.198750000000e-007,-4.53496e-001
-1.178750000000e-007,-4.40833e-001
-1.158750000000e-007,-4.28170e-001
-1.138750000000e-007,-4.15506e-001
-1.118750000000e-007,-4.07064e-001
-1.098750000000e-007,-3.98622e-001
-1.078750000000e-007,-3.94401e-001
-1.058750000000e-007,-3.90180e-001
-1.038750000000e-007,-3.83848e-001
-1.018750000000e-007,-3.75406e-001
-9.987500000000e-008,-3.66964e-001
-9.787500000000e-008,-3.58521e-001
-9.587500000000e-008,-3.45858e-001
-9.387500000000e-008,-3.37416e-001
-9.187500000000e-008,-3.28974e-001
-8.987500000000e-008,-3.24753e-001
-8.787500000000e-008,-3.20531e-001
-8.587500000000e-008,-3.14200e-001
-8.387500000000e-008,-3.09979e-001
-8.187500000000e-008,-3.01536e-001
-7.987500000000e-008,-2.93094e-001
-7.787500000000e-008,-2.80431e-001
-7.587500000000e-008,-2.69878e-001
-7.387500000000e-008,-2.61436e-001
-7.187500000000e-008,-2.52994e-001
-6.987500000000e-008,-2.48773e-001
-6.787500000000e-008,-2.44552e-001
-6.587500000000e-008,-2.40330e-001
-6.387500000000e-008,-2.36109e-001
-6.187500000000e-008,-2.29778e-001
-5.987500000000e-008,-2.21335e-001
-5.787500000000e-008,-2.15004e-001
-5.587500000000e-008,-2.04451e-001
-5.387500000000e-008,-1.96009e-001
-5.187500000000e-008,-1.89677e-001
-4.987500000000e-008,-1.83346e-001
-4.787500000000e-008,-1.79124e-001
-4.587500000000e-008,-1.74903e-001
-4.387500000000e-008,-1.68572e-001
-4.187500000000e-008,-1.62240e-001
-3.987500000000e-008,-1.55908e-001
-3.787500000000e-008,-1.49577e-001
-3.587500000000e-008,-1.41135e-001
-3.387500000000e-008,-1.32692e-001
-3.187500000000e-008,-1.26361e-001
-2.987500000000e-008,-1.22139e-001
-2.787500000000e-008,-1.17918e-001
-2.587500000000e-008,-1.13697e-001
-2.387500000000e-008,-1.09476e-001
-2.187500000000e-008,-1.05255e-001
-1.987500000000e-008,-9.68128e-002
-1.787500000000e-008,-9.04812e-002
-1.587500000000e-008,-8.41495e-002
-1.387500000000e-008,-7.57073e-002
-1.187500000000e-008,-7.14862e-002
-9.875000000000e-009,-6.51546e-002
-7.875000000000e-009,-5.88229e-002
-5.875000000000e-009,-5.24912e-002
-3.875000000000e-009,-4.82701e-002
-1.875000000000e-009,-4.40490e-002
1.250000000001e-010,-3.34963e-002
2.125000000000e-009,-2.71646e-002
4.125000000000e-009,-2.29435e-002
6.125000000000e-009,-1.66118e-002
8.125000000000e-009,-1.23907e-002
1.012500000000e-008,-6.05905e-003
1.212500000000e-008, 2.72632e-004
1.412500000000e-008, 4.49371e-003
1.612500000000e-008, 1.08254e-002
1.812500000000e-008, 1.50465e-002
2.012500000000e-008, 1.92676e-002
2.212500000000e-008, 2.34886e-002
2.412500000000e-008, 2.77097e-002
2.612500000000e-008, 3.40414e-002
2.812500000000e-008, 4.03731e-002
3.012500000000e-008, 4.67048e-002
3.212500000000e-008, 5.09259e-002
3.412500000000e-008, 5.30365e-002
3.612500000000e-008, 5.93680e-002
3.812500000000e-008, 6.14786e-002
4.012500000000e-008, 6.78103e-002
4.212500000000e-008, 7.20314e-002
4.412500000000e-008, 7.62525e-002
4.612500000000e-008, 8.04735e-002
4.812500000000e-008, 8.46947e-002
5.012500000000e-008, 8.89158e-002
5.212500000000e-008, 9.31369e-002
5.412500000000e-008, 9.94686e-002
5.612500000000e-008, 1.03690e-001
5.812500000000e-008, 1.10021e-001
6.012500000000e-008, 1.16353e-001
6.212500000000e-008, 1.18464e-001
6.412500000000e-008, 1.22685e-001
6.612500000000e-008, 1.29016e-001
6.812500000000e-008, 1.33237e-001
7.012500000000e-008, 1.37459e-001
7.212500000000e-008, 1.43790e-001
7.412500000000e-008, 1.45901e-001
7.612500000000e-008, 1.50122e-001
7.812500000000e-008, 1.54343e-001
8.012500000000e-008, 1.58564e-001
8.212500000000e-008, 1.60675e-001
8.412500000000e-008, 1.64896e-001
8.612500000000e-008, 1.67006e-001
8.812500000000e-008, 1.71227e-001
9.012500000000e-008, 1.77559e-001
9.212500000000e-008, 1.81780e-001
9.412500000000e-008, 1.83891e-001
9.612500000000e-008, 1.88112e-001
9.812500000000e-008, 1.92333e-001
1.001250000000e-007, 1.94443e-001
1.021250000000e-007, 1.98665e-001
1.041250000000e-007, 2.00775e-001
1.061250000000e-007, 2.04996e-001
1.081250000000e-007, 2.09217e-001
1.101250000000e-007, 2.13439e-001
1.121250000000e-007, 2.15549e-001
1.141250000000e-007, 2.19770e-001
1.161250000000e-007, 2.21881e-001
1.181250000000e-007, 2.23991e-001
1.201250000000e-007, 2.28212e-001
1.221250000000e-007, 2.32433e-001
1.241250000000e-007, 2.36655e-001
1.261250000000e-007, 2.40876e-001
1.281250000000e-007, 2.45097e-001
1.301250000000e-007, 2.49318e-001
1.321250000000e-007, 2.51428e-001
1.341250000000e-007, 2.55650e-001
1.361250000000e-007, 2.57760e-001
1.381250000000e-007, 2.61981e-001
1.401250000000e-007, 2.64092e-001
1.421250000000e-007, 2.68313e-001
1.441250000000e-007, 2.72534e-001
1.461250000000e-007, 2.78866e-001
1.481250000000e-007, 2.80976e-001
1.501250000000e-007, 2.85197e-001
1.521250000000e-007, 2.87308e-001
1.541250000000e-007, 2.89418e-001
1.561250000000e-007, 2.91529e-001
1.581250000000e-007, 2.93639e-001
1.601250000000e-007, 2.97861e-001
1.621250000000e-007, 2.99971e-001
1.641250000000e-007, 3.04192e-001
1.661250000000e-007, 3.06303e-001
1.681250000000e-007, 3.10524e-001
1.701250000000e-007, 3.14745e-001
1.721250000000e-007, 3.16855e-001
1.741250000000e-007, 3.18966e-001
1.761250000000e-007, 3.21077e-001
1.781250000000e-007, 3.23187e-001
1.801250000000e-007, 3.25298e-001
1.821250000000e-007, 3.25298e-001
1.841250000000e-007, 3.27408e-001
1.861250000000e-007, 3.33740e-001
1.881250000000e-007, 3.35850e-001
1.901250000000e-007, 3.37961e-001
1.921250000000e-007, 3.40072e-001
1.941250000000e-007, 3.44293e-001
1.961250000000e-007, 3.46403e-001
1.981250000000e-007, 3.48514e-001
2.001250000000e-007, 3.50624e-001
2.021250000000e-007, 3.52735e-001
2.041250000000e-007, 3.54846e-001
2.061250000000e-007, 3.56956e-001
2.081250000000e-007, 3.59066e-001
2.101250000000e-007, 3.63288e-001
2.121250000000e-007, 3.65398e-001
2.141250000000e-007, 3.65398e-001
2.161250000000e-007, 3.67509e-001
2.181250000000e-007, 3.69619e-001
2.201250000000e-007, 3.73840e-001
2.221250000000e-007, 3.75951e-001
2.241250000000e-007, 3.78062e-001
2.261250000000e-007, 3.80172e-001
2.281250000000e-007, 3.82283e-001
2.301250000000e-007, 3.84393e-001
2.321250000000e-007, 3.86504e-001
2.341250000000e-007, 3.88614e-001
2.361250000000e-007, 3.88614e-001
2.381250000000e-007, 3.88614e-001
2.401250000000e-007, 3.90725e-001
2.421250000000e-007, 3.92835e-001
2.441250000000e-007, 3.92835e-001
2.461250000000e-007, 3.94946e-001
2.481250000000e-007, 3.97057e-001
2.501250000000e-007, 3.99167e-001
2.521250000000e-007, 3.99167e-001
2.541250000000e-007, 3.99167e-001
2.561250000000e-007, 4.01278e-001
2.581250000000e-007, 4.01278e-001
2.601250000000e-007, 4.03388e-001
2.621250000000e-007, 4.05499e-001
2.641250000000e-007, 4.05499e-001
2.661250000000e-007, 4.07609e-001
2.681250000000e-007, 4.07609e-001
2.701250000000e-007, 4.09720e-001
2.721250000000e-007, 4.11830e-001
2.741250000000e-007, 4.11830e-001
2.761250000000e-007, 4.13941e-001
2.781250000000e-007, 4.13941e-001
2.801250000000e-007, 4.16051e-001
2.821250000000e-007, 4.16051e-001
2.841250000000e-007, 4.16051e-001
2.861250000000e-007, 4.18162e-001
2.881250000000e-007, 4.18162e-001
2.901250000000e-007, 4.20273e-001
2.921250000000e-007, 4.18162e-001
2.941250000000e-007, 4.20273e-001
2.961250000000e-007, 4.20273e-001
2.981250000000e-007, 4.22383e-001
3.001250000000e-007, 4.22383e-001
3.021250000000e-007, 4.22383e-001
3.041250000000e-007, 4.22383e-001
3.061250000000e-007, 4.22383e-001
3.081250000000e-007, 4.24494e-001
3.101250000000e-007, 4.24494e-001
3.121250000000e-007, 4.24494e-001
3.141250000000e-007, 4.26604e-001
3.161250000000e-007, 4.26604e-001
3.181250000000e-007, 4.26604e-001
3.201250000000e-007, 4.26604e-001
3.221250000000e-007, 4.26604e-001
3.241250000000e-007, 4.28715e-001
3.261250000000e-007, 4.28715e-001
3.281250000000e-007, 4.26604e-001
3.301250000000e-007, 4.26604e-001
3.321250000000e-007, 4.28715e-001
3.341250000000e-007, 4.28715e-001
3.361250000000e-007, 4.28715e-001
3.381250000000e-007, 4.28715e-001
3.401250000000e-007, 4.28715e-001
3.421250000000e-007, 4.30825e-001
3.441250000000e-007, 4.32936e-001
3.461250000000e-007, 4.30825e-001
3.481250000000e-007, 4.30825e-001
3.501250000000e-007, 4.30825e-001
3.521250000000e-007, 4.30825e-001
3.541250000000e-007, 4.32936e-001
3.561250000000e-007, 4.32936e-001
3.581250000000e-007, 4.35046e-001
3.601250000000e-007, 4.32936e-001
3.621250000000e-007, 4.35046e-001
3.641250000000e-007, 4.35046e-001
3.661250000000e-007, 4.35046e-001
3.681250000000e-007, 4.35046e-001
3.701250000000e-007, 4.37157e-001
3.721250000000e-007, 4.35046e-001
3.741250000000e-007, 4.37157e-001
3.761250000000e-007, 4.35046e-001
3.781250000000e-007, 4.35046e-001
3.801250000000e-007, 4.37157e-001
3.821250000000e-007, 4.37157e-001
3.841250000000e-007, 4.37157e-001
3.861250000000e-007, 4.37157e-001
3.881250000000e-007, 4.39268e-001
3.901250000000e-007, 4.39268e-001
3.921250000000e-007, 4.41378e-001
3.941250000000e-007, 4.39268e-001
3.961250000000e-007, 4.39268e-001
3.981250000000e-007, 4.41378e-001
4.001250000000e-007, 4.41378e-001
4.021250000000e-007, 4.39268e-001
4.041250000000e-007, 4.41378e-001
4.061250000000e-007, 4.41378e-001
4.081250000000e-007, 4.41378e-001
4.101250000000e-007, 4.41378e-001
4.121250000000e-007, 4.41378e-001
4.141250000000e-007, 4.41378e-001
4.161250000000e-007, 4.41378e-001
4.181250000000e-007, 4.41378e-001
4.201250000000e-007, 4.43489e-001
4.221250000000e-007, 4.43489e-001
4.241250000000e-007, 4.43489e-001
4.261250000000e-007, 4.43489e-001
4.281250000000e-007, 4.43489e-001
4.301250000000e-007, 4.45599e-001
4.321250000000e-007, 4.45599e-001
4.341250000000e-007, 4.45599e-001
4.361250000000e-007, 4.45599e-001
4.381250000000e-007, 4.43489e-001
4.401250000000e-007, 4.45599e-001
4.421250000000e-007, 4.45599e-001
4.441250000000e-007, 4.45599e-001
4.461250000000e-007, 4.45599e-001
4.481250000000e-007, 4.45599e-001
4.501250000000e-007, 4.47710e-001
4.521250000000e-007, 4.47710e-001
4.541250000000e-007, 4.47710e-001
4.561250000000e-007, 4.47710e-001
4.581250000000e-007, 4.47710e-001
4.601250000000e-007, 4.47710e-001
4.621250000000e-007, 4.47710e-001
4.641250000000e-007, 4.47710e-001
4.661250000000e-007, 4.47710e-001
4.681250000000e-007, 4.49820e-001
4.701250000000e-007, 4.47710e-001
4.721250000000e-007, 4.47710e-001
4.741250000000e-007, 4.47710e-001
4.761250000000e-007, 4.47710e-001
4.781250000000e-007, 4.49820e-001
4.801250000000e-007, 4.49820e-001
4.821250000000e-007, 4.47710e-001
4.841250000000e-007, 4.49820e-001
4.861250000000e-007, 4.47710e-001
4.881250000000e-007, 4.49820e-001
4.901250000000e-007, 4.49820e-001
4.921250000000e-007, 4.47710e-001
4.941250000000e-007, 4.49820e-001
4.961250000000e-007, 4.49820e-001
4.981250000000e-007, 4.49820e-001
5.001250000000e-007, 4.49820e-001
5.021250000000e-007, 4.49820e-001
5.041250000000e-007, 4.49820e-001
5.061250000000e-007, 4.49820e-001
5.081250000000e-007, 4.49820e-001
5.101250000000e-007, 4.49820e-001
5.121250000000e-007, 4.51931e-001
5.141250000000e-007, 4.51931e-001
5.161250000000e-007, 4.49820e-001
5.181250000000e-007, 4.51931e-001
5.201250000000e-007, 4.49820e-001
5.221250000000e-007, 4.51931e-001
5.241250000000e-007, 4.51931e-001
5.261250000000e-007, 4.51931e-001
5.281250000000e-007, 4.51931e-001
5.301250000000e-007, 4.51931e-001
5.321250000000e-007, 4.51931e-001
5.341250000000e-007, 4.51931e-001
5.361250000000e-007, 4.51931e-001
5.381250000000e-007, 4.51931e-001
5.401250000000e-007, 4.51931e-001
5.421250000000e-007, 4.51931e-001
5.441250000000e-007, 4.51931e-001
5.461250000000e-007, 4.54041e-001
5.481250000000e-007, 4.51931e-001
5.501250000000e-007, 4.54041e-001
5.521250000000e-007, 4.54041e-001
5.541250000000e-007, 4.54041e-001
5.561250000000e-007, 4.54041e-001
5.581250000000e-007, 4.51931e-001
5.601250000000e-007, 4.54041e-001
5.621250000000e-007, 4.54041e-001
5.641250000000e-007, 4.54041e-001
5.661250000000e-007, 4.54041e-001
5.681250000000e-007, 4.54041e-001
5.701250000000e-007, 4.54041e-001
5.721250000000e-007, 4.54041e-001
5.741250000000e-007, 4.54041e-001
5.761250000000e-007, 4.54041e-001
5.781250000000e-007, 4.54041e-001
5.801250000000e-007, 4.54041e-001
5.821250000000e-007, 4.54041e-001
5.841250000000e-007, 4.54041e-001
5.861250000000e-007, 4.54041e-001
5.881250000000e-007, 4.54041e-001
5.901250000000e-007, 4.54041e-001
5.921250000000e-007, 4.54041e-001
5.941250000000e-007, 4.54041e-001
5.961250000000e-007, 4.56152e-001
5.981250000000e-007, 4.56152e-001
6.001250000000e-007, 4.56152e-001
6.021250000000e-007, 4.54041e-001
6.041250000000e-007, 4.54041e-001
6.061250000000e-007, 4.54041e-001
6.081250000000e-007, 4.56152e-001
6.101250000000e-007, 4.56152e-001
6.121250000000e-007, 4.54041e-001
6.141250000000e-007, 4.54041e-001
6.161250000000e-007, 4.54041e-001
6.181250000000e-007, 4.56152e-001
6.201250000000e-007, 4.56152e-001
6.221250000000e-007, 4.54041e-001
6.241250000000e-007, 4.56152e-001
6.261250000000e-007, 4.56152e-001
6.281250000000e-007, 4.56152e-001
6.301250000000e-007, 4.56152e-001
6.321250000000e-007, 4.56152e-001
6.341250000000e-007, 4.56152e-001
6.361250000000e-007, 4.56152e-001
6.381250000000e-007, 4.56152e-001
6.401250000000e-007, 4.56152e-001
6.421250000000e-007, 4.56152e-001
6.441250000000e-007, 4.56152e-001
6.461250000000e-007, 4.56152e-001
6.481250000000e-007, 4.56152e-001
6.501250000000e-007, 4.56152e-001
6.521250000000e-007, 4.56152e-001
6.541250000000e-007, 4.56152e-001
6.561250000000e-007, 4.56152e-001
6.581250000000e-007, 4.56152e-001
6.601250000000e-007, 4.56152e-001
6.621250000000e-007, 4.56152e-001
6.641250000000e-007, 4.58262e-001
6.661250000000e-007, 4.56152e-001
6.681250000000e-007, 4.56152e-001
6.701250000000e-007, 4.56152e-001
6.721250000000e-007, 4.56152e-001
6.741250000000e-007, 4.58262e-001
6.761250000000e-007, 4.56152e-001
6.781250000000e-007, 4.58262e-001
6.801250000000e-007, 4.56152e-001
6.821250000000e-007, 4.58262e-001
6.841250000000e-007, 4.56152e-001
6.861250000000e-007, 4.56152e-001
6.881250000000e-007, 4.58262e-001
6.901250000000e-007, 4.56152e-001
6.921250000000e-007, 4.58262e-001
6.941250000000e-007, 4.56152e-001
6.961250000000e-007, 4.56152e-001
6.981250000000e-007, 4.58262e-001
7.001250000000e-007, 4.58262e-001
7.021250000000e-007, 4.58262e-001
7.041250000000e-007, 4.56152e-001
7.061250000000e-007, 4.58262e-001
7.081250000000e-007, 4.58262e-001
7.101250000000e-007, 4.58262e-001
7.121250000000e-007, 4.58262e-001
7.141250000000e-007, 4.58262e-001
7.161250000000e-007, 4.58262e-001
7.181250000000e-007, 4.56152e-001
7.201250000000e-007, 4.58262e-001
7.221250000000e-007, 4.58262e-001
7.241250000000e-007, 4.58262e-001
7.261250000000e-007, 4.58262e-001
7.281250000000e-007, 4.58262e-001
7.301250000000e-007, 4.58262e-001
7.321250000000e-007, 4.58262e-001
7.341250000000e-007, 4.58262e-001
7.361250000000e-007, 4.58262e-001
7.381250000000e-007, 4.58262e-001
7.401250000000e-007, 4.56152e-001
7.421250000000e-007, 4.58262e-001
7.441250000000e-007, 4.58262e-001
7.461250000000e-007, 4.58262e-001
7.481250000000e-007, 4.58262e-001
7.501250000000e-007, 4.58262e-001
7.521250000000e-007, 4.58262e-001
7.541250000000e-007, 4.58262e-001
7.561250000000e-007, 4.58262e-001
7.581250000000e-007, 4.58262e-001
7.601250000000e-007, 4.58262e-001
7.621250000000e-007, 4.58262e-001
7.641250000000e-007, 4.58262e-001
7.661250000000e-007, 4.58262e-001
7.681250000000e-007, 4.58262e-001
7.701250000000e-007, 4.58262e-001
7.721250000000e-007, 4.58262e-001
7.741250000000e-007, 4.58262e-001
7.761250000000e-007, 4.58262e-001
7.781250000000e-007, 4.58262e-001
7.801250000000e-007, 4.58262e-001
7.821250000000e-007, 4.58262e-001
7.841250000000e-007, 4.58262e-001
7.861250000000e-007, 4.58262e-001
7.881250000000e-007, 4.58262e-001
7.901250000000e-007, 4.58262e-001
7.921250000000e-007, 4.60373e-001
7.941250000000e-007, 4.60373e-001
7.961250000000e-007, 4.58262e-001
7.981250000000e-007, 4.60373e-001
8.001250000000e-007, 4.60373e-001
8.021250000000e-007, 4.58262e-001
8.041250000000e-007, 4.60373e-001
8.061250000000e-007, 4.58262e-001
8.081250000000e-007, 4.58262e-001
8.101250000000e-007, 4.60373e-001
8.121250000000e-007, 4.60373e-001
8.141250000000e-007, 4.60373e-001
8.161250000000e-007, 4.60373e-001
8.181250000000e-007, 4.60373e-001
8.201250000000e-007, 4.60373e-001
8.221250000000e-007, 4.58262e-001
8.241250000000e-007, 4.60373e-001
8.261250000000e-007, 4.60373e-001
8.281250000000e-007, 4.60373e-001
8.301250000000e-007, 4.60373e-001
8.321250000000e-007, 4.60373e-001
8.341250000000e-007, 4.60373e-001
8.361250000000e-007, 4.60373e-001
8.381250000000e-007, 4.60373e-001
8.401250000000e-007, 4.60373e-001
8.421250000000e-007, 4.60373e-001
8.441250000000e-007, 4.60373e-001
8.461250000000e-007, 4.60373e-001
8.481250000000e-007, 4.60373e-001
8.501250000000e-007, 4.60373e-001
8.521250000000e-007, 4.60373e-001
8.541250000000e-007, 4.60373e-001
8.561250000000e-007, 4.60373e-001
8.581250000000e-007, 4.60373e-001
8.601250000000e-007, 4.60373e-001
8.621250000000e-007, 4.60373e-001
8.641250000000e-007, 4.60373e-001
8.661250000000e-007, 4.60373e-001
8.681250000000e-007, 4.60373e-001
8.701250000000e-007, 4.60373e-001
8.721250000000e-007, 4.60373e-001
8.741250000000e-007, 4.60373e-001
8.761250000000e-007, 4.60373e-001
8.781250000000e-007, 4.60373e-001
8.801250000000e-007, 4.60373e-001
8.821250000000e-007, 4.60373e-001
8.841250000000e-007, 4.60373e-001
8.861250000000e-007, 4.60373e-001
8.881250000000e-007, 4.62484e-001
8.901250000000e-007, 4.60373e-001
8.921250000000e-007, 4.60373e-001
8.941250000000e-007, 4.60373e-001
8.961250000000e-007, 4.60373e-001
8.981250000000e-007, 4.60373e-001
9.001250000000e-007, 4.60373e-001
9.021250000000e-007, 4.60373e-001
9.041250000000e-007, 4.60373e-001
9.061250000000e-007, 4.60373e-001
9.081250000000e-007, 4.60373e-001
9.101250000000e-007, 4.60373e-001
9.121250000000e-007, 4.60373e-001
9.141250000000e-007, 4.60373e-001
9.161250000000e-007, 4.62484e-001
9.181250000000e-007, 4.60373e-001
9.201250000000e-007, 4.60373e-001
9.221250000000e-007, 4.60373e-001
9.241250000000e-007, 4.60373e-001
9.261250000000e-007, 4.60373e-001
9.281250000000e-007, 4.62484e-001
9.301250000000e-007, 4.60373e-001
9.321250000000e-007, 4.60373e-001
9.341250000000e-007, 4.62484e-001
9.361250000000e-007, 4.62484e-001
9.381250000000e-007, 4.62484e-001
9.401250000000e-007, 4.62484e-001
9.421250000000e-007, 4.62484e-001
9.441250000000e-007, 4.60373e-001
9.461250000000e-007, 4.62484e-001
9.481250000000e-007, 4.60373e-001
9.501250000000e-007, 4.60373e-001
9.521250000000e-007, 4.60373e-001
9.541250000000e-007, 4.62484e-001
9.561250000000e-007, 4.62484e-001
9.581250000000e-007, 4.62484e-001
9.601250000000e-007, 4.60373e-001
9.621250000000e-007, 4.62484e-001
9.641250000000e-007, 4.62484e-001
9.661250000000e-007, 4.62484e-001
9.681250000000e-007, 4.62484e-001
9.701250000000e-007, 4.62484e-001
9.721250000000e-007, 4.62484e-001
9.741250000000e-007, 4.62484e-001
9.761250000000e-007, 4.62484e-001
9.781250000000e-007, 4.62484e-001
9.801250000000e-007, 4.62484e-001
9.821250000000e-007, 4.60373e-001
9.841250000000e-007, 4.62484e-001
9.861250000000e-007, 4.62484e-001
9.881250000000e-007, 4.62484e-001
9.901250000000e-007, 4.62484e-001
9.921250000000e-007, 4.62484e-001
9.941250000000e-007, 4.62484e-001
9.961250000000e-007, 4.62484e-001
9.981250000000e-007, 4.62484e-001
1.000125000000e-006, 4.62484e-001
1.002125000000e-006, 4.62484e-001
1.004125000000e-006, 4.62484e-001
1.006125000000e-006, 4.62484e-001
1.008125000000e-006, 4.62484e-001
1.010125000000e-006, 4.62484e-001
1.012125000000e-006, 4.62484e-001
1.014125000000e-006, 4.62484e-001
1.016125000000e-006, 4.62484e-001
1.018125000000e-006, 4.62484e-001
1.020125000000e-006, 4.62484e-001
1.022125000000e-006, 4.62484e-001
1.024125000000e-006, 4.62484e-001
1.026125000000e-006, 4.64594e-001
1.028125000000e-006, 4.62484e-001
1.030125000000e-006, 4.62484e-001
1.032125000000e-006, 4.62484e-001
1.034125000000e-006, 4.62484e-001
1.036125000000e-006, 4.62484e-001
1.038125000000e-006, 4.62484e-001
1.040125000000e-006, 4.62484e-001
1.042125000000e-006, 4.64594e-001
1.044125000000e-006, 4.62484e-001
1.046125000000e-006, 4.62484e-001
1.048125000000e-006, 4.62484e-001
1.050125000000e-006, 4.62484e-001
1.052125000000e-006, 4.62484e-001
1.054125000000e-006, 4.62484e-001
1.056125000000e-006, 4.62484e-001
1.058125000000e-006, 4.62484e-001
1.060125000000e-006, 4.62484e-001
1.062125000000e-006, 4.62484e-001
1.064125000000e-006, 4.62484e-001
1.066125000000e-006, 4.62484e-001
1.068125000000e-006, 4.62484e-001
1.070125000000e-006, 4.62484e-001
1.072125000000e-006, 4.62484e-001
1.074125000000e-006, 4.62484e-001
1.076125000000e-006, 4.62484e-001
1.078125000000e-006, 4.62484e-001
1.080125000000e-006, 4.64594e-001
1.082125000000e-006, 4.64594e-001
1.084125000000e-006, 4.64594e-001
1.086125000000e-006, 4.64594e-001
1.088125000000e-006, 4.62484e-001
1.090125000000e-006, 4.64594e-001
1.092125000000e-006, 4.62484e-001
1.094125000000e-006, 4.62484e-001
1.096125000000e-006, 4.62484e-001
1.098125000000e-006, 4.62484e-001
1.100125000000e-006, 4.64594e-001
1.102125000000e-006, 4.64594e-001
1.104125000000e-006, 4.62484e-001
1.106125000000e-006, 4.64594e-001
1.108125000000e-006, 4.64594e-001
1.110125000000e-006, 4.62484e-001
1.112125000000e-006, 4.64594e-001
1.114125000000e-006, 4.64594e-001
1.116125000000e-006, 4.64594e-001
1.118125000000e-006, 4.64594e-001
1.120125000000e-006, 4.62484e-001
1.122125000000e-006, 4.64594e-001
1.124125000000e-006, 4.64594e-001
1.126125000000e-006, 4.64594e-001
1.128125000000e-006, 4.62484e-001
1.130125000000e-006, 4.62484e-001
1.132125000000e-006, 4.64594e-001
1.134125000000e-006, 4.62484e-001
1.136125000000e-006, 4.62484e-001
1.138125000000e-006, 4.64594e-001
1.140125000000e-006, 4.64594e-001
1.142125000000e-006, 4.64594e-001
1.144125000000e-006, 4.62484e-001
1.146125000000e-006, 4.62484e-001
1.148125000000e-006, 4.62484e-001
1.150125000000e-006, 4.62484e-001
1.152125000000e-006, 4.64594e-001
1.154125000000e-006, 4.64594e-001
1.156125000000e-006, 4.62484e-001
1.158125000000e-006, 4.64594e-001
1.160125000000e-006, 4.64594e-001
1.162125000000e-006, 4.64594e-001
1.164125000000e-006, 4.64594e-001
1.166125000000e-006, 4.62484e-001
1.168125000000e-006, 4.64594e-001
1.170125000000e-006, 4.64594e-001
1.172125000000e-006, 4.64594e-001
1.174125000000e-006, 4.64594e-001
1.176125000000e-006, 4.64594e-001
1.178125000000e-006, 4.64594e-001
1.180125000000e-006, 4.64594e-001
1.182125000000e-006, 4.64594e-001
1.184125000000e-006, 4.64594e-001
1.186125000000e-006, 4.64594e-001
1.188125000000e-006, 4.64594e-001
1.190125000000e-006, 4.64594e-001
1.192125000000e-006, 4.64594e-001
1.194125000000e-006, 4.64594e-001
1.196125000000e-006, 4.64594e-001
1.198125000000e-006, 4.64594e-001
1.200125000000e-006, 4.64594e-001
1.202125000000e-006, 4.64594e-001
1.204125000000e-006, 4.64594e-001
1.206125000000e-006, 4.64594e-001
1.208125000000e-006, 4.64594e-001
1.210125000000e-006, 4.64594e-001
1.212125000000e-006, 4.64594e-001
1.214125000000e-006, 4.64594e-001
1.216125000000e-006, 4.64594e-001
1.218125000000e-006, 4.64594e-001
1.220125000000e-006, 4.64594e-001
1.222125000000e-006, 4.64594e-001
1.224125000000e-006, 4.64594e-001
1.226125000000e-006, 4.64594e-001
1.228125000000e-006, 4.64594e-001
1.230125000000e-006, 4.64594e-001
1.232125000000e-006, 4.66705e-001
1.234125000000e-006, 4.64594e-001
1.236125000000e-006, 4.64594e-001
1.238125000000e-006, 4.64594e-001
1.240125000000e-006, 4.64594e-001
1.242125000000e-006, 4.64594e-001
1.244125000000e-006, 4.66705e-001
1.246125000000e-006, 4.64594e-001
1.248125000000e-006, 4.66705e-001
1.250125000000e-006, 4.64594e-001
1.252125000000e-006, 4.64594e-001
1.254125000000e-006, 4.64594e-001
1.256125000000e-006, 4.64594e-001
1.258125000000e-006, 4.64594e-001
1.260125000000e-006, 4.64594e-001
1.262125000000e-006, 4.64594e-001
1.264125000000e-006, 4.66705e-001
1.266125000000e-006, 4.64594e-001
1.268125000000e-006, 4.64594e-001
1.270125000000e-006, 4.64594e-001
1.272125000000e-006, 4.66705e-001
1.274125000000e-006, 4.66705e-001
1.276125000000e-006, 4.66705e-001
1.278125000000e-006, 4.64594e-001
1.280125000000e-006, 4.64594e-001
1.282125000000e-006, 4.66705e-001
1.284125000000e-006, 4.66705e-001
1.286125000000e-006, 4.66705e-001
1.288125000000e-006, 4.66705e-001
1.290125000000e-006, 4.66705e-001
1.292125000000e-006, 4.66705e-001
1.294125000000e-006, 4.64594e-001
1.296125000000e-006, 4.64594e-001
1.298125000000e-006, 4.66705e-001
1.300125000000e-006, 4.66705e-001
1.302125000000e-006, 4.64594e-001
1.304125000000e-006, 4.64594e-001
1.306125000000e-006, 4.64594e-001
1.308125000000e-006, 4.64594e-001
1.310125000000e-006, 4.64594e-001
1.312125000000e-006, 4.64594e-001
1.314125000000e-006, 4.66705e-001
1.316125000000e-006, 4.64594e-001
1.318125000000e-006, 4.64594e-001
1.320125000000e-006, 4.66705e-001
1.322125000000e-006, 4.64594e-001
1.324125000000e-006, 4.66705e-001
1.326125000000e-006, 4.64594e-001
1.328125000000e-006, 4.66705e-001
1.330125000000e-006, 4.66705e-001
1.332125000000e-006, 4.64594e-001
1.334125000000e-006, 4.64594e-001
1.336125000000e-006, 4.64594e-001
1.338125000000e-006, 4.66705e-001
1.340125000000e-006, 4.66705e-001
1.342125000000e-006, 4.64594e-001
1.344125000000e-006, 4.66705e-001
1.346125000000e-006, 4.66705e-001
1.348125000000e-006, 4.66705e-001
1.350125000000e-006, 4.66705e-001
1.352125000000e-006, 4.66705e-001
1.354125000000e-006, 4.66705e-001
1.356125000000e-006, 4.66705e-001
1.358125000000e-006, 4.66705e-001
1.360125000000e-006, 4.66705e-001
1.362125000000e-006, 4.66705e-001
1.364125000000e-006, 4.66705e-001
1.366125000000e-006, 4.66705e-001
1.368125000000e-006, 4.66705e-001
1.370125000000e-006, 4.66705e-001
1.372125000000e-006, 4.64594e-001
1.374125000000e-006, 4.66705e-001
1.376125000000e-006, 4.64594e-001
1.378125000000e-006, 4.66705e-001
1.380125000000e-006, 4.66705e-001
1.382125000000e-006, 4.66705e-001
1.384125000000e-006, 4.66705e-001
1.386125000000e-006, 4.64594e-001
1.388125000000e-006, 4.64594e-001
1.390125000000e-006, 4.66705e-001
1.392125000000e-006, 4.66705e-001
1.394125000000e-006, 4.66705e-001
1.396125000000e-006, 4.64594e-001
1.398125000000e-006, 4.66705e-001
1.400125000000e-006, 4.64594e-001
1.402125000000e-006, 4.66705e-001
1.404125000000e-006, 4.66705e-001
1.406125000000e-006, 4.64594e-001
1.408125000000e-006, 4.66705e-001
1.410125000000e-006, 4.66705e-001
1.412125000000e-006, 4.66705e-001
1.414125000000e-006, 4.66705e-001
1.416125000000e-006, 4.66705e-001
1.418125000000e-006, 4.66705e-001
1.420125000000e-006, 4.66705e-001
1.422125000000e-006, 4.66705e-001
1.424125000000e-006, 4.68815e-001
1.426125000000e-006, 4.68815e-001
1.428125000000e-006, 4.66705e-001
1.430125000000e-006, 4.66705e-001
1.432125000000e-006, 4.66705e-001
1.434125000000e-006, 4.66705e-001
1.436125000000e-006, 4.66705e-001
1.438125000000e-006, 4.66705e-001
1.440125000000e-006, 4.66705e-001
1.442125000000e-006, 4.66705e-001
1.444125000000e-006, 4.68815e-001
1.446125000000e-006, 4.66705e-001
1.448125000000e-006, 4.66705e-001
1.450125000000e-006, 4.66705e-001
1.452125000000e-006, 4.68815e-001
1.454125000000e-006, 4.66705e-001
1.456125000000e-006, 4.66705e-001
1.458125000000e-006, 4.66705e-001
1.460125000000e-006, 4.66705e-001
1.462125000000e-006, 4.68815e-001
1.464125000000e-006, 4.66705e-001
1.466125000000e-006, 4.66705e-001
1.468125000000e-006, 4.66705e-001
1.470125000000e-006, 4.66705e-001
1.472125000000e-006, 4.66705e-001
1.474125000000e-006, 4.66705e-001
1.476125000000e-006, 4.66705e-001
1.478125000000e-006, 4.66705e-001
1.480125000000e-006, 4.66705e-001
1.482125000000e-006, 4.66705e-001
1.484125000000e-006, 4.66705e-001
1.486125000000e-006, 4.66705e-001
1.488125000000e-006, 4.68815e-001
1.490125000000e-006, 4.68815e-001
1.492125000000e-006, 4.66705e-001
1.494125000000e-006, 4.66705e-001
1.496125000000e-006, 4.66705e-001
1.498125000000e-006, 4.68815e-001
1.500125000000e-006, 4.66705e-001
1.502125000000e-006, 4.66705e-001
1.504125000000e-006, 4.68815e-001
1.506125000000e-006, 4.66705e-001
1.508125000000e-006, 4.66705e-001
1.510125000000e-006, 4.68815e-001
1.512125000000e-006, 4.66705e-001
1.514125000000e-006, 4.66705e-001
1.516125000000e-006, 4.66705e-001
1.518125000000e-006, 4.66705e-001
1.520125000000e-006, 4.66705e-001
1.522125000000e-006, 4.68815e-001
1.524125000000e-006, 4.68815e-001
1.526125000000e-006, 4.66705e-001
1.528125000000e-006, 4.66705e-001
1.530125000000e-006, 4.66705e-001
1.532125000000e-006, 4.68815e-001
1.534125000000e-006, 4.66705e-001
1.536125000000e-006, 4.68815e-001
1.538125000000e-006, 4.68815e-001
1.540125000000e-006, 4.68815e-001
1.542125000000e-006, 4.66705e-001
1.544125000000e-006, 4.68815e-001
1.546125000000e-006, 4.68815e-001
1.548125000000e-006, 4.66705e-001
1.550125000000e-006, 4.66705e-001
1.552125000000e-006, 4.66705e-001
1.554125000000e-006, 4.66705e-001
1.556125000000e-006, 4.66705e-001
1.558125000000e-006, 4.66705e-001
1.560125000000e-006, 4.66705e-001
1.562125000000e-006, 4.66705e-001
1.564125000000e-006, 4.66705e-001
1.566125000000e-006, 4.68815e-001
1.568125000000e-006, 4.68815e-001
1.570125000000e-006, 4.66705e-001
1.572125000000e-006, 4.68815e-001
1.574125000000e-006, 4.68815e-001
1.576125000000e-006, 4.68815e-001
1.578125000000e-006, 4.68815e-001
1.580125000000e-006, 4.68815e-001
1.582125000000e-006, 4.68815e-001
1.584125000000e-006, 4.68815e-001
1.586125000000e-006, 4.68815e-001
1.588125000000e-006, 4.68815e-001
1.590125000000e-006, 4.68815e-001
1.592125000000e-006, 4.68815e-001
1.594125000000e-006, 4.68815e-001
1.596125000000e-006, 4.68815e-001
1.598125000000e-006, 4.68815e-001
1.600125000000e-006, 4.68815e-001
1.602125000000e-006, 4.68815e-001
1.604125000000e-006, 4.68815e-001
1.606125000000e-006, 4.68815e-001
1.608125000000e-006, 4.68815e-001
1.610125000000e-006, 4.68815e-001
1.612125000000e-006, 4.66705e-001
1.614125000000e-006, 4.68815e-001
1.616125000000e-006, 4.68815e-001
1.618125000000e-006, 4.66705e-001
1.620125000000e-006, 4.66705e-001
1.622125000000e-006, 4.66705e-001
1.624125000000e-006, 4.66705e-001
1.626125000000e-006, 4.68815e-001
1.628125000000e-006, 4.68815e-001
1.630125000000e-006, 4.68815e-001
1.632125000000e-006, 4.68815e-001
1.634125000000e-006, 4.68815e-001
1.636125000000e-006, 4.68815e-001
1.638125000000e-006, 4.68815e-001
1.640125000000e-006, 4.68815e-001
1.642125000000e-006, 4.68815e-001
1.644125000000e-006, 4.68815e-001
1.646125000000e-006, 4.68815e-001
1.648125000000e-006, 4.68815e-001
1.650125000000e-006, 4.68815e-001
1.652125000000e-006, 4.68815e-001
1.654125000000e-006, 4.68815e-001
1.656125000000e-006, 4.68815e-001
1.658125000000e-006, 4.68815e-001
1.660125000000e-006, 4.68815e-001
1.662125000000e-006, 4.66705e-001
1.664125000000e-006, 4.66705e-001
1.666125000000e-006, 4.66705e-001
1.668125000000e-006, 4.66705e-001
1.670125000000e-006, 4.68815e-001
1.672125000000e-006, 4.66705e-001
1.674125000000e-006, 4.66705e-001
1.676125000000e-006, 4.68815e-001
1.678125000000e-006, 4.68815e-001
1.680125000000e-006, 4.66705e-001
1.682125000000e-006, 4.68815e-001
1.684125000000e-006, 4.68815e-001
1.686125000000e-006, 4.66705e-001
1.688125000000e-006, 4.68815e-001
1.690125000000e-006, 4.68815e-001
1.692125000000e-006, 4.68815e-001
1.694125000000e-006, 4.68815e-001
1.696125000000e-006, 4.66705e-001
1.698125000000e-006, 4.68815e-001
1.700125000000e-006, 4.68815e-001
1.702125000000e-006, 4.68815e-001
1.704125000000e-006, 4.68815e-001
1.706125000000e-006, 4.68815e-001
1.708125000000e-006, 4.68815e-001
1.710125000000e-006, 4.68815e-001
1.712125000000e-006, 4.68815e-001
1.714125000000e-006, 4.68815e-001
1.716125000000e-006, 4.68815e-001
1.718125000000e-006, 4.68815e-001
1.720125000000e-006, 4.68815e-001
1.722125000000e-006, 4.68815e-001
1.724125000000e-006, 4.68815e-001
1.726125000000e-006, 4.68815e-001
1.728125000000e-006, 4.68815e-001
1.730125000000e-006, 4.68815e-001
1.732125000000e-006, 4.68815e-001
1.734125000000e-006, 4.68815e-001
1.736125000000e-006, 4.68815e-001
1.738125000000e-006, 4.68815e-001
1.740125000000e-006, 4.70926e-001
1.742125000000e-006, 4.68815e-001
1.744125000000e-006, 4.68815e-001
1.746125000000e-006, 4.68815e-001
1.748125000000e-006, 4.68815e-001
1.750125000000e-006, 4.68815e-001
1.752125000000e-006, 4.68815e-001
1.754125000000e-006, 4.68815e-001
1.756125000000e-006, 4.70926e-001
1.758125000000e-006, 4.68815e-001
1.760125000000e-006, 4.68815e-001
1.762125000000e-006, 4.68815e-001
1.764125000000e-006, 4.68815e-001
1.766125000000e-006, 4.68815e-001
1.768125000000e-006, 4.68815e-001
1.770125000000e-006, 4.68815e-001
1.772125000000e-006, 4.68815e-001
1.774125000000e-006, 4.68815e-001
1.776125000000e-006, 4.68815e-001
1.778125000000e-006, 4.68815e-001
1.780125000000e-006, 4.68815e-001
1.782125000000e-006, 4.68815e-001
1.784125000000e-006, 4.68815e-001
1.786125000000e-006, 4.68815e-001
1.788125000000e-006, 4.68815e-001
1.790125000000e-006, 4.68815e-001
1.792125000000e-006, 4.68815e-001
1.794125000000e-006, 4.68815e-001
1.796125000000e-006, 4.68815e-001
1.798125000000e-006, 4.68815e-001
1.800125000000e-006, 4.68815e-001
1.802125000000e-006, 4.68815e-001
1.804125000000e-006, 4.68815e-001
1.806125000000e-006, 4.68815e-001
1.808125000000e-006, 4.68815e-001
1.810125000000e-006, 4.68815e-001
1.812125000000e-006, 4.68815e-001
1.814125000000e-006, 4.70926e-001
1.816125000000e-006, 4.70926e-001
1.818125000000e-006, 4.70926e-001
1.820125000000e-006, 4.68815e-001
1.822125000000e-006, 4.68815e-001
1.824125000000e-006, 4.68815e-001
1.826125000000e-006, 4.70926e-001
1.828125000000e-006, 4.68815e-001
1.830125000000e-006, 4.68815e-001
1.832125000000e-006, 4.68815e-001
1.834125000000e-006, 4.70926e-001
1.836125000000e-006, 4.68815e-001
1.838125000000e-006, 4.68815e-001
1.840125000000e-006, 4.68815e-001
1.842125000000e-006, 4.70926e-001
1.844125000000e-006, 4.70926e-001
1.846125000000e-006, 4.68815e-001
1.848125000000e-006, 4.68815e-001
1.850125000000e-006, 4.68815e-001
1.852125000000e-006, 4.68815e-001
1.854125000000e-006, 4.68815e-001
1.856125000000e-006, 4.68815e-001
1.858125000000e-006, 4.70926e-001
1.860125000000e-006, 4.70926e-001
1.862125000000e-006, 4.70926e-001
1.864125000000e-006, 4.70926e-001
1.866125000000e-006, 4.70926e-001
1.868125000000e-006, 4.70926e-001
1.870125000000e-006, 4.70926e-001
1.872125000000e-006, 4.70926e-001
1.874125000000e-006, 4.70926e-001
1.876125000000e-006, 4.70926e-001
1.878125000000e-006, 4.68815e-001
1.880125000000e-006, 4.70926e-001
1.882125000000e-006, 4.70926e-001
1.884125000000e-006, 4.70926e-001
1.886125000000e-006, 4.70926e-001
1.888125000000e-006, 4.70926e-001
1.890125000000e-006, 4.70926e-001
1.892125000000e-006, 4.70926e-001
1.894125000000e-006, 4.68815e-001
1.896125000000e-006, 4.68815e-001
1.898125000000e-006, 4.70926e-001
1.900125000000e-006, 4.70926e-001
1.902125000000e-006, 4.68815e-001
1.904125000000e-006, 4.70926e-001
1.906125000000e-006, 4.70926e-001
1.908125000000e-006, 4.70926e-001
1.910125000000e-006, 4.70926e-001
1.912125000000e-006, 4.70926e-001
1.914125000000e-006, 4.70926e-001
1.916125000000e-006, 4.70926e-001
1.918125000000e-006, 4.70926e-001
1.920125000000e-006, 4.68815e-001
1.922125000000e-006, 4.68815e-001
1.924125000000e-006, 4.68815e-001
1.926125000000e-006, 4.68815e-001
1.928125000000e-006, 4.68815e-001
1.930125000000e-006, 4.70926e-001
1.932125000000e-006, 4.70926e-001
1.934125000000e-006, 4.70926e-001
1.936125000000e-006, 4.68815e-001
1.938125000000e-006, 4.68815e-001
1.940125000000e-006, 4.68815e-001
1.942125000000e-006, 4.68815e-001
1.944125000000e-006, 4.68815e-001
1.946125000000e-006, 4.68815e-001
1.948125000000e-006, 4.68815e-001
1.950125000000e-006, 4.70926e-001
1.952125000000e-006, 4.70926e-001
1.954125000000e-006, 4.68815e-001
1.956125000000e-006, 4.70926e-001
1.958125000000e-006, 4.70926e-001
1.960125000000e-006, 4.70926e-001
1.962125000000e-006, 4.70926e-001
1.964125000000e-006, 4.70926e-001
1.966125000000e-006, 4.68815e-001
1.968125000000e-006, 4.68815e-001
1.970125000000e-006, 4.70926e-001
1.972125000000e-006, 4.70926e-001
1.974125000000e-006, 4.70926e-001
1.976125000000e-006, 4.73036e-001
1.978125000000e-006, 4.70926e-001
1.980125000000e-006, 4.70926e-001
1.982125000000e-006, 4.70926e-001
1.984125000000e-006, 4.68815e-001
1.986125000000e-006, 4.70926e-001
1.988125000000e-006, 4.70926e-001
1.990125000000e-006, 4.70926e-001
1.992125000000e-006, 4.70926e-001
1.994125000000e-006, 4.70926e-001
1.996125000000e-006, 4.70926e-001
1.998125000000e-006, 4.70926e-001
2.000125000000e-006, 4.70926e-001
2.002125000000e-006, 4.70926e-001
2.004125000000e-006, 4.70926e-001
2.006125000000e-006, 4.70926e-001
2.008125000000e-006, 4.70926e-001
2.010125000000e-006, 4.70926e-001
2.012125000000e-006, 4.70926e-001
2.014125000000e-006, 4.70926e-001
2.016125000000e-006, 4.70926e-001
2.018125000000e-006, 4.73036e-001
2.020125000000e-006, 4.70926e-001
2.022125000000e-006, 4.70926e-001
2.024125000000e-006, 4.70926e-001
2.026125000000e-006, 4.70926e-001
2.028125000000e-006, 4.70926e-001
2.030125000000e-006, 4.70926e-001
2.032125000000e-006, 4.70926e-001
2.034125000000e-006, 4.70926e-001
2.036125000000e-006, 4.70926e-001
2.038125000000e-006, 4.70926e-001
2.040125000000e-006, 4.70926e-001
2.042125000000e-006, 4.70926e-001
2.044125000000e-006, 4.70926e-001
2.046125000000e-006, 4.70926e-001
2.048125000000e-006, 4.70926e-001
2.050125000000e-006, 4.73036e-001
2.052125000000e-006, 4.73036e-001
2.054125000000e-006, 4.70926e-001
2.056125000000e-006, 4.73036e-001
2.058125000000e-006, 4.70926e-001
2.060125000000e-006, 4.70926e-001
2.062125000000e-006, 4.70926e-001
2.064125000000e-006, 4.70926e-001
2.066125000000e-006, 4.70926e-001
2.068125000000e-006, 4.70926e-001
2.070125000000e-006, 4.70926e-001
2.072125000000e-006, 4.70926e-001
2.074125000000e-006, 4.70926e-001
2.076125000000e-006, 4.70926e-001
2.078125000000e-006, 4.70926e-001
2.080125000000e-006, 4.73036e-001
2.082125000000e-006, 4.70926e-001
2.084125000000e-006, 4.70926e-001
2.086125000000e-006, 4.70926e-001
2.088125000000e-006, 4.70926e-001
2.090125000000e-006, 4.70926e-001
2.092125000000e-006, 4.70926e-001
2.094125000000e-006, 4.70926e-001
2.096125000000e-006, 4.70926e-001
2.098125000000e-006, 4.70926e-001
2.100125000000e-006, 4.70926e-001
2.102125000000e-006, 4.70926e-001
2.104125000000e-006, 4.70926e-001
2.106125000000e-006, 4.70926e-001
2.108125000000e-006, 4.70926e-001
2.110125000000e-006, 4.68815e-001
2.112125000000e-006, 4.70926e-001
2.114125000000e-006, 4.70926e-001
2.116125000000e-006, 4.70926e-001
2.118125000000e-006, 4.70926e-001
2.120125000000e-006, 4.70926e-001
2.122125000000e-006, 4.70926e-001
2.124125000000e-006, 4.70926e-001
2.126125000000e-006, 4.70926e-001
2.128125000000e-006, 4.73036e-001
2.130125000000e-006, 4.70926e-001
2.132125000000e-006, 4.70926e-001
2.134125000000e-006, 4.70926e-001
2.136125000000e-006, 4.70926e-001
2.138125000000e-006, 4.70926e-001
2.140125000000e-006, 4.73036e-001
2.142125000000e-006, 4.70926e-001
2.144125000000e-006, 4.73036e-001
2.146125000000e-006, 4.73036e-001
2.148125000000e-006, 4.73036e-001
2.150125000000e-006, 4.73036e-001
2.152125000000e-006, 4.70926e-001
2.154125000000e-006, 4.73036e-001
2.156125000000e-006, 4.73036e-001
2.158125000000e-006, 4.70926e-001
2.160125000000e-006, 4.70926e-001
2.162125000000e-006, 4.70926e-001
2.164125000000e-006, 4.70926e-001
2.166125000000e-006, 4.73036e-001
2.168125000000e-006, 4.70926e-001
2.170125000000e-006, 4.70926e-001
2.172125000000e-006, 4.73036e-001
2.174125000000e-006, 4.70926e-001
2.176125000000e-006, 4.70926e-001