x-axis,1,3,F1
second,Volt,Volt,Volt
-103.0000E-09,-73.3543236565E-03,-98.0839169497E-03,+24.6032476425E-03
-102.5000E-09,-73.2758060694E-03,-98.3194697110E-03,+24.9084234238E-03
-102.0000E-09,-74.2965347017E-03,-99.0261279949E-03,+24.6032476425E-03
-101.5000E-09,-73.5898764178E-03,-99.1046455820E-03,+25.3814458847E-03
-101.0000E-09,-72.9617357210E-03,-98.6335400594E-03,+25.5492925644E-03
-100.5000E-09,-73.3543236565E-03,-96.5135652077E-03,+23.0163335800E-03
-100.0000E-09,-73.7469115920E-03,-96.4350476206E-03,+22.5585699081E-03
-99.5000E-09,-73.2758060694E-03,-96.5920827948E-03,+23.1841802597E-03
-99.0000E-09,-72.7261829597E-03,-98.2409521239E-03,+25.3814458847E-03
-98.5000E-09,-73.0402533081E-03,-99.5757511046E-03,+26.4190435410E-03
-98.0000E-09,-72.4121126113E-03,-99.3401983433E-03,+26.8005132675E-03
-97.5000E-09,-71.9410070888E-03,-99.4187159304E-03,+27.3345708847E-03
-97.0000E-09,-72.0980422630E-03,-99.8113038659E-03,+27.5634527206E-03
-96.5000E-09,-72.7261829597E-03,-100.3609269756E-03,+27.4871587753E-03
-96.0000E-09,-73.1972884823E-03,-100.7535149110E-03,+27.4108648300E-03
-95.5000E-09,-73.1972884823E-03,-100.9105500852E-03,+27.5634527206E-03
-95.0000E-09,-73.2758060694E-03,-100.0468566272E-03,+26.6479253769E-03
-94.5000E-09,-73.4328412436E-03,-100.2038918014E-03,+26.6479253769E-03
-94.0000E-09,-73.0402533081E-03,-99.8113038659E-03,+26.6479253769E-03
-93.5000E-09,-72.5691477855E-03,-98.9476104078E-03,+26.2511968613E-03
-93.0000E-09,-72.4906301984E-03,-97.6128114271E-03,+24.9847173691E-03
-92.5000E-09,-72.1765598500E-03,-97.3772586658E-03,+25.0610113144E-03
-92.0000E-09,-71.7054543275E-03,-98.0839169497E-03,+26.2206792831E-03
-91.5000E-09,-71.0773136307E-03,-97.8483641884E-03,+26.6326665878E-03
-91.0000E-09,-71.6269367404E-03,-97.6913290142E-03,+25.9155035019E-03
-90.5000E-09,-72.7261829597E-03,-99.4972335175E-03,+26.6479253769E-03
-90.0000E-09,-73.1972884823E-03,-100.2038918014E-03,+26.8768072128E-03
-89.5000E-09,-73.0402533081E-03,-100.6749973239E-03,+27.4871587753E-03
-89.0000E-09,-72.5691477855E-03,-99.6542686917E-03,+26.9378423691E-03
-88.5000E-09,-72.6476653726E-03,-98.9476104078E-03,+26.1443853378E-03
-88.0000E-09,-72.8047005468E-03,-99.9683390401E-03,+27.0446538925E-03
-87.5000E-09,-72.6476653726E-03,-100.7535149110E-03,+27.9906988144E-03
-87.0000E-09,-72.8047005468E-03,-100.1253742143E-03,+27.1819829941E-03
-86.5000E-09,-72.7261829597E-03,-99.0261279949E-03,+26.1596441269E-03
-86.0000E-09,-73.1972884823E-03,-97.2202234916E-03,+23.8708257675E-03
-85.5000E-09,-73.1972884823E-03,-97.2202234916E-03,+23.9013433456E-03
-85.0000E-09,-73.4328412436E-03,-96.8276355561E-03,+23.2452154160E-03
-84.5000E-09,-74.2965347017E-03,-97.6913290142E-03,+23.2452154160E-03
-84.0000E-09,-74.6891226372E-03,-97.8483641884E-03,+23.0315923691E-03
-83.5000E-09,-74.2965347017E-03,-99.2616807562E-03,+24.8321294785E-03
-83.0000E-09,-73.5898764178E-03,-99.6542686917E-03,+25.9002447128E-03
-82.5000E-09,-73.0402533081E-03,-99.0261279949E-03,+25.8392095566E-03
-82.0000E-09,-73.4328412436E-03,-99.9683390401E-03,+26.4190435410E-03
-81.5000E-09,-73.0402533081E-03,-99.9683390401E-03,+26.8005132675E-03
-81.0000E-09,-72.4121126113E-03,-99.8898214530E-03,+27.3345708847E-03
-80.5000E-09,-71.9410070888E-03,-99.5757511046E-03,+27.4871587753E-03
-80.0000E-09,-71.8624895017E-03,-99.2616807562E-03,+27.2582769394E-03
-79.5000E-09,-71.7054543275E-03,-98.3979872981E-03,+26.5563726425E-03
-79.0000E-09,-72.0980422630E-03,-97.2987410787E-03,+25.0762701035E-03
-78.5000E-09,-72.4906301984E-03,-99.7327862788E-03,+27.1056890488E-03
-78.0000E-09,-72.2550774371E-03,-99.4187159304E-03,+27.0141363144E-03
-77.5000E-09,-72.4906301984E-03,-97.6913290142E-03,+25.0610113144E-03
-77.0000E-09,-73.2758060694E-03,-97.8483641884E-03,+24.4506597519E-03
-76.5000E-09,-73.3543236565E-03,-99.1831631691E-03,+25.6866216660E-03
-76.0000E-09,-72.8832181339E-03,-99.4187159304E-03,+26.4037847519E-03
-75.5000E-09,-72.8047005468E-03,-98.9476104078E-03,+25.9917974472E-03
-75.0000E-09,-72.5691477855E-03,-99.5757511046E-03,+26.8768072128E-03
-74.5000E-09,-72.5691477855E-03,-99.2616807562E-03,+26.5716314316E-03
-74.0000E-09,-72.5691477855E-03,-99.0261279949E-03,+26.3427495956E-03
-73.5000E-09,-72.8832181339E-03,-98.6335400594E-03,+25.6255865097E-03
-73.0000E-09,-73.5113588307E-03,-98.0053993626E-03,+24.3438482285E-03
-72.5000E-09,-72.7261829597E-03,-99.4972335175E-03,+26.6326665878E-03
-72.0000E-09,-73.2758060694E-03,-98.8690928207E-03,+25.4424810410E-03
-71.5000E-09,-73.4328412436E-03,-98.4765048852E-03,+24.9084234238E-03
-71.0000E-09,-73.2758060694E-03,-98.4765048852E-03,+25.0610113144E-03
-70.5000E-09,-73.3543236565E-03,-98.0053993626E-03,+24.5269536972E-03
-70.0000E-09,-72.8832181339E-03,-98.8690928207E-03,+25.8392095566E-03
-69.5000E-09,-73.0402533081E-03,-99.0261279949E-03,+25.8697271347E-03
-69.0000E-09,-73.3543236565E-03,-98.4765048852E-03,+24.9999761581E-03
-68.5000E-09,-72.8832181339E-03,-99.8113038659E-03,+26.8005132675E-03
-68.0000E-09,-73.0402533081E-03,-99.9683390401E-03,+26.7852544785E-03
-67.5000E-09,-73.5898764178E-03,-99.3401983433E-03,+25.6103277206E-03
-67.0000E-09,-73.6683940049E-03,-99.8113038659E-03,+26.0223150253E-03
-66.5000E-09,-73.1187708952E-03,-98.7905752336E-03,+25.5340337753E-03
-66.0000E-09,-73.1187708952E-03,-99.8898214530E-03,+26.6326665878E-03
-65.5000E-09,-73.6683940049E-03,-99.1046455820E-03,+25.2898931503E-03
-65.0000E-09,-73.1187708952E-03,-97.2987410787E-03,+24.0539312363E-03
-64.5000E-09,-73.0402533081E-03,-97.0631883174E-03,+23.8708257675E-03
-64.0000E-09,-73.4328412436E-03,-98.0839169497E-03,+24.5269536972E-03
-63.5000E-09,-73.1972884823E-03,-99.2616807562E-03,+25.9155035019E-03
-63.0000E-09,-73.1972884823E-03,-100.2824093885E-03,+26.9531011581E-03
-62.5000E-09,-73.1972884823E-03,-100.5179621498E-03,+27.1667242050E-03
-62.0000E-09,-73.1972884823E-03,-98.2409521239E-03,+24.9084234238E-03
-61.5000E-09,-72.9617357210E-03,-97.2202234916E-03,+24.1302251816E-03
-61.0000E-09,-72.3335950242E-03,-95.3358014012E-03,+22.8637456894E-03
-60.5000E-09,-72.4906301984E-03,-94.4721079431E-03,+21.8566656113E-03
-60.0000E-09,-72.1765598500E-03,-93.9224848335E-03,+21.5820074081E-03
-59.5000E-09,-72.1765598500E-03,-93.8439672464E-03,+21.5057134628E-03
-59.0000E-09,-72.7261829597E-03,-94.8646958786E-03,+21.9939947128E-03
-58.5000E-09,-72.3335950242E-03,-96.5920827948E-03,+24.1454839706E-03
-58.0000E-09,-72.8047005468E-03,-96.9061531432E-03,+23.9776372910E-03
-57.5000E-09,-73.4328412436E-03,-96.7491179690E-03,+23.1689214706E-03
-57.0000E-09,-73.1187708952E-03,-96.2780124464E-03,+23.0315923691E-03
-56.5000E-09,-72.8832181339E-03,-98.1624345368E-03,+25.1373052597E-03
-56.0000E-09,-72.8832181339E-03,-97.7698466013E-03,+24.7558355331E-03
-55.5000E-09,-72.7261829597E-03,-98.4765048852E-03,+25.5950689316E-03
-55.0000E-09,-72.7261829597E-03,-98.0053993626E-03,+25.1373052597E-03
-54.5000E-09,-73.9824643533E-03,-98.7905752336E-03,+24.6795415878E-03
-54.0000E-09,-73.5113588307E-03,-98.8690928207E-03,+25.2135992050E-03
-53.5000E-09,-73.4328412436E-03,-98.6335400594E-03,+25.0610113144E-03
-53.0000E-09,-73.1187708952E-03,-98.9476104078E-03,+25.6713628769E-03
-52.5000E-09,-72.7261829597E-03,-97.5342938400E-03,+24.6795415878E-03
-52.0000E-09,-72.3335950242E-03,-96.7491179690E-03,+24.2828130722E-03
-51.5000E-09,-72.6476653726E-03,-96.8276355561E-03,+24.0234136581E-03
-51.0000E-09,-72.8047005468E-03,-98.0839169497E-03,+25.1525640488E-03
-50.5000E-09,-72.7261829597E-03,-98.7120576465E-03,+25.8697271347E-03
-50.0000E-09,-73.4328412436E-03,-97.6913290142E-03,+24.1302251816E-03
-49.5000E-09,-74.2180171146E-03,-97.5342938400E-03,+23.1689214706E-03
-49.0000E-09,-74.3750522888E-03,-98.0839169497E-03,+23.5656499863E-03
-48.5000E-09,-73.9824643533E-03,-98.8690928207E-03,+24.7558355331E-03
-48.0000E-09,-73.4328412436E-03,-97.6128114271E-03,+24.0539312363E-03
-47.5000E-09,-73.3543236565E-03,-95.4143189883E-03,+21.9482183456E-03
-47.0000E-09,-73.9039467662E-03,-95.7283893367E-03,+21.7040777206E-03
-46.5000E-09,-74.2180171146E-03,-95.8069069238E-03,+21.4446783066E-03
-46.0000E-09,-74.0609819404E-03,-97.6913290142E-03,+23.4893560410E-03
-45.5000E-09,-73.0402533081E-03,-98.3979872981E-03,+25.2135992050E-03
-45.0000E-09,-73.5898764178E-03,-98.9476104078E-03,+25.2288579941E-03
-44.5000E-09,-73.6683940049E-03,-101.0675852594E-03,+27.2735357285E-03
-44.0000E-09,-73.0402533081E-03,-102.3238666530E-03,+29.1503667831E-03
-43.5000E-09,-72.4906301984E-03,-101.6172083691E-03,+28.9977788925E-03
-43.0000E-09,-72.1765598500E-03,-101.3816556078E-03,+29.0893316269E-03
-42.5000E-09,-72.0980422630E-03,-102.4023842401E-03,+30.1879644394E-03
-42.0000E-09,-72.4906301984E-03,-100.8320324981E-03,+28.2195806503E-03
-41.5000E-09,-72.2550774371E-03,-99.6542686917E-03,+27.2582769394E-03
-41.0000E-09,-72.1765598500E-03,-99.1831631691E-03,+26.8615484238E-03
-40.5000E-09,-72.0980422630E-03,-97.5342938400E-03,+25.2898931503E-03
-40.0000E-09,-72.7261829597E-03,-96.9846707303E-03,+24.1454839706E-03
-39.5000E-09,-73.1972884823E-03,-97.0631883174E-03,+23.7487554550E-03
-39.0000E-09,-73.2758060694E-03,-96.2780124464E-03,+22.8637456894E-03
-38.5000E-09,-73.5113588307E-03,-97.6128114271E-03,+23.9471197128E-03
-38.0000E-09,-73.3543236565E-03,-98.3979872981E-03,+24.9236822128E-03
-37.5000E-09,-72.7261829597E-03,-99.3401983433E-03,+26.4953374863E-03
-37.0000E-09,-72.0980422630E-03,-99.3401983433E-03,+27.1056890488E-03
-36.5000E-09,-71.7054543275E-03,-99.4972335175E-03,+27.6397466660E-03
-36.0000E-09,-72.0195246759E-03,-99.9683390401E-03,+27.7923345566E-03
-35.5000E-09,-72.5691477855E-03,-100.0468566272E-03,+27.3345708847E-03
-35.0000E-09,-73.5113588307E-03,-100.2824093885E-03,+26.6479253769E-03
-34.5000E-09,-73.3543236565E-03,-100.2038918014E-03,+26.7242193222E-03
-34.0000E-09,-72.8832181339E-03,-100.2038918014E-03,+27.1819829941E-03
-33.5000E-09,-72.7261829597E-03,-100.6749973239E-03,+27.7923345566E-03
-33.0000E-09,-72.4121126113E-03,-100.0468566272E-03,+27.4871587753E-03
-32.5000E-09,-72.6476653726E-03,-100.0468566272E-03,+27.2582769394E-03
-32.0000E-09,-72.4121126113E-03,-99.1046455820E-03,+26.5563726425E-03
-31.5000E-09,-73.8254291791E-03,-98.7120576465E-03,+24.7558355331E-03
-31.0000E-09,-73.6683940049E-03,-99.4972335175E-03,+25.6713628769E-03
-30.5000E-09,-73.0402533081E-03,-99.1831631691E-03,+25.9917974472E-03
-30.0000E-09,-72.4906301984E-03,-99.3401983433E-03,+26.7089605331E-03
-29.5000E-09,-72.1765598500E-03,-98.6335400594E-03,+26.2969732285E-03
-29.0000E-09,-71.9410070888E-03,-99.8113038659E-03,+27.7312994003E-03
-28.5000E-09,-72.0195246759E-03,-101.3816556078E-03,+29.2266607285E-03
-28.0000E-09,-72.4906301984E-03,-101.4601731949E-03,+28.8299322128E-03
-27.5000E-09,-73.1187708952E-03,-99.9683390401E-03,+26.7089605331E-03
-27.0000E-09,-72.9617357210E-03,-98.9476104078E-03,+25.8239507675E-03
-26.5000E-09,-73.1972884823E-03,-98.8690928207E-03,+25.5187749863E-03
-26.0000E-09,-73.0402533081E-03,-99.4972335175E-03,+26.2969732285E-03
-25.5000E-09,-72.5691477855E-03,-99.5757511046E-03,+26.8615484238E-03
-25.0000E-09,-72.8832181339E-03,-98.8690928207E-03,+25.8392095566E-03
-24.5000E-09,-73.7469115920E-03,-100.1253742143E-03,+26.2511968613E-03
-24.0000E-09,-73.5113588307E-03,-99.4972335175E-03,+25.8239507675E-03
-23.5000E-09,-73.4328412436E-03,-99.0261279949E-03,+25.4424810410E-03
-23.0000E-09,-73.2758060694E-03,-99.3401983433E-03,+25.9155035019E-03
-22.5000E-09,-73.9039467662E-03,-99.9683390401E-03,+25.9307622910E-03
-22.0000E-09,-75.0031929856E-03,-98.6335400594E-03,+23.4740972519E-03
-21.5000E-09,-74.5320874630E-03,-96.9846707303E-03,+22.3144292831E-03
-21.0000E-09,-73.9039467662E-03,-95.9639420980E-03,+21.9024419785E-03
-20.5000E-09,-73.9039467662E-03,-97.3772586658E-03,+23.3367681503E-03
-20.0000E-09,-73.2758060694E-03,-97.6128114271E-03,+24.2065191269E-03
-19.5000E-09,-73.5113588307E-03,-96.3565300335E-03,+22.7111577988E-03
-19.0000E-09,-73.5898764178E-03,-97.3772586658E-03,+23.6419439316E-03
-18.5000E-09,-73.9039467662E-03,-99.1046455820E-03,+25.0610113144E-03
-18.0000E-09,-73.8254291791E-03,-99.2616807562E-03,+25.2898931503E-03
-17.5000E-09,-72.8832181339E-03,-98.9476104078E-03,+25.9002447128E-03
-17.0000E-09,-73.0402533081E-03,-98.5550224723E-03,+25.3661870956E-03
-16.5000E-09,-73.5113588307E-03,-98.0053993626E-03,+24.3743658066E-03
-16.0000E-09,-73.6683940049E-03,-97.8483641884E-03,+24.0539312363E-03
-15.5000E-09,-74.0609819404E-03,-98.1624345368E-03,+23.9471197128E-03
-15.0000E-09,-73.9039467662E-03,-98.1624345368E-03,+24.1302251816E-03
-14.5000E-09,-73.8254291791E-03,-97.6913290142E-03,+23.7182378769E-03
-14.0000E-09,-72.8047005468E-03,-98.1624345368E-03,+25.2135992050E-03
-13.5000E-09,-72.5691477855E-03,-98.0053993626E-03,+25.3051519394E-03
-13.0000E-09,-72.4906301984E-03,-99.4972335175E-03,+26.8768072128E-03
-12.5000E-09,-72.1765598500E-03,-99.2616807562E-03,+26.9531011581E-03
-12.0000E-09,-71.6269367404E-03,-99.4972335175E-03,+27.7160406113E-03
-11.5000E-09,-70.3706553468E-03,-98.0839169497E-03,+27.5787115097E-03
-11.0000E-09,-68.9573387790E-03,-98.0839169497E-03,+29.0130376816E-03
-10.5000E-09,-66.9158815144E-03,-98.2409521239E-03,+31.2103033066E-03
-10.0000E-09,-63.5396252692E-03,-97.9268817755E-03,+34.2468023300E-03
-9.5000E-09,-54.1175148173E-03,-95.5713541625E-03,+41.2963628769E-03
-9.0000E-09,-33.3103542362E-03,-95.2572838141E-03,+61.7889165878E-03
-8.5000E-09,-10.3047012162E-03,-93.2943441367E-03,+82.8460454941E-03
-8.0000E-09,+10.8165297133E-03,-89.5254999559E-03,+100.1800298691E-03
-7.5000E-09,+40.8887655721E-03,-86.2277612978E-03,+126.9744634628E-03
-7.0000E-09,+89.9622575089E-03,-82.0663291815E-03,+171.8658208847E-03
-6.5000E-09,+139.5853725553E-03,-78.8471081105E-03,+218.2372808456E-03
-6.0000E-09,+207.4245678086E-03,-73.6649473620E-03,+280.8746099472E-03
-5.5000E-09,+289.1613759784E-03,-69.1894448973E-03,+358.1451177596E-03
-5.0000E-09,+388.0935357228E-03,-64.3213544972E-03,+452.1850347518E-03
-4.5000E-09,+504.0640118677E-03,-50.6592943421E-03,+554.4646978378E-03
-4.0000E-09,+642.0979299873E-03,-20.8226112445E-03,+662.6189947128E-03
-3.5000E-09,+799.6827272945E-03,+6.1089211303E-03,+793.2494878768E-03
-3.0000E-09,+975.9547103312E-03,+33.5115590278E-03,+942.0989751815E-03
-2.5000E-09,+1.1696575977038E+00,+77.8739957386E-03,+1.0914062261580E+00
-2.0000E-09,+1.3835395049608E+00,+120.9016334687E-03,+1.2622283697127E+00
-1.5000E-09,+1.6091990502826E+00,+181.1246227735E-03,+1.4276183843612E+00
-1.0000E-09,+1.8492273140435E+00,+250.2200994204E-03,+1.5985015630721E+00
-500.0E-12,+2.0960080902949E+00,+328.7376865191E-03,+1.7667144536971E+00
-0.0E+00,+2.3487562031658E+00,+418.2477358117E-03,+1.9299377202987E+00
+500.0E-12,+2.6019754215593E+00,+526.0523828983E-03,+2.0752929449081E+00
+1.0000E-09,+2.8495413736817E+00,+643.2791404367E-03,+2.2056030035018E+00
+1.5000E-09,+3.0867430043071E+00,+771.2628074077E-03,+2.3148101568222E+00
+2.0000E-09,+3.3078485295772E+00,+911.2596652048E-03,+2.3958801031112E+00
+2.5000E-09,+3.5108950098146E+00,+1.0624845379570E+00,+2.4477142095566E+00
+3.0000E-09,+3.6910143546192E+00,+1.2213256166578E+00,+2.4689849615097E+00
+3.5000E-09,+3.8476569408812E+00,+1.3858984792167E+00,+2.4610503911972E+00
+4.0000E-09,+3.9765043013103E+00,+1.5551038794146E+00,+2.4207061529160E+00
+4.5000E-09,+4.0773208831451E+00,+1.7276070182705E+00,+2.3490356206895E+00
+5.0000E-09,+4.1487718874050E+00,+1.9020730968040E+00,+2.2460235357285E+00
+5.5000E-09,+4.1917210075480E+00,+2.0754399291181E+00,+2.1156524419785E+00
+6.0000E-09,+4.2064037963355E+00,+2.2449593996643E+00,+1.9608367681504E+00
+6.5000E-09,+4.2059326908129E+00,+2.4060774883909E+00,+1.7993072271348E+00
+7.0000E-09,+4.1894439975222E+00,+2.5563601500980E+00,+1.6325744390489E+00
+7.5000E-09,+4.1585865857924E+00,+2.6939229626950E+00,+1.4641784429551E+00
+8.0000E-09,+4.1065294255459E+00,+2.8177451975497E+00,+1.2883666753770E+00
+8.5000E-09,+4.0557285466930E+00,+2.9220950708040E+00,+1.1332458257676E+00
+9.0000E-09,+4.0006092005497E+00,+3.0098777331804E+00,+990.3930425645E-03
+9.5000E-09,+3.9422706333353E+00,+3.0776384108467E+00,+864.3096685410E-03
+10.0000E-09,+3.8921764127663E+00,+3.1277326314157E+00,+764.1509771347E-03
+10.5000E-09,+3.8478924936426E+00,+3.1517590130679E+00,+695.8221197129E-03
+11.0000E-09,+3.8048648559125E+00,+3.1579619024487E+00,+646.6277837753E-03
+11.5000E-09,+3.7781688762989E+00,+3.1531723296357E+00,+624.7314214707E-03
+12.0000E-09,+3.7541424946467E+00,+3.1399028574160E+00,+613.9587163925E-03
+12.5000E-09,+3.7305872185170E+00,+3.1067684356604E+00,+623.5412359237E-03
+13.0000E-09,+3.7207725201297E+00,+3.0536120291945E+00,+666.8609380722E-03
+13.5000E-09,+3.7192021683877E+00,+2.9962156730253E+00,+722.7081060409E-03
+14.0000E-09,+3.7212436256523E+00,+2.9306534877979E+00,+790.2892827987E-03
+14.5000E-09,+3.7272894798589E+00,+2.8588884131896E+00,+868.0480718612E-03
+15.0000E-09,+3.7389886003366E+00,+2.7844537406200E+00,+954.1686773300E-03
+15.5000E-09,+3.7535143539499E+00,+2.7091553745923E+00,+1.0440124273300E+00
+16.0000E-09,+3.7685112130857E+00,+2.6354273603065E+00,+1.1326965093612E+00
+16.5000E-09,+3.7776192531892E+00,+2.5666459540080E+00,+1.2105468511581E+00
+17.0000E-09,+3.7824873435893E+00,+2.5029681908709E+00,+1.2791045904159E+00
+17.5000E-09,+3.7824088260022E+00,+2.4496547492309E+00,+1.3323119878769E+00
+18.0000E-09,+3.7793466401054E+00,+2.4052137949330E+00,+1.3736938238144E+00
+18.5000E-09,+3.7724370924407E+00,+2.3625002275512E+00,+1.4094756841660E+00
+19.0000E-09,+3.7600313136791E+00,+2.3449122880411E+00,+1.4146484136582E+00
+19.5000E-09,+3.7419722686464E+00,+2.3413004790346E+00,+1.4002135992050E+00
+20.0000E-09,+3.7231280477427E+00,+2.3410649262733E+00,+1.3816283941269E+00
+20.5000E-09,+3.7089163644778E+00,+2.3471892980669E+00,+1.3613036870957E+00
+21.0000E-09,+3.6991801836775E+00,+2.3722364083514E+00,+1.3265289068223E+00
+21.5000E-09,+3.6754678723737E+00,+2.4214669354624E+00,+1.2535918951035E+00
+22.0000E-09,+3.6470445058440E+00,+2.4664575128699E+00,+1.1801971197129E+00
+22.5000E-09,+3.6311839532500E+00,+2.5269945725231E+00,+1.1037963628769E+00
+23.0000E-09,+3.6216048076240E+00,+2.5951478381248E+00,+1.0260986089707E+00
+23.5000E-09,+3.6049590791590E+00,+2.6682477117137E+00,+936.3616704941E-03
+24.0000E-09,+3.5837593306424E+00,+2.7464512284641E+00,+836.9659185410E-03
+24.5000E-09,+3.5682128483968E+00,+2.8291302476791E+00,+738.7756109238E-03
+25.0000E-09,+3.5620884766031E+00,+2.9114166789586E+00,+650.3661870957E-03
+25.5000E-09,+3.5653862152612E+00,+2.9948808740446E+00,+570.2270269394E-03
+26.0000E-09,+3.5787342050680E+00,+3.0785806218918E+00,+499.9297857285E-03
+26.5000E-09,+3.6010331998041E+00,+3.1603959476488E+00,+440.4052495957E-03
+27.0000E-09,+3.6206625965788E+00,+3.2397772282056E+00,+380.6518316269E-03
+27.5000E-09,+3.6345602094952E+00,+3.3154681821688E+00,+318.8689947129E-03
+28.0000E-09,+3.6603139780636E+00,+3.3879399150610E+00,+272.1771001816E-03
+28.5000E-09,+3.6965891033033E+00,+3.4540517233981E+00,+242.3461675644E-03
+29.0000E-09,+3.7228139773942E+00,+3.5123117730254E+00,+210.3484869003E-03
+29.5000E-09,+3.7590105850468E+00,+3.5676666719300E+00,+191.1834478378E-03
+30.0000E-09,+3.7895539264282E+00,+3.6161120231700E+00,+173.2848882675E-03
+30.5000E-09,+3.8167995291514E+00,+3.6530152891064E+00,+163.5955572128E-03
+31.0000E-09,+3.8548805588944E+00,+3.6955718213139E+00,+159.1247320175E-03
+31.5000E-09,+3.8719973928819E+00,+3.7154367708499E+00,+156.3781499863E-03
+32.0000E-09,+3.8915482720695E+00,+3.7345950621020E+00,+156.8053960800E-03
+32.5000E-09,+3.9205212617089E+00,+3.7624688055221E+00,+157.8887701035E-03
+33.0000E-09,+3.9397580705481E+00,+3.7796641570967E+00,+159.9181890488E-03
+33.5000E-09,+3.9474527940838E+00,+3.7866522223485E+00,+160.6200933456E-03
+34.0000E-09,+3.9510646030903E+00,+3.7886151620260E+00,+162.2985601425E-03
+34.5000E-09,+3.9550690000324E+00,+3.7886151620260E+00,+166.3116216660E-03
+35.0000E-09,+3.9582097035163E+00,+3.7872018454582E+00,+170.8587408066E-03
+35.5000E-09,+3.9591519145615E+00,+3.7842181771484E+00,+174.7802495956E-03
+36.0000E-09,+3.9589948793873E+00,+3.7795071219225E+00,+179.3121099472E-03
+36.5000E-09,+3.9583667386905E+00,+3.7683576245545E+00,+189.8406744003E-03
+37.0000E-09,+3.9575815628195E+00,+3.7491993333024E+00,+208.1969976425E-03
+37.5000E-09,+3.9559326934905E+00,+3.7305906651600E+00,+225.1800298691E-03
+38.0000E-09,+3.9532630955291E+00,+3.7162219467209E+00,+236.8530035019E-03
+38.5000E-09,+3.9513786734387E+00,+3.7099405397530E+00,+241.2475347519E-03
+39.0000E-09,+3.9505934975678E+00,+3.7017747106948E+00,+248.6327886581E-03
+39.5000E-09,+3.9506720151549E+00,+3.6835586304878E+00,+266.9433355331E-03
+40.0000E-09,+3.9515357086129E+00,+3.6598463191840E+00,+291.5099859238E-03
+40.5000E-09,+3.9509860855033E+00,+3.6377828772093E+00,+313.0248785019E-03
+41.0000E-09,+3.9502009096323E+00,+3.6283607667574E+00,+321.6460943222E-03
+41.5000E-09,+3.9507505327420E+00,+3.6190956914798E+00,+331.4269781113E-03
+42.0000E-09,+3.9515357086129E+00,+3.6021358926664E+00,+349.1729497909E-03
+42.5000E-09,+3.9540482714001E+00,+3.5788946868852E+00,+374.9145269394E-03
+43.0000E-09,+3.9573460100582E+00,+3.5624059935944E+00,+394.7204351425E-03
+43.5000E-09,+3.9607222663035E+00,+3.5556534811040E+00,+404.8522710800E-03
+44.0000E-09,+3.9659044270520E+00,+3.5515705665748E+00,+414.0990972519E-03
+44.5000E-09,+3.9713221405618E+00,+3.5491365213748E+00,+421.9421148300E-03
+45.0000E-09,+3.9755620902652E+00,+3.5492150389619E+00,+426.0925054550E-03
+45.5000E-09,+3.9780746530523E+00,+3.5511779786393E+00,+426.6570806503E-03
+46.0000E-09,+3.9790168640975E+00,+3.5563601393878E+00,+422.4303960800E-03
+46.5000E-09,+3.9774465123555E+00,+3.5676666719300E+00,+409.5672369003E-03
+47.0000E-09,+3.9740702561103E+00,+3.5896515963177E+00,+384.1918706894E-03
+47.5000E-09,+3.9703014119295E+00,+3.6146201890151E+00,+355.4443120957E-03
+48.0000E-09,+3.9652762863552E+00,+3.6278111436477E+00,+337.2405767441E-03
+48.5000E-09,+3.9623711356326E+00,+3.6429650379577E+00,+319.2046880722E-03
+49.0000E-09,+3.9604081959551E+00,+3.6735083793392E+00,+286.7187261582E-03
+49.5000E-09,+3.9597015376712E+00,+3.7024813689786E+00,+257.0098638535E-03
+50.0000E-09,+3.9612718894132E+00,+3.7195196853790E+00,+241.5679693222E-03
+50.5000E-09,+3.9662184974004E+00,+3.7461371474055E+00,+219.9004888535E-03
+51.0000E-09,+3.9763472661361E+00,+3.7789574988128E+00,+197.2106695175E-03
+51.5000E-09,+3.9900878438784E+00,+3.7974876493681E+00,+192.4194097519E-03
+52.0000E-09,+4.0079113361498E+00,+3.8216710661945E+00,+186.0870122910E-03
+52.5000E-09,+4.0227511601115E+00,+3.8545699351889E+00,+168.0206060410E-03
+53.0000E-09,+4.0324873409118E+00,+3.8691742063893E+00,+163.1225347519E-03
+53.5000E-09,+4.0467775417637E+00,+3.8796955630605E+00,+166.8914556503E-03
+54.0000E-09,+4.0727668630934E+00,+3.8988538543126E+00,+173.7273931503E-03
+54.5000E-09,+4.0982850789005E+00,+3.9232728239003E+00,+174.8412847519E-03
+55.0000E-09,+4.1132034204493E+00,+3.9384267182104E+00,+174.6276617050E-03
+55.5000E-09,+4.1270225157786E+00,+3.9454147834622E+00,+181.4483404159E-03
+56.0000E-09,+4.1510488974309E+00,+3.9492621452300E+00,+201.6357183456E-03
+56.5000E-09,+4.1738975152766E+00,+3.9511465673204E+00,+222.5860357284E-03
+57.0000E-09,+4.1844973895350E+00,+3.9518532256043E+00,+232.4584722519E-03
+57.5000E-09,+4.1893654799351E+00,+3.9516961904301E+00,+237.4633550644E-03
+58.0000E-09,+4.1919565603093E+00,+3.9509110145591E+00,+240.8660650253E-03
+58.5000E-09,+4.1943906055094E+00,+3.9495762155784E+00,+244.6349859238E-03
+59.0000E-09,+4.1954898517288E+00,+3.9475347583139E+00,+247.7630376816E-03
+59.5000E-09,+4.1955683693159E+00,+3.9421955623911E+00,+253.1799077988E-03
+60.0000E-09,+4.1938409823997E+00,+3.9287690549973E+00,+264.8681402206E-03
+60.5000E-09,+4.1920350778964E+00,+3.9078048592419E+00,+284.0484380722E-03
+61.0000E-09,+4.1909358316771E+00,+3.8879399097059E+00,+302.8167486191E-03
+61.5000E-09,+4.1877166106060E+00,+3.8749059902475E+00,+312.6128911972E-03
+62.0000E-09,+4.1821418619220E+00,+3.8647772215118E+00,+317.1752691269E-03
+62.5000E-09,+4.1753893494315E+00,+3.8457759654339E+00,+329.3975591659E-03
+63.0000E-09,+4.1668309324377E+00,+3.8146044833557E+00,+352.0110845566E-03
+63.5000E-09,+4.1563095757665E+00,+3.7945039810584E+00,+361.5783452988E-03
+64.0000E-09,+4.1439823145920E+00,+3.7829618957549E+00,+360.8306646347E-03
+64.5000E-09,+4.1340105810305E+00,+3.7590925492769E+00,+374.7161626816E-03
+65.0000E-09,+4.1266299278432E+00,+3.7272144089148E+00,+399.2065191269E-03
+65.5000E-09,+4.1212907319205E+00,+3.7114323739079E+00,+409.6435308456E-03
+66.0000E-09,+4.1176789229139E+00,+3.7047583790045E+00,+412.6952886581E-03
+66.5000E-09,+4.1143026666687E+00,+3.6933733288752E+00,+420.6756353378E-03
+67.0000E-09,+4.1127323149267E+00,+3.6764135300619E+00,+436.0717535019E-03
+67.5000E-09,+4.1106123400750E+00,+3.6604744598808E+00,+449.9114751816E-03
+68.0000E-09,+4.1095916114427E+00,+3.6544286056742E+00,+454.9316167831E-03
+68.5000E-09,+4.1084138476363E+00,+3.6527012187580E+00,+455.4656744003E-03
+69.0000E-09,+4.1076286717653E+00,+3.6542715705000E+00,+453.1310796738E-03
+69.5000E-09,+4.1073146014169E+00,+3.6603959422937E+00,+446.6613531113E-03
+70.0000E-09,+4.1072360838298E+00,+3.6731943089908E+00,+433.7981939316E-03
+70.5000E-09,+4.1078642245266E+00,+3.6894474495202E+00,+418.1731939316E-03
+71.0000E-09,+4.1086494003976E+00,+3.7015391579334E+00,+406.8969488144E-03
+71.5000E-09,+4.1099841993782E+00,+3.7097049869917E+00,+400.0457525253E-03
+72.0000E-09,+4.1116330687073E+00,+3.7192056150306E+00,+392.2027349472E-03
+72.5000E-09,+4.1140671139074E+00,+3.7410335042441E+00,+372.8088140488E-03
+73.0000E-09,+4.1179144756752E+00,+3.7684361421416E+00,+349.2492437363E-03
+73.5000E-09,+4.1211336967463E+00,+3.7857885288904E+00,+335.1196050644E-03
+74.0000E-09,+4.1259232695593E+00,+3.7967024734971E+00,+329.0160894394E-03
+74.5000E-09,+4.1355024151853E+00,+3.8152326240524E+00,+320.0439214707E-03
+75.0000E-09,+4.1469659829017E+00,+3.8390234529434E+00,+307.7300786972E-03
+75.5000E-09,+4.1574873395730E+00,+3.8568469452148E+00,+300.4516363144E-03
+76.0000E-09,+4.1688723897023E+00,+3.8667401611892E+00,+301.9469976425E-03
+76.5000E-09,+4.1779019122187E+00,+3.8701164174345E+00,+307.6080083847E-03
+77.0000E-09,+4.1838692488382E+00,+3.8727860153958E+00,+310.8886480331E-03
+77.5000E-09,+4.1869314347350E+00,+3.8769474475121E+00,+309.7747564316E-03
+78.0000E-09,+4.1894439975222E+00,+3.8807948092799E+00,+308.4625005722E-03
+78.5000E-09,+4.1908573140900E+00,+3.8823651610219E+00,+308.2793951035E-03
+79.0000E-09,+4.1916424899609E+00,+3.8815799851509E+00,+309.8663091660E-03
+79.5000E-09,+4.1923491482448E+00,+3.8791459399508E+00,+312.9943609238E-03
+80.0000E-09,+4.1936839472255E+00,+3.8760052364669E+00,+317.4651861191E-03
+80.5000E-09,+4.1935269120513E+00,+3.8731786033313E+00,+320.1659917831E-03
+81.0000E-09,+4.1936054296384E+00,+3.8713726988281E+00,+322.0428228378E-03
+81.5000E-09,+4.1933698768771E+00,+3.8698023470861E+00,+323.3550786972E-03
+82.0000E-09,+4.1939194999868E+00,+3.8676038546473E+00,+326.1016607285E-03
+82.5000E-09,+4.1932128417029E+00,+3.8625787290730E+00,+330.4351568222E-03
+83.0000E-09,+4.1923491482448E+00,+3.8527640306857E+00,+339.3768072128E-03
+83.5000E-09,+4.1914069371997E+00,+3.8376101363756E+00,+353.5827398300E-03
+84.0000E-09,+4.1898365854577E+00,+3.8232414179365E+00,+366.3696050644E-03
+84.5000E-09,+4.1892084447609E+00,+3.8077734532781E+00,+381.2316656113E-03
+85.0000E-09,+4.1888158568254E+00,+3.7981157900649E+00,+390.4937505722E-03
+85.5000E-09,+4.1888158568254E+00,+3.7930906644906E+00,+395.4833745956E-03
+86.0000E-09,+4.1878736457802E+00,+3.7896358906583E+00,+398.0010747910E-03
+86.5000E-09,+4.1869314347350E+00,+3.7856314937162E+00,+401.0833501816E-03
+87.0000E-09,+4.1861462588640E+00,+3.7817841319484E+00,+404.1503667831E-03
+87.5000E-09,+4.1857536709285E+00,+3.7751886546321E+00,+410.3454351425E-03
+88.0000E-09,+4.1851255302317E+00,+3.7689857652513E+00,+415.8996343613E-03
+88.5000E-09,+4.1846544247092E+00,+3.7613695593027E+00,+423.0407476425E-03
+89.0000E-09,+4.1844188719479E+00,+3.7553237050961E+00,+428.8848638535E-03
+89.5000E-09,+4.1836336960769E+00,+3.7523400367863E+00,+431.0668706894E-03
+90.0000E-09,+4.1833981433156E+00,+3.7511622729799E+00,+431.9823980331E-03
+90.5000E-09,+4.1833196257285E+00,+3.7520259664379E+00,+431.0516119003E-03
+91.0000E-09,+4.1830055553801E+00,+3.7558733282058E+00,+426.9164800644E-03
+91.5000E-09,+4.1828485202059E+00,+3.7609769713672E+00,+421.6369390488E-03
+92.0000E-09,+4.1834766609027E+00,+3.7666302376383E+00,+416.6320562363E-03
+92.5000E-09,+4.1850470126446E+00,+3.7729901621933E+00,+411.8560552597E-03
+93.0000E-09,+4.1863032940382E+00,+3.7786434284644E+00,+407.4462652206E-03
+93.5000E-09,+4.1864603292124E+00,+3.7839041068000E+00,+402.3193120956E-03
+94.0000E-09,+4.1866173643866E+00,+3.7876729509808E+00,+398.7182378769E-03
+94.5000E-09,+4.1880306809544E+00,+3.7906566192905E+00,+397.1618413925E-03
+95.0000E-09,+4.1890514095867E+00,+3.7939543579487E+00,+394.8577642441E-03
+95.5000E-09,+4.1900721382190E+00,+3.7970165438455E+00,+392.8436040878E-03
+96.0000E-09,+4.1903076909803E+00,+3.8019631518327E+00,+388.1133794785E-03
+96.5000E-09,+4.1907787965029E+00,+3.8103645336523E+00,+380.1788091660E-03
+97.0000E-09,+4.1923491482448E+00,+3.8180592571880E+00,+374.0600347519E-03
+97.5000E-09,+4.1930558065287E+00,+3.8245762169172E+00,+368.2769536972E-03
+98.0000E-09,+4.1942335703352E+00,+3.8317213173432E+00,+362.3107671738E-03
+98.5000E-09,+4.1962750275998E+00,+3.8381597594853E+00,+357.9162359238E-03
+99.0000E-09,+4.1980809321030E+00,+3.8423211916015E+00,+355.5358648300E-03
+99.5000E-09,+4.1979238969288E+00,+3.8444411664532E+00,+353.2928228378E-03
+100.0000E-09,+4.1980024145159E+00,+3.8474248347629E+00,+350.3631353378E-03
+100.5000E-09,+4.1976883441676E+00,+3.8481314930468E+00,+349.3255376816E-03
+101.0000E-09,+4.1977668617547E+00,+3.8488381513307E+00,+348.6999273300E-03
+101.5000E-09,+4.1962750275998E+00,+3.8486811161565E+00,+347.3571538925E-03
+102.0000E-09,+4.1949402286191E+00,+3.8481314930468E+00,+346.5942144394E-03
+102.5000E-09,+4.1937624648126E+00,+3.8474248347629E+00,+346.1364507675E-03
+103.0000E-09,+4.1933698768771E+00,+3.8451478247371E+00,+347.9827642441E-03
+103.5000E-09,+4.1921921130706E+00,+3.8412219453821E+00,+350.7446050644E-03
+104.0000E-09,+4.1920350778964E+00,+3.8364323725691E+00,+355.3985357285E-03
+104.5000E-09,+4.1914854547867E+00,+3.8331346339110E+00,+358.1451177597E-03
+105.0000E-09,+4.1910143492642E+00,+3.8288946842076E+00,+361.9292974472E-03
+105.5000E-09,+4.1901506558061E+00,+3.8232414179365E+00,+366.7052984238E-03
+106.0000E-09,+4.1895225151093E+00,+3.8176666692525E+00,+371.6338872909E-03
+106.5000E-09,+4.1889728919996E+00,+3.8129556140266E+00,+375.7842779160E-03
+107.0000E-09,+4.1886588216512E+00,+3.8094223226071E+00,+379.0038824081E-03
+107.5000E-09,+4.1885803040641E+00,+3.8044757146199E+00,+383.8866949081E-03
+108.0000E-09,+4.1889728919996E+00,+3.8012564935489E+00,+387.4725103378E-03
+108.5000E-09,+4.1890514095867E+00,+3.7972520966068E+00,+391.5618658066E-03
+109.0000E-09,+4.1901506558061E+00,+3.7945824986455E+00,+395.3307867050E-03
+109.5000E-09,+4.1906217613287E+00,+3.7926195589680E+00,+397.7569341660E-03
+110.0000E-09,+4.1904647261545E+00,+3.7910492072260E+00,+399.1912603378E-03
+110.5000E-09,+4.1899151030448E+00,+3.7889292323744E+00,+400.7629156113E-03
+111.0000E-09,+4.1894439975222E+00,+3.7878299861550E+00,+401.3885259628E-03
+111.5000E-09,+4.1885803040641E+00,+3.7862596344130E+00,+402.1209478378E-03
+112.0000E-09,+4.1881091985415E+00,+3.7846892826710E+00,+403.2043218613E-03
+112.5000E-09,+4.1878736457802E+00,+3.7835115188645E+00,+404.1503667831E-03
+113.0000E-09,+4.1868529171479E+00,+3.7836685540387E+00,+402.9449224472E-03
+113.5000E-09,+4.1857536709285E+00,+3.7840611419742E+00,+401.4495611191E-03
+114.0000E-09,+4.1850470126447E+00,+3.7842181771484E+00,+400.5950689316E-03
+114.5000E-09,+4.1838692488382E+00,+3.7854744585420E+00,+398.1689214706E-03
+115.0000E-09,+4.1822203795091E+00,+3.7854744585420E+00,+396.5209722519E-03
+115.5000E-09,+4.1815922388123E+00,+3.7849248354323E+00,+396.4446783066E-03
+116.0000E-09,+4.1820633443349E+00,+3.7856314937162E+00,+396.2157964706E-03
+116.5000E-09,+4.1831625905543E+00,+3.7868092575227E+00,+396.1395025253E-03
+117.0000E-09,+4.1844188719479E+00,+3.7886936796131E+00,+395.5138921738E-03
+117.5000E-09,+4.1849684950575E+00,+3.7901855137679E+00,+394.5525884628E-03
+118.0000E-09,+4.1861462588640E+00,+3.7906566192905E+00,+395.2392339706E-03
+118.5000E-09,+4.1870099523221E+00,+3.7916773479228E+00,+395.0866460800E-03
+119.0000E-09,+4.1875595754318E+00,+3.7926980765551E+00,+394.6288824081E-03
+119.5000E-09,+4.1883447513028E+00,+3.7932476996648E+00,+394.8730230331E-03
+120.0000E-09,+4.1899936206319E+00,+3.7948180514068E+00,+394.9645757675E-03
+120.5000E-09,+4.1903076909803E+00,+3.7971735790197E+00,+392.8893804550E-03
+121.0000E-09,+4.1914854547867E+00,+3.7989794835230E+00,+392.2790288925E-03
+121.5000E-09,+4.1923491482448E+00,+3.8008639056134E+00,+391.2719488144E-03
+122.0000E-09,+4.1928987713545E+00,+3.8036905387489E+00,+388.9983892441E-03
+122.5000E-09,+4.1932913592900E+00,+3.8065171718845E+00,+386.5722417831E-03
+123.0000E-09,+4.1941550527481E+00,+3.8092652874329E+00,+384.6801519394E-03
+123.5000E-09,+4.1955683693159E+00,+3.8116208150459E+00,+383.7188482285E-03
+124.0000E-09,+4.1962750275998E+00,+3.8138978250718E+00,+382.1624517441E-03
+124.5000E-09,+4.1961179924256E+00,+3.8167244582073E+00,+379.1717290878E-03
+125.0000E-09,+4.1957254044901E+00,+3.8180592571880E+00,+377.4780035019E-03
+125.5000E-09,+4.1959609572514E+00,+3.8208858903236E+00,+374.8840093613E-03
+126.0000E-09,+4.1961179924256E+00,+3.8237910410462E+00,+372.1221685410E-03
+126.5000E-09,+4.1967461331224E+00,+3.8246547345043E+00,+371.8780279160E-03
+127.0000E-09,+4.1971387210579E+00,+3.8264606390076E+00,+370.4589605331E-03
+127.5000E-09,+4.1967461331224E+00,+3.8263821214205E+00,+370.1385259628E-03
+128.0000E-09,+4.1961965100127E+00,+3.8260680510721E+00,+369.8943853378E-03
+128.5000E-09,+4.1958039220772E+00,+3.8233199355236E+00,+372.2747564316E-03
+129.0000E-09,+4.1954898517288E+00,+3.8218281013687E+00,+373.4344244003E-03
+129.5000E-09,+4.1961965100127E+00,+3.8202577496268E+00,+375.7232427597E-03
+130.0000E-09,+4.1969816858837E+00,+3.8171170461428E+00,+379.6600103378E-03
+130.5000E-09,+4.1973742738192E+00,+3.8124845085040E+00,+384.6648931503E-03
+131.0000E-09,+4.1976883441676E+00,+3.8091082522587E+00,+388.3575201035E-03
+131.5000E-09,+4.1971387210579E+00,+3.8060460663619E+00,+390.8599615097E-03
+132.0000E-09,+4.1965890979482E+00,+3.8031409156392E+00,+393.2098150253E-03
+132.5000E-09,+4.1956468869030E+00,+3.8003928000908E+00,+395.0256109238E-03
+133.0000E-09,+4.1954898517288E+00,+3.7984298604133E+00,+396.8414068222E-03
+133.5000E-09,+4.1951757813804E+00,+3.7959172976262E+00,+399.0386724472E-03
+134.0000E-09,+4.1954113341417E+00,+3.7950536041681E+00,+400.1525640488E-03
+134.5000E-09,+4.1944691230965E+00,+3.7935617700132E+00,+400.6866216660E-03
+135.0000E-09,+4.1936839472255E+00,+3.7924625237938E+00,+400.9917974472E-03
+135.5000E-09,+4.1932913592900E+00,+3.7915988303357E+00,+401.4648199081E-03
+136.0000E-09,+4.1925061834190E+00,+3.7904210665292E+00,+401.8768072128E-03
+136.5000E-09,+4.1914854547867E+00,+3.7901855137679E+00,+401.0680913925E-03
+137.0000E-09,+4.1911713844384E+00,+3.7894788554841E+00,+401.4495611191E-03
+137.5000E-09,+4.1910928668513E+00,+3.7895573730712E+00,+401.2969732285E-03
+138.0000E-09,+4.1913284196126E+00,+3.7899499610066E+00,+401.1443853378E-03
+138.5000E-09,+4.1903076909803E+00,+3.7904210665292E+00,+399.6795415878E-03
+139.0000E-09,+4.1894439975222E+00,+3.7903425489421E+00,+398.8708257675E-03
+139.5000E-09,+4.1892869623480E+00,+3.7899499610066E+00,+399.0997076035E-03
+140.0000E-09,+4.1881091985415E+00,+3.7896358906583E+00,+398.2604742050E-03
+140.5000E-09,+4.1880306809544E+00,+3.7901069961808E+00,+397.7111577988E-03
+141.0000E-09,+4.1877951281931E+00,+3.7901855137679E+00,+397.3602056503E-03
+141.5000E-09,+4.1880306809544E+00,+3.7907351368776E+00,+397.0550298691E-03
+142.0000E-09,+4.1885803040641E+00,+3.7915988303357E+00,+396.7498540878E-03
+142.5000E-09,+4.1883447513028E+00,+3.7918343830970E+00,+396.2920904160E-03
+143.0000E-09,+4.1891299271738E+00,+3.7932476996648E+00,+395.6817388535E-03
+143.5000E-09,+4.1894439975222E+00,+3.7935617700132E+00,+395.6664800644E-03
+144.0000E-09,+4.1896010326964E+00,+3.7948965689939E+00,+394.4610357285E-03
+144.5000E-09,+4.1896010326964E+00,+3.7963098855616E+00,+393.0419683456E-03
+145.0000E-09,+4.1902291733932E+00,+3.7978017197165E+00,+392.1874761581E-03
+145.5000E-09,+4.1901506558061E+00,+3.8004713176779E+00,+389.4714117050E-03
+146.0000E-09,+4.1910143492642E+00,+3.8016490814844E+00,+389.1662359238E-03
+146.5000E-09,+4.1924276658319E+00,+3.8026698101166E+00,+389.5477056503E-03
+147.0000E-09,+4.1932913592900E+00,+3.8037690563360E+00,+389.3188238144E-03
+147.5000E-09,+4.1938409823997E+00,+3.8046327497941E+00,+388.9983892441E-03
+148.0000E-09,+4.1940765351610E+00,+3.8062031015361E+00,+387.6403570175E-03
+148.5000E-09,+4.1940765351610E+00,+3.8076164181039E+00,+386.2212896347E-03
+149.0000E-09,+4.1939980175739E+00,+3.8087941819103E+00,+384.9853277206E-03
+149.5000E-09,+4.1939194999868E+00,+3.8104430512394E+00,+383.2610845566E-03
+150.0000E-09,+4.1944691230965E+00,+3.8113067446975E+00,+382.9559087753E-03
+150.5000E-09,+4.1946261582707E+00,+3.8116993326330E+00,+382.7270269394E-03
+151.0000E-09,+4.1943906055094E+00,+3.8113067446975E+00,+382.8796148300E-03
+151.5000E-09,+4.1945476406836E+00,+3.8107571215878E+00,+383.5662603378E-03
+152.0000E-09,+4.1950972637933E+00,+3.8106786040007E+00,+384.1766119003E-03
+152.5000E-09,+4.1953328165546E+00,+3.8099719457168E+00,+385.1226568222E-03
+153.0000E-09,+4.1954113341417E+00,+3.8062816191232E+00,+388.8915777206E-03
+153.5000E-09,+4.1951757813804E+00,+3.8054179256651E+00,+389.5477056503E-03
+154.0000E-09,+4.1939980175739E+00,+3.8036905387489E+00,+390.0970220566E-03
+154.5000E-09,+4.1944691230965E+00,+3.8009424232005E+00,+393.3013677597E-03
+155.0000E-09,+4.1938409823997E+00,+3.7972520966068E+00,+396.3836431503E-03
+155.5000E-09,+4.1940765351610E+00,+3.7959172976262E+00,+397.9552984238E-03
+156.0000E-09,+4.1938409823997E+00,+3.7950536041681E+00,+398.5656499863E-03
+156.5000E-09,+4.1928202537674E+00,+3.7937188051874E+00,+398.8708257675E-03
+157.0000E-09,+4.1915639723738E+00,+3.7928551117293E+00,+398.4893560410E-03
+157.5000E-09,+4.1902291733932E+00,+3.7915203127486E+00,+398.4893560410E-03
+158.0000E-09,+4.1892869623480E+00,+3.7907351368776E+00,+398.3520269394E-03
+158.5000E-09,+4.1898365854577E+00,+3.7895573730712E+00,+400.0762701035E-03
+159.0000E-09,+4.1892869623480E+00,+3.7886936796131E+00,+400.3814458847E-03
+159.5000E-09,+4.1888158568254E+00,+3.7883796092647E+00,+400.2135992050E-03
+160.0000E-09,+4.1881877161286E+00,+3.7888507147873E+00,+399.0997076035E-03
+160.5000E-09,+4.1882662337157E+00,+3.7886151620260E+00,+399.4048833847E-03
+161.0000E-09,+4.1878736457802E+00,+3.7879870213292E+00,+399.6337652206E-03
+161.5000E-09,+4.1880306809544E+00,+3.7883010916776E+00,+399.4811773300E-03
+162.0000E-09,+4.1879521633673E+00,+3.7885366444389E+00,+399.1760015488E-03
+162.5000E-09,+4.1885017864770E+00,+3.7887721972002E+00,+399.4811773300E-03
+163.0000E-09,+4.1888943744125E+00,+3.7896358906583E+00,+399.0234136581E-03
+163.5000E-09,+4.1895225151093E+00,+3.7902640313550E+00,+399.0234136581E-03
+164.0000E-09,+4.1903076909803E+00,+3.7908921720518E+00,+399.1760015488E-03
+164.5000E-09,+4.1913284196126E+00,+3.7916773479228E+00,+399.4048833847E-03
+165.0000E-09,+4.1917995251351E+00,+3.7930906644906E+00,+398.4893560410E-03
+165.5000E-09,+4.1928202537674E+00,+3.7952106393423E+00,+397.4059820175E-03
+166.0000E-09,+4.1939980175739E+00,+3.7977232021294E+00,+396.0632085800E-03
+166.5000E-09,+4.1952542989675E+00,+3.7993720714585E+00,+395.6817388535E-03
+167.0000E-09,+4.1967461331224E+00,+3.8014135287231E+00,+395.1171636581E-03
+167.5000E-09,+4.1965105803611E+00,+3.8046327497941E+00,+391.6381597519E-03
+168.0000E-09,+4.1981594496901E+00,+3.8095008401942E+00,+388.4185552597E-03
+168.5000E-09,+4.2010646004128E+00,+3.8135052371363E+00,+387.3199224472E-03
+169.0000E-09,+4.2007505300644E+00,+3.8182948099493E+00,+382.2387456894E-03
+169.5000E-09,+4.1993372134966E+00,+3.8207288551494E+00,+378.3935308456E-03
+170.0000E-09,+4.1998083190192E+00,+3.8237125234591E+00,+375.8758306503E-03
+170.5000E-09,+4.1987090727998E+00,+3.8259110158979E+00,+372.5646734238E-03
+171.0000E-09,+4.1972172386450E+00,+3.8272458148786E+00,+369.7570562363E-03
+171.5000E-09,+4.1962750275998E+00,+3.8279524731624E+00,+368.1243658066E-03
+172.0000E-09,+4.1959609572514E+00,+3.8252043576140E+00,+370.5505132675E-03
+172.5000E-09,+4.1943120879223E+00,+3.8210429254978E+00,+373.0224370956E-03
+173.0000E-09,+4.1921135954835E+00,+3.8191585034074E+00,+372.7172613144E-03
+173.5000E-09,+4.1920350778964E+00,+3.8138978250718E+00,+377.9205083847E-03
+174.0000E-09,+4.1923491482448E+00,+3.8098934281297E+00,+382.2387456894E-03
+174.5000E-09,+4.1919565603093E+00,+3.8058890311877E+00,+385.8703374863E-03
+175.0000E-09,+4.1924276658319E+00,+3.8015705638973E+00,+390.6463384628E-03
+175.5000E-09,+4.1929772889416E+00,+3.7985083780004E+00,+394.2626714706E-03
+176.0000E-09,+4.1923491482448E+00,+3.7957602624520E+00,+396.3836431503E-03
+176.5000E-09,+4.1915639723738E+00,+3.7934832524261E+00,+397.8790044785E-03
+177.0000E-09,+4.1911713844384E+00,+3.7919914182712E+00,+398.9623785019E-03
+177.5000E-09,+4.1925847010061E+00,+3.7909706896389E+00,+401.3732671738E-03
+178.0000E-09,+4.1919565603093E+00,+3.7904210665292E+00,+401.3122320175E-03
+178.5000E-09,+4.1922706306577E+00,+3.7893218203099E+00,+402.7312994003E-03
+179.0000E-09,+4.1925061834190E+00,+3.7887721972002E+00,+403.4942388535E-03
+179.5000E-09,+4.1922706306577E+00,+3.7883796092647E+00,+403.6468267441E-03
+180.0000E-09,+4.1916424899609E+00,+3.7878299861550E+00,+403.5857915878E-03
+180.5000E-09,+4.1920350778964E+00,+3.7875159158066E+00,+404.3182134628E-03
+181.0000E-09,+4.1925061834190E+00,+3.7872018454582E+00,+405.0811529160E-03
+181.5000E-09,+4.1922706306577E+00,+3.7871233278711E+00,+404.9133062363E-03
+182.0000E-09,+4.1915639723738E+00,+3.7878299861550E+00,+403.4942388535E-03
+182.5000E-09,+4.1917210075480E+00,+3.7888507147873E+00,+402.6550054550E-03
+183.0000E-09,+4.1922706306577E+00,+3.7900284785937E+00,+402.0293951035E-03
+183.5000E-09,+4.1922706306577E+00,+3.7908136544647E+00,+401.2206792831E-03
+184.0000E-09,+4.1913284196125E+00,+3.7911277248131E+00,+399.9847173691E-03
+184.5000E-09,+4.1904647261545E+00,+3.7911277248131E+00,+399.0997076035E-03
+185.0000E-09,+4.1900721382190E+00,+3.7907351368776E+00,+399.0997076035E-03
+185.5000E-09,+4.1904647261545E+00,+3.7919914182712E+00,+398.2604742050E-03
+186.0000E-09,+4.1906217613287E+00,+3.7927765941422E+00,+397.6348638535E-03
+186.5000E-09,+4.1899151030448E+00,+3.7924625237938E+00,+397.2076177597E-03
+187.0000E-09,+4.1906217613287E+00,+3.7930906644906E+00,+397.2839117050E-03
+187.5000E-09,+4.1906217613287E+00,+3.7937188051874E+00,+396.6735601425E-03
+188.0000E-09,+4.1905432437416E+00,+3.7943469458842E+00,+395.9716558456E-03
+188.5000E-09,+4.1902291733932E+00,+3.7948180514068E+00,+395.1629400253E-03
+189.0000E-09,+4.1903076909803E+00,+3.7948965689939E+00,+395.1781988144E-03
+189.5000E-09,+4.1912499020255E+00,+3.7952106393423E+00,+395.8343267441E-03
+190.0000E-09,+4.1910143492642E+00,+3.7956817448649E+00,+395.1324224472E-03
+190.5000E-09,+4.1905432437416E+00,+3.7963098855616E+00,+394.0185308456E-03
+191.0000E-09,+4.1910928668513E+00,+3.7961528503874E+00,+394.7051763535E-03
+191.5000E-09,+4.1904647261545E+00,+3.7964669207358E+00,+393.7743902206E-03
+192.0000E-09,+4.1903076909803E+00,+3.7966239559100E+00,+393.4386968613E-03
+192.5000E-09,+4.1912499020255E+00,+3.7965454383229E+00,+394.4762945175E-03
+193.0000E-09,+4.1912499020255E+00,+3.7969380262584E+00,+394.0948247910E-03
+193.5000E-09,+4.1913284196126E+00,+3.7970950614326E+00,+394.0032720566E-03
+194.0000E-09,+4.1915639723738E+00,+3.7983513428262E+00,+392.9656744003E-03
+194.5000E-09,+4.1914854547867E+00,+3.7985868955875E+00,+392.6604986191E-03
+195.0000E-09,+4.1910928668513E+00,+3.7987439307617E+00,+392.1264410019E-03
+195.5000E-09,+4.1907002789158E+00,+3.7992150362843E+00,+391.2872076035E-03
+196.0000E-09,+4.1910928668513E+00,+3.7992935538714E+00,+391.5923833847E-03
+196.5000E-09,+4.1917210075480E+00,+3.7993720714585E+00,+392.1264410019E-03
+197.0000E-09,+4.1920350778964E+00,+3.7985083780004E+00,+393.2861089706E-03
+197.5000E-09,+4.1917210075480E+00,+3.7972520966068E+00,+394.2474126816E-03
+198.0000E-09,+4.1921921130706E+00,+3.7967809910842E+00,+395.1781988144E-03
+198.5000E-09,+4.1920350778964E+00,+3.7959172976262E+00,+395.9106206894E-03
+199.0000E-09,+4.1915639723738E+00,+3.7952891569294E+00,+396.0632085800E-03
+199.5000E-09,+4.1915639723738E+00,+3.7947395338197E+00,+396.5972661972E-03
+200.0000E-09,+4.1915639723738E+00,+3.7943469458842E+00,+396.9787359238E-03
+200.5000E-09,+4.1917210075480E+00,+3.7937973227745E+00,+397.6806402206E-03
+201.0000E-09,+4.1921921130706E+00,+3.7934832524261E+00,+398.4893560410E-03
+201.5000E-09,+4.1921135954835E+00,+3.7930906644906E+00,+398.7945318222E-03
+202.0000E-09,+4.1921135954835E+00,+3.7923054886196E+00,+399.5727300644E-03
+202.5000E-09,+4.1926632185932E+00,+3.7915988303357E+00,+400.8239507675E-03
+203.0000E-09,+4.1920350778964E+00,+3.7920699358583E+00,+399.7253179550E-03
+203.5000E-09,+4.1915639723738E+00,+3.7912847599873E+00,+400.0762701035E-03
+204.0000E-09,+4.1914854547867E+00,+3.7908921720518E+00,+400.3814458847E-03
+204.5000E-09,+4.1913284196126E+00,+3.7903425489421E+00,+400.7629156113E-03
+205.0000E-09,+4.1917995251351E+00,+3.7901069961808E+00,+401.4648199081E-03
+205.5000E-09,+4.1925061834190E+00,+3.7900284785937E+00,+402.2735357285E-03
+206.0000E-09,+4.1922706306577E+00,+3.7901069961808E+00,+401.9531011581E-03
+206.5000E-09,+4.1916424899609E+00,+3.7910492072260E+00,+400.3814458847E-03
+207.0000E-09,+4.1919565603093E+00,+3.7909706896389E+00,+400.7629156113E-03
+207.5000E-09,+4.1921135954835E+00,+3.7908136544647E+00,+401.0680913925E-03
+208.0000E-09,+4.1917995251351E+00,+3.7914417951615E+00,+400.1373052597E-03
+208.5000E-09,+4.1917210075480E+00,+3.7927765941422E+00,+398.7182378769E-03
+209.0000E-09,+4.1924276658319E+00,+3.7935617700132E+00,+398.6419439316E-03
+209.5000E-09,+4.1928987713545E+00,+3.7946610162326E+00,+398.0163335800E-03
+210.0000E-09,+4.1923491482448E+00,+3.7953676745165E+00,+396.7498540878E-03
+210.5000E-09,+4.1925847010061E+00,+3.7963884031487E+00,+395.9716558456E-03
+211.0000E-09,+4.1917210075480E+00,+3.7977232021294E+00,+393.7743902206E-03
+211.5000E-09,+4.1913284196126E+00,+3.7992935538714E+00,+391.8060064316E-03
+212.0000E-09,+4.1915639723738E+00,+3.8006283528521E+00,+390.6921148300E-03
+212.5000E-09,+4.1919565603093E+00,+3.8010209407876E+00,+390.7073736191E-03
+213.0000E-09,+4.1930558065287E+00,+3.8014920463102E+00,+391.3482427597E-03
+213.5000E-09,+4.1925847010061E+00,+3.8037690563360E+00,+388.6169195175E-03
+214.0000E-09,+4.1921135954835E+00,+3.8042401618586E+00,+387.6556158066E-03
+214.5000E-09,+4.1927417361803E+00,+3.8048683025554E+00,+387.6403570175E-03
+215.0000E-09,+4.1925847010061E+00,+3.8065171718845E+00,+385.8550786972E-03
+215.5000E-09,+4.1928202537674E+00,+3.8055749608393E+00,+387.0452642441E-03
+216.0000E-09,+4.1930558065287E+00,+3.8049468201425E+00,+387.8844976425E-03
+216.5000E-09,+4.1939980175739E+00,+3.8049468201425E+00,+388.8152837753E-03
+217.0000E-09,+4.1945476406836E+00,+3.8040831266844E+00,+390.2343511581E-03
+217.5000E-09,+4.1941550527481E+00,+3.8029838804650E+00,+390.9362554550E-03
+218.0000E-09,+4.1941550527481E+00,+3.8005498352650E+00,+393.3624029160E-03
+218.5000E-09,+4.1931343241158E+00,+3.7984298604133E+00,+394.4762945175E-03
+219.0000E-09,+4.1924276658319E+00,+3.7968595086713E+00,+395.3307867050E-03
+219.5000E-09,+4.1929772889416E+00,+3.7961528503874E+00,+396.5972661972E-03
+220.0000E-09,+4.1926632185932E+00,+3.7953676745165E+00,+397.0702886581E-03
+220.5000E-09,+4.1928987713545E+00,+3.7945824986455E+00,+398.1078863144E-03
+221.0000E-09,+4.1920350778964E+00,+3.7926980765551E+00,+399.0997076035E-03
+221.5000E-09,+4.1914854547867E+00,+3.7916773479228E+00,+399.5727300644E-03
+222.0000E-09,+4.1911713844384E+00,+3.7905781017034E+00,+400.3814458847E-03
+222.5000E-09,+4.1907787965029E+00,+3.7901069961808E+00,+400.4577398300E-03
+223.0000E-09,+4.1903862085674E+00,+3.7900284785937E+00,+400.1525640488E-03
+223.5000E-09,+4.1903076909803E+00,+3.7897929258324E+00,+400.2898931503E-03
+224.0000E-09,+4.1893654799351E+00,+3.7897929258324E+00,+399.3285894394E-03
+224.5000E-09,+4.1894439975222E+00,+3.7897929258324E+00,+399.4048833847E-03
+225.0000E-09,+4.1892869623480E+00,+3.7897929258324E+00,+399.2522954941E-03
+225.5000E-09,+4.1882662337157E+00,+3.7897929258324E+00,+398.2604742050E-03
+226.0000E-09,+4.1885803040641E+00,+3.7899499610066E+00,+398.3978033066E-03
+226.5000E-09,+4.1881877161286E+00,+3.7904995841163E+00,+397.4364995956E-03
+227.0000E-09,+4.1884232688899E+00,+3.7907351368776E+00,+397.4364995956E-03
+227.5000E-09,+4.1885017864770E+00,+3.7903425489421E+00,+397.9095220566E-03
+228.0000E-09,+4.1887373392383E+00,+3.7891647851357E+00,+399.3285894394E-03
+228.5000E-09,+4.1891299271738E+00,+3.7896358906583E+00,+399.2522954941E-03
+229.0000E-09,+4.1900721382190E+00,+3.7908921720518E+00,+398.9471197128E-03
+229.5000E-09,+4.1893654799351E+00,+3.7908136544647E+00,+398.3215093613E-03
+230.0000E-09,+4.1896795502835E+00,+3.7919129006841E+00,+397.5280523300E-03
+230.5000E-09,+4.1907787965029E+00,+3.7916773479228E+00,+398.8708257675E-03
+231.0000E-09,+4.1914854547868E+00,+3.7919914182712E+00,+399.2522954941E-03
+231.5000E-09,+4.1919565603093E+00,+3.7930121469035E+00,+398.7182378769E-03
+232.0000E-09,+4.1911713844384E+00,+3.7933262172519E+00,+397.6348638535E-03
+232.5000E-09,+4.1910143492642E+00,+3.7935617700132E+00,+397.2076177597E-03
+233.0000E-09,+4.1914069371997E+00,+3.7936402876003E+00,+397.5280523300E-03
+233.5000E-09,+4.1919565603093E+00,+3.7945039810584E+00,+397.2533941269E-03
+234.0000E-09,+4.1921921130706E+00,+3.7961528503874E+00,+395.8343267441E-03
+234.5000E-09,+4.1923491482448E+00,+3.7958387800391E+00,+396.2920904160E-03
+235.0000E-09,+4.1928202537674E+00,+3.7972520966068E+00,+395.3613042831E-03
+235.5000E-09,+4.1926632185932E+00,+3.7981157900649E+00,+394.3237066269E-03
+236.0000E-09,+4.1922706306577E+00,+3.7985868955875E+00,+393.4844732285E-03
+236.5000E-09,+4.1925061834190E+00,+3.7985868955875E+00,+393.7133550644E-03
+237.0000E-09,+4.1926632185932E+00,+3.7987439307617E+00,+393.7133550644E-03
+237.5000E-09,+4.1930558065287E+00,+3.7991365186972E+00,+393.7133550644E-03
+238.0000E-09,+4.1928202537674E+00,+3.7988224483488E+00,+393.7896490097E-03
+238.5000E-09,+4.1927417361803E+00,+3.7984298604133E+00,+394.0948247910E-03
+239.0000E-09,+4.1925847010061E+00,+3.7977232021294E+00,+394.6441411972E-03
+239.5000E-09,+4.1929772889416E+00,+3.7970950614326E+00,+395.6817388535E-03
+240.0000E-09,+4.1932128417029E+00,+3.7974091317810E+00,+395.5901861191E-03
+240.5000E-09,+4.1925061834190E+00,+3.7977232021294E+00,+394.5525884628E-03
+241.0000E-09,+4.1925847010061E+00,+3.7974091317810E+00,+394.9493169785E-03
+241.5000E-09,+4.1928202537674E+00,+3.7956032272778E+00,+396.9787359238E-03
+242.0000E-09,+4.1928202537674E+00,+3.7949750865810E+00,+397.6043462753E-03
+242.5000E-09,+4.1929772889416E+00,+3.7942684282971E+00,+398.4893560410E-03
+243.0000E-09,+4.1936839472255E+00,+3.7938758403616E+00,+399.5574712753E-03
+243.5000E-09,+4.1945476406836E+00,+3.7944254634713E+00,+399.8779058457E-03
+244.0000E-09,+4.1947831934449E+00,+3.7930121469035E+00,+401.5258550644E-03
+244.5000E-09,+4.1939194999868E+00,+3.7922269710325E+00,+401.4495611191E-03
+245.0000E-09,+4.1932128417029E+00,+3.7920699358583E+00,+400.9155035019E-03
+245.5000E-09,+4.1923491482448E+00,+3.7920699358583E+00,+400.0762701035E-03
+246.0000E-09,+4.1917210075480E+00,+3.7912847599873E+00,+400.2288579941E-03
+246.5000E-09,+4.1913284196126E+00,+3.7912847599873E+00,+399.8321294785E-03
+247.0000E-09,+4.1915639723738E+00,+3.7920699358583E+00,+399.2522954941E-03
+247.5000E-09,+4.1916424899609E+00,+3.7923840062067E+00,+399.0234136581E-03
+248.0000E-09,+4.1917210075480E+00,+3.7923840062067E+00,+399.0997076035E-03
+248.5000E-09,+4.1914854547868E+00,+3.7915203127486E+00,+399.7253179550E-03
+249.0000E-09,+4.1918780427222E+00,+3.7912847599873E+00,+400.3661870956E-03
+249.5000E-09,+4.1907787965029E+00,+3.7921484534454E+00,+398.3978033066E-03
+250.0000E-09,+4.1901506558061E+00,+3.7925410413809E+00,+397.3602056503E-03
+250.5000E-09,+4.1898365854577E+00,+3.7925410413809E+00,+397.0550298691E-03
+251.0000E-09,+4.1904647261545E+00,+3.7936402876003E+00,+396.5972661972E-03
+251.5000E-09,+4.1910143492642E+00,+3.7944254634713E+00,+396.3836431503E-03
+252.0000E-09,+4.1910928668513E+00,+3.7932476996648E+00,+397.6348638535E-03
+252.5000E-09,+4.1908573140900E+00,+3.7935617700132E+00,+397.0550298691E-03
+253.0000E-09,+4.1916424899609E+00,+3.7944254634713E+00,+396.9787359238E-03
+253.5000E-09,+4.1917995251351E+00,+3.7945824986455E+00,+396.9787359238E-03
+254.0000E-09,+4.1915639723738E+00,+3.7957602624520E+00,+395.6054449081E-03
+254.5000E-09,+4.1914854547867E+00,+3.7958387800391E+00,+395.4375982285E-03
+255.0000E-09,+4.1910928668513E+00,+3.7959172976261E+00,+394.9340581894E-03
+255.5000E-09,+4.1907002789158E+00,+3.7956032272778E+00,+394.8577642441E-03
+256.0000E-09,+4.1907787965029E+00,+3.7959172976261E+00,+394.6288824081E-03
+256.5000E-09,+4.1905432437416E+00,+3.7954461921036E+00,+394.8730230331E-03
+257.0000E-09,+4.1911713844384E+00,+3.7953676745165E+00,+395.6054449081E-03
+257.5000E-09,+4.1905432437416E+00,+3.7951321217552E+00,+395.2087163925E-03
+258.0000E-09,+4.1893654799351E+00,+3.7952891569294E+00,+393.8659429550E-03
+258.5000E-09,+4.1895225151093E+00,+3.7954461921036E+00,+393.8659429550E-03
+259.0000E-09,+4.1902291733932E+00,+3.7945039810584E+00,+395.4833745956E-03
+259.5000E-09,+4.1913284196126E+00,+3.7947395338197E+00,+396.3683843613E-03
+260.0000E-09,+4.1920350778964E+00,+3.7952106393423E+00,+396.5972661972E-03
+260.5000E-09,+4.1906217613287E+00,+3.7943469458842E+00,+396.0632085800E-03
+261.0000E-09,+4.1902291733932E+00,+3.7934832524261E+00,+396.5209722519E-03
+261.5000E-09,+4.1890514095867E+00,+3.7920699358583E+00,+396.7498540878E-03
+262.0000E-09,+4.1892869623480E+00,+3.7912062424002E+00,+397.8332281113E-03
+262.5000E-09,+4.1898365854577E+00,+3.7904995841163E+00,+399.0997076035E-03
+263.0000E-09,+4.1895225151093E+00,+3.7897929258324E+00,+399.4964361191E-03
+263.5000E-09,+4.1898365854577E+00,+3.7900284785937E+00,+399.6032476425E-03
+264.0000E-09,+4.1893654799351E+00,+3.7904995841163E+00,+398.6419439316E-03
+264.5000E-09,+4.1893654799351E+00,+3.7898714434195E+00,+399.2522954941E-03
+265.0000E-09,+4.1892084447609E+00,+3.7901069961808E+00,+398.8708257675E-03
+265.5000E-09,+4.1885017864770E+00,+3.7901069961808E+00,+398.1689214706E-03
+266.0000E-09,+4.1881877161286E+00,+3.7901855137679E+00,+397.7569341660E-03
+266.5000E-09,+4.1894439975222E+00,+3.7906566192905E+00,+398.5656499863E-03
+267.0000E-09,+4.1896795502835E+00,+3.7911277248131E+00,+398.3367681503E-03
+267.5000E-09,+4.1899936206319E+00,+3.7904995841163E+00,+399.2675542831E-03
+268.0000E-09,+4.1907787965029E+00,+3.7908136544647E+00,+399.7558355331E-03
+268.5000E-09,+4.1903076909803E+00,+3.7908921720518E+00,+399.1760015488E-03
+269.0000E-09,+4.1902291733932E+00,+3.7908136544647E+00,+399.1760015488E-03
+269.5000E-09,+4.1900721382190E+00,+3.7922269710325E+00,+397.6348638535E-03
+270.0000E-09,+4.1906217613287E+00,+3.7929336293164E+00,+397.4517583847E-03
+270.5000E-09,+4.1916424899609E+00,+3.7932476996648E+00,+398.1689214706E-03
+271.0000E-09,+4.1917995251351E+00,+3.7943469458842E+00,+397.2076177597E-03
+271.5000E-09,+4.1913284196125E+00,+3.7947395338197E+00,+396.3683843613E-03
+272.0000E-09,+4.1907787965029E+00,+3.7945039810584E+00,+396.0632085800E-03
+272.5000E-09,+4.1910143492642E+00,+3.7949750865810E+00,+395.8190679550E-03
+273.0000E-09,+4.1905432437416E+00,+3.7965454383229E+00,+393.7896490097E-03
+273.5000E-09,+4.1911713844384E+00,+3.7971735790197E+00,+393.7743902206E-03
+274.0000E-09,+4.1911713844384E+00,+3.7976446845423E+00,+393.2861089706E-03
+274.5000E-09,+4.1919565603093E+00,+3.7974091317810E+00,+394.3237066269E-03
+275.0000E-09,+4.1921135954835E+00,+3.7966239559100E+00,+395.2392339706E-03
+275.5000E-09,+4.1921135954835E+00,+3.7966239559100E+00,+395.2392339706E-03
+276.0000E-09,+4.1928202537674E+00,+3.7970165438455E+00,+395.5596685410E-03
+276.5000E-09,+4.1929772889416E+00,+3.7959958152133E+00,+396.7498540878E-03
+277.0000E-09,+4.1934483944642E+00,+3.7957602624520E+00,+397.4364995956E-03
+277.5000E-09,+4.1932128417029E+00,+3.7956817448649E+00,+397.2839117050E-03
+278.0000E-09,+4.1923491482448E+00,+3.7952891569294E+00,+396.8261480331E-03
+278.5000E-09,+4.1918780427222E+00,+3.7947395338197E+00,+396.9024419785E-03
+279.0000E-09,+4.1921135954835E+00,+3.7941899107100E+00,+397.6806402206E-03
+279.5000E-09,+4.1928987713545E+00,+3.7933262172519E+00,+399.3285894394E-03
+280.0000E-09,+4.1929772889416E+00,+3.7937188051874E+00,+399.0234136581E-03
+280.5000E-09,+4.1924276658319E+00,+3.7942684282971E+00,+397.9400396347E-03
+281.0000E-09,+4.1921135954835E+00,+3.7943469458842E+00,+397.5280523300E-03
+281.5000E-09,+4.1920350778964E+00,+3.7936402876003E+00,+398.1841802597E-03
+282.0000E-09,+4.1921921130706E+00,+3.7929336293164E+00,+399.0234136581E-03
+282.5000E-09,+4.1910928668513E+00,+3.7928551117293E+00,+398.0315923691E-03
+283.0000E-09,+4.1905432437416E+00,+3.7924625237938E+00,+397.8790044785E-03
+283.5000E-09,+4.1907787965029E+00,+3.7919129006841E+00,+398.6572027206E-03
+284.0000E-09,+4.1920350778964E+00,+3.7915203127486E+00,+400.3051519394E-03
+284.5000E-09,+4.1917210075480E+00,+3.7912847599873E+00,+400.2288579941E-03
+285.0000E-09,+4.1918780427222E+00,+3.7921484534454E+00,+399.5269536972E-03
+285.5000E-09,+4.1910928668513E+00,+3.7926195589680E+00,+398.2604742050E-03
+286.0000E-09,+4.1914854547867E+00,+3.7926195589680E+00,+398.6419439316E-03
+286.5000E-09,+4.1911713844384E+00,+3.7925410413809E+00,+398.4130620956E-03
+287.0000E-09,+4.1908573140900E+00,+3.7923840062067E+00,+398.2604742050E-03
+287.5000E-09,+4.1907787965029E+00,+3.7929336293164E+00,+397.6348638535E-03
+288.0000E-09,+4.1912499020255E+00,+3.7937973227745E+00,+397.2076177597E-03
+288.5000E-09,+4.1910928668513E+00,+3.7932476996648E+00,+397.6043462753E-03
+289.0000E-09,+4.1904647261545E+00,+3.7926195589680E+00,+397.6348638535E-03
+289.5000E-09,+4.1901506558061E+00,+3.7930906644906E+00,+396.8414068222E-03
+290.0000E-09,+4.1904647261545E+00,+3.7919129006841E+00,+398.3215093613E-03
+290.5000E-09,+4.1899936206319E+00,+3.7926980765551E+00,+397.0550298691E-03
+291.0000E-09,+4.1900721382190E+00,+3.7930906644906E+00,+396.7498540878E-03
+291.5000E-09,+4.1904647261545E+00,+3.7933262172519E+00,+396.9177007675E-03
+292.0000E-09,+4.1910928668513E+00,+3.7927765941422E+00,+398.1078863144E-03
+292.5000E-09,+4.1915639723738E+00,+3.7930121469035E+00,+398.3367681503E-03
+293.0000E-09,+4.1914069371996E+00,+3.7921484534454E+00,+399.0234136581E-03
+293.5000E-09,+4.1909358316771E+00,+3.7917558655099E+00,+398.9471197128E-03
+294.0000E-09,+4.1910928668513E+00,+3.7918343830970E+00,+399.0386724472E-03
+294.5000E-09,+4.1914854547867E+00,+3.7915988303357E+00,+399.6795415878E-03
+295.0000E-09,+4.1910928668513E+00,+3.7924625237938E+00,+398.3978033066E-03
+295.5000E-09,+4.1905432437416E+00,+3.7928551117293E+00,+397.4364995956E-03
+296.0000E-09,+4.1903862085674E+00,+3.7925410413809E+00,+397.6043462753E-03
+296.5000E-09,+4.1905432437416E+00,+3.7922269710325E+00,+398.1078863144E-03
+297.0000E-09,+4.1904647261545E+00,+3.7919914182712E+00,+398.2604742050E-03
+297.5000E-09,+4.1905432437416E+00,+3.7923840062067E+00,+397.9400396347E-03
+298.0000E-09,+4.1894439975222E+00,+3.7935617700132E+00,+395.6817388535E-03
+298.5000E-09,+4.1896795502835E+00,+3.7936402876003E+00,+395.8343267441E-03
+299.0000E-09,+4.1894439975222E+00,+3.7937188051874E+00,+395.5138921738E-03
+299.5000E-09,+4.1889728919996E+00,+3.7931691820777E+00,+395.5596685410E-03
+300.0000E-09,+4.1898365854577E+00,+3.7927765941422E+00,+396.8414068222E-03
+300.5000E-09,+4.1903862085674E+00,+3.7921484534454E+00,+398.0315923691E-03
+301.0000E-09,+4.1905432437416E+00,+3.7916773479228E+00,+398.6419439316E-03
+301.5000E-09,+4.1903076909803E+00,+3.7915203127486E+00,+398.5656499863E-03
+302.0000E-09,+4.1902291733932E+00,+3.7914417951615E+00,+398.5503911972E-03
+302.5000E-09,+4.1899151030448E+00,+3.7925410413809E+00,+397.1313238144E-03
+303.0000E-09,+4.1896010326964E+00,+3.7923054886196E+00,+397.0550298691E-03
+303.5000E-09,+4.1895225151093E+00,+3.7921484534454E+00,+397.1465826035E-03
+304.0000E-09,+4.1898365854577E+00,+3.7913632775744E+00,+398.2604742050E-03
+304.5000E-09,+4.1891299271738E+00,+3.7904210665292E+00,+398.4893560410E-03
+305.0000E-09,+4.1885803040641E+00,+3.7904210665292E+00,+397.9552984238E-03
+305.5000E-09,+4.1892084447609E+00,+3.7904995841163E+00,+398.4893560410E-03
+306.0000E-09,+4.1899151030448E+00,+3.7907351368776E+00,+398.9471197128E-03
+306.5000E-09,+4.1903862085674E+00,+3.7908136544647E+00,+399.3285894394E-03
+307.0000E-09,+4.1896010326964E+00,+3.7908136544647E+00,+398.5656499863E-03
+307.5000E-09,+4.1895225151093E+00,+3.7901069961808E+00,+399.1760015488E-03
+308.0000E-09,+4.1898365854577E+00,+3.7903425489421E+00,+399.2522954941E-03
+308.5000E-09,+4.1896010326964E+00,+3.7908921720518E+00,+398.4893560410E-03
+309.0000E-09,+4.1903076909803E+00,+3.7906566192905E+00,+399.4048833847E-03
+309.5000E-09,+4.1903862085674E+00,+3.7912847599873E+00,+398.8708257675E-03
+310.0000E-09,+4.1905432437416E+00,+3.7911277248131E+00,+399.1760015488E-03
+310.5000E-09,+4.1902291733932E+00,+3.7914417951615E+00,+398.5656499863E-03
+311.0000E-09,+4.1900721382190E+00,+3.7916773479228E+00,+398.1841802597E-03
+311.5000E-09,+4.1906217613287E+00,+3.7917558655099E+00,+398.6419439316E-03
+312.0000E-09,+4.1913284196126E+00,+3.7920699358583E+00,+399.0234136581E-03
+312.5000E-09,+4.1907002789158E+00,+3.7923054886196E+00,+398.1841802597E-03
+313.0000E-09,+4.1907787965029E+00,+3.7922269710325E+00,+398.3367681503E-03
+313.5000E-09,+4.1906217613287E+00,+3.7920699358583E+00,+398.3367681503E-03
+314.0000E-09,+4.1915639723738E+00,+3.7923840062067E+00,+398.9471197128E-03
+314.5000E-09,+4.1915639723738E+00,+3.7930906644906E+00,+398.2452154160E-03
+315.0000E-09,+4.1914854547867E+00,+3.7945039810584E+00,+396.7498540878E-03
+315.5000E-09,+4.1910928668513E+00,+3.7945824986455E+00,+396.2920904160E-03
+316.0000E-09,+4.1907787965029E+00,+3.7948180514068E+00,+395.7580327988E-03
+316.5000E-09,+4.1913284196126E+00,+3.7948965689939E+00,+396.2157964706E-03
+317.0000E-09,+4.1914069371996E+00,+3.7953676745165E+00,+395.8190679550E-03
+317.5000E-09,+4.1910928668513E+00,+3.7959172976262E+00,+394.9493169785E-03
+318.0000E-09,+4.1916424899609E+00,+3.7956032272778E+00,+395.8343267441E-03
+318.5000E-09,+4.1919565603093E+00,+3.7956817448649E+00,+396.0632085800E-03
+319.0000E-09,+4.1920350778964E+00,+3.7942684282971E+00,+397.5280523300E-03
+319.5000E-09,+4.1915639723738E+00,+3.7934047348390E+00,+397.9552984238E-03
+320.0000E-09,+4.1918780427222E+00,+3.7927765941422E+00,+398.8860845566E-03
+320.5000E-09,+4.1925847010061E+00,+3.7926980765551E+00,+399.6795415878E-03
+321.0000E-09,+4.1918780427222E+00,+3.7934047348390E+00,+398.2604742050E-03
+321.5000E-09,+4.1916424899609E+00,+3.7922269710325E+00,+399.1760015488E-03
+322.0000E-09,+4.1909358316771E+00,+3.7926195589680E+00,+398.1078863144E-03
+322.5000E-09,+4.1910928668513E+00,+3.7915988303357E+00,+399.2675542831E-03
+323.0000E-09,+4.1914854547867E+00,+3.7913632775744E+00,+399.9084234238E-03
+323.5000E-09,+4.1914069371996E+00,+3.7915988303357E+00,+399.5574712753E-03
+324.0000E-09,+4.1917995251351E+00,+3.7920699358583E+00,+399.4964361191E-03
+324.5000E-09,+4.1914069371996E+00,+3.7916773479228E+00,+399.5269536972E-03
+325.0000E-09,+4.1909358316771E+00,+3.7923840062067E+00,+398.3367681503E-03
+325.5000E-09,+4.1910143492642E+00,+3.7916773479228E+00,+399.0997076035E-03
+326.0000E-09,+4.1910928668513E+00,+3.7915988303357E+00,+399.2522954941E-03
+326.5000E-09,+4.1905432437416E+00,+3.7912847599873E+00,+399.0234136581E-03
+327.0000E-09,+4.1902291733932E+00,+3.7910492072260E+00,+398.9471197128E-03
+327.5000E-09,+4.1901506558061E+00,+3.7910492072260E+00,+398.8708257675E-03
+328.0000E-09,+4.1903862085674E+00,+3.7912847599873E+00,+398.8555669785E-03
+328.5000E-09,+4.1897580678706E+00,+3.7921484534454E+00,+397.3602056503E-03
+329.0000E-09,+4.1899936206319E+00,+3.7926195589680E+00,+397.1313238144E-03
+329.5000E-09,+4.1899936206319E+00,+3.7925410413809E+00,+397.2076177597E-03
+330.0000E-09,+4.1900721382190E+00,+3.7920699358583E+00,+397.7569341660E-03
+330.5000E-09,+4.1903076909803E+00,+3.7913632775744E+00,+398.7182378769E-03
+331.0000E-09,+4.1902291733932E+00,+3.7916773479228E+00,+398.3215093613E-03
+331.5000E-09,+4.1898365854577E+00,+3.7922269710325E+00,+397.3754644394E-03
+332.0000E-09,+4.1894439975222E+00,+3.7910492072260E+00,+398.1841802597E-03
+332.5000E-09,+4.1897580678706E+00,+3.7911277248131E+00,+398.4130620956E-03
+333.0000E-09,+4.1901506558061E+00,+3.7912062424002E+00,+398.7182378769E-03
+333.5000E-09,+4.1904647261545E+00,+3.7905781017034E+00,+399.6337652206E-03
+334.0000E-09,+4.1899151030448E+00,+3.7902640313550E+00,+399.4048833847E-03
+334.5000E-09,+4.1896795502835E+00,+3.7907351368776E+00,+398.7182378769E-03
+335.0000E-09,+4.1897580678706E+00,+3.7909706896389E+00,+398.5656499863E-03
+335.5000E-09,+4.1897580678706E+00,+3.7915988303357E+00,+397.9400396347E-03
+336.0000E-09,+4.1889728919996E+00,+3.7913632775744E+00,+397.3602056503E-03
+336.5000E-09,+4.1888158568254E+00,+3.7913632775744E+00,+397.2076177597E-03
+337.0000E-09,+4.1890514095867E+00,+3.7912847599873E+00,+397.5280523300E-03
+337.5000E-09,+4.1891299271738E+00,+3.7912847599873E+00,+397.6348638535E-03
+338.0000E-09,+4.1893654799351E+00,+3.7919129006841E+00,+397.2076177597E-03
+338.5000E-09,+4.1893654799351E+00,+3.7915988303357E+00,+397.5280523300E-03
+339.0000E-09,+4.1893654799351E+00,+3.7913632775744E+00,+397.8027105331E-03
+339.5000E-09,+4.1892084447609E+00,+3.7914417951615E+00,+397.5585699081E-03
+340.0000E-09,+4.1889728919996E+00,+3.7913632775744E+00,+397.3754644394E-03
+340.5000E-09,+4.1895225151093E+00,+3.7904210665292E+00,+398.8708257675E-03
+341.0000E-09,+4.1890514095867E+00,+3.7906566192905E+00,+398.1689214706E-03
+341.5000E-09,+4.1892869623480E+00,+3.7915203127486E+00,+397.5280523300E-03
+342.0000E-09,+4.1898365854577E+00,+3.7919129006841E+00,+397.7111577988E-03
+342.5000E-09,+4.1892084447609E+00,+3.7915988303357E+00,+397.3602056503E-03
+343.0000E-09,+4.1888943744125E+00,+3.7915988303357E+00,+397.0550298691E-03
+343.5000E-09,+4.1895225151093E+00,+3.7919914182712E+00,+397.2991704941E-03
+344.0000E-09,+4.1899151030448E+00,+3.7909706896389E+00,+398.7182378769E-03
+344.5000E-09,+4.1898365854577E+00,+3.7910492072260E+00,+398.5656499863E-03
+345.0000E-09,+4.1903862085674E+00,+3.7920699358583E+00,+398.1078863144E-03
+345.5000E-09,+4.1907787965029E+00,+3.7922269710325E+00,+398.3367681503E-03
+346.0000E-09,+4.1910928668513E+00,+3.7921484534454E+00,+398.7182378769E-03
+346.5000E-09,+4.1907002789158E+00,+3.7926980765551E+00,+397.8027105331E-03
+347.0000E-09,+4.1910143492642E+00,+3.7929336293164E+00,+397.8790044785E-03
+347.5000E-09,+4.1912499020255E+00,+3.7927765941422E+00,+398.2604742050E-03
+348.0000E-09,+4.1913284196126E+00,+3.7924625237938E+00,+398.6419439316E-03
+348.5000E-09,+4.1914854547867E+00,+3.7929336293164E+00,+398.3367681503E-03
+349.0000E-09,+4.1911713844384E+00,+3.7929336293164E+00,+398.0315923691E-03
+349.5000E-09,+4.1907787965029E+00,+3.7926980765551E+00,+397.8790044785E-03
+350.0000E-09,+4.1903076909803E+00,+3.7919129006841E+00,+398.1841802597E-03
+350.5000E-09,+4.1903076909803E+00,+3.7918343830970E+00,+398.2604742050E-03
+351.0000E-09,+4.1903862085674E+00,+3.7921484534454E+00,+398.0315923691E-03
+351.5000E-09,+4.1906217613287E+00,+3.7915988303357E+00,+398.7945318222E-03
+352.0000E-09,+4.1905432437416E+00,+3.7915988303357E+00,+398.7182378769E-03
+352.5000E-09,+4.1900721382190E+00,+3.7922269710325E+00,+397.6348638535E-03
+353.0000E-09,+4.1892869623480E+00,+3.7918343830970E+00,+397.2076177597E-03
+353.5000E-09,+4.1892084447609E+00,+3.7915988303357E+00,+397.3602056503E-03
+354.0000E-09,+4.1896795502835E+00,+3.7923054886196E+00,+397.1313238144E-03
+354.5000E-09,+4.1896010326964E+00,+3.7924625237938E+00,+396.9024419785E-03
+355.0000E-09,+4.1893654799351E+00,+3.7929336293164E+00,+396.2157964706E-03
+355.5000E-09,+4.1894439975222E+00,+3.7929336293164E+00,+396.2920904160E-03
+356.0000E-09,+4.1899151030448E+00,+3.7926980765551E+00,+396.9939947128E-03
+356.5000E-09,+4.1907002789158E+00,+3.7921484534454E+00,+398.3367681503E-03
+357.0000E-09,+4.1910143492642E+00,+3.7923054886196E+00,+398.4893560410E-03
+357.5000E-09,+4.1914069371996E+00,+3.7917558655099E+00,+399.4048833847E-03
+358.0000E-09,+4.1917995251351E+00,+3.7927765941422E+00,+398.7945318222E-03
+358.5000E-09,+4.1914069371997E+00,+3.7922269710325E+00,+398.9471197128E-03
+359.0000E-09,+4.1909358316771E+00,+3.7921484534454E+00,+398.5656499863E-03
+359.5000E-09,+4.1910143492642E+00,+3.7928551117293E+00,+397.9400396347E-03
+360.0000E-09,+4.1914854547867E+00,+3.7934832524261E+00,+397.7569341660E-03
+360.5000E-09,+4.1920350778964E+00,+3.7930906644906E+00,+398.7182378769E-03
+361.0000E-09,+4.1914854547867E+00,+3.7925410413809E+00,+398.7182378769E-03
+361.5000E-09,+4.1910928668513E+00,+3.7923054886196E+00,+398.5656499863E-03
+362.0000E-09,+4.1905432437416E+00,+3.7924625237938E+00,+397.8637456894E-03
+362.5000E-09,+4.1902291733932E+00,+3.7930906644906E+00,+396.9024419785E-03
+363.0000E-09,+4.1899151030448E+00,+3.7933262172519E+00,+396.3683843613E-03
+363.5000E-09,+4.1896795502835E+00,+3.7926980765551E+00,+396.7498540878E-03
+364.0000E-09,+4.1896795502835E+00,+3.7928551117293E+00,+396.5972661972E-03
+364.5000E-09,+4.1897580678706E+00,+3.7925410413809E+00,+396.9787359238E-03
+365.0000E-09,+4.1900721382190E+00,+3.7921484534454E+00,+397.6806402206E-03
+365.5000E-09,+4.1903076909803E+00,+3.7915988303357E+00,+398.4893560410E-03
+366.0000E-09,+4.1902291733932E+00,+3.7912847599873E+00,+398.7182378769E-03
+366.5000E-09,+4.1898365854577E+00,+3.7908136544647E+00,+398.7945318222E-03
+367.0000E-09,+4.1894439975222E+00,+3.7900284785937E+00,+399.1760015488E-03
+367.5000E-09,+4.1897580678706E+00,+3.7895573730712E+00,+399.9541997910E-03
+368.0000E-09,+4.1899936206319E+00,+3.7889292323744E+00,+400.8392095566E-03
+368.5000E-09,+4.1899936206319E+00,+3.7893218203099E+00,+400.4577398300E-03
+369.0000E-09,+4.1899151030448E+00,+3.7895573730712E+00,+400.1525640488E-03
+369.5000E-09,+4.1896010326964E+00,+3.7891647851357E+00,+400.2135992050E-03
+370.0000E-09,+4.1893654799351E+00,+3.7901855137679E+00,+398.9471197128E-03
+370.5000E-09,+4.1894439975222E+00,+3.7904995841163E+00,+398.7182378769E-03
+371.0000E-09,+4.1896010326964E+00,+3.7905781017034E+00,+398.7945318222E-03
+371.5000E-09,+4.1895225151093E+00,+3.7901855137679E+00,+399.0997076035E-03
+372.0000E-09,+4.1899151030448E+00,+3.7904995841163E+00,+399.1760015488E-03
+372.5000E-09,+4.1896010326964E+00,+3.7907351368776E+00,+398.6419439316E-03
+373.0000E-09,+4.1894439975222E+00,+3.7908921720518E+00,+398.3367681503E-03
+373.5000E-09,+4.1898365854577E+00,+3.7912062424002E+00,+398.4130620956E-03
+374.0000E-09,+4.1901506558061E+00,+3.7908921720518E+00,+399.0234136581E-03
+374.5000E-09,+4.1898365854577E+00,+3.7913632775744E+00,+398.2604742050E-03
+375.0000E-09,+4.1903076909803E+00,+3.7912847599873E+00,+398.7945318222E-03
+375.5000E-09,+4.1903076909803E+00,+3.7912062424002E+00,+398.8708257675E-03
+376.0000E-09,+4.1903076909803E+00,+3.7916773479228E+00,+398.4130620956E-03
+376.5000E-09,+4.1903862085674E+00,+3.7917558655099E+00,+398.4130620956E-03
+377.0000E-09,+4.1904647261545E+00,+3.7919914182712E+00,+398.2604742050E-03
+377.5000E-09,+4.1898365854577E+00,+3.7918343830970E+00,+397.8027105331E-03
+378.0000E-09,+4.1896795502835E+00,+3.7915988303357E+00,+397.8790044785E-03
+378.5000E-09,+4.1907002789158E+00,+3.7921484534454E+00,+398.3367681503E-03
+379.0000E-09,+4.1906217613287E+00,+3.7917558655099E+00,+398.6266851425E-03
+379.5000E-09,+4.1898365854577E+00,+3.7922269710325E+00,+397.3602056503E-03
+380.0000E-09,+4.1902291733932E+00,+3.7926980765551E+00,+397.2991704941E-03
+380.5000E-09,+4.1900721382190E+00,+3.7919129006841E+00,+397.9552984238E-03
+381.0000E-09,+4.1903076909803E+00,+3.7915988303357E+00,+398.4893560410E-03
+381.5000E-09,+4.1903862085674E+00,+3.7912847599873E+00,+398.8708257675E-03
+382.0000E-09,+4.1906217613287E+00,+3.7909706896389E+00,+399.4048833847E-03
+382.5000E-09,+4.1904647261545E+00,+3.7908136544647E+00,+399.4048833847E-03
+383.0000E-09,+4.1901506558061E+00,+3.7909706896389E+00,+398.9471197128E-03
+383.5000E-09,+4.1905432437416E+00,+3.7908136544647E+00,+399.4811773300E-03
+384.0000E-09,+4.1899936206319E+00,+3.7908136544647E+00,+398.9471197128E-03
+384.5000E-09,+4.1890514095867E+00,+3.7901069961808E+00,+398.7182378769E-03
+385.0000E-09,+4.1891299271738E+00,+3.7899499610066E+00,+398.9471197128E-03
+385.5000E-09,+4.1895225151093E+00,+3.7893218203099E+00,+399.9541997909E-03
+386.0000E-09,+4.1899151030448E+00,+3.7890862675486E+00,+400.5950689316E-03
+386.5000E-09,+4.1896795502835E+00,+3.7901069961808E+00,+399.3285894394E-03
+387.0000E-09,+4.1896010326964E+00,+3.7913632775744E+00,+398.0163335800E-03
+387.5000E-09,+4.1893654799351E+00,+3.7921484534454E+00,+396.9787359238E-03
+388.0000E-09,+4.1895225151093E+00,+3.7915203127486E+00,+397.7569341659E-03
+388.5000E-09,+4.1899936206319E+00,+3.7910492072260E+00,+398.7182378769E-03
+389.0000E-09,+4.1899936206319E+00,+3.7908136544647E+00,+398.9471197128E-03
+389.5000E-09,+4.1899936206319E+00,+3.7901855137679E+00,+399.5574712753E-03
+390.0000E-09,+4.1899151030448E+00,+3.7905781017034E+00,+399.0997076035E-03
+390.5000E-09,+4.1897580678706E+00,+3.7912062424002E+00,+398.3367681503E-03
+391.0000E-09,+4.1899151030448E+00,+3.7914417951615E+00,+398.2604742050E-03
+391.5000E-09,+4.1896795502835E+00,+3.7908921720518E+00,+398.5656499863E-03
+392.0000E-09,+4.1896795502835E+00,+3.7913632775744E+00,+398.1078863144E-03
+392.5000E-09,+4.1898365854577E+00,+3.7914417951615E+00,+398.1841802597E-03
+393.0000E-09,+4.1901506558061E+00,+3.7915203127486E+00,+398.4130620956E-03
+393.5000E-09,+4.1896795502835E+00,+3.7909706896389E+00,+398.4893560410E-03
+394.0000E-09,+4.1896795502835E+00,+3.7908921720518E+00,+398.5656499863E-03
+394.5000E-09,+4.1898365854577E+00,+3.7914417951615E+00,+398.1841802597E-03
+395.0000E-09,+4.1902291733932E+00,+3.7913632775744E+00,+398.6419439316E-03
+395.5000E-09,+4.1899936206319E+00,+3.7905781017034E+00,+399.1760015488E-03
+396.0000E-09,+4.1900721382190E+00,+3.7908921720518E+00,+398.9471197128E-03
+396.5000E-09,+4.1903862085674E+00,+3.7902640313550E+00,+399.8626470566E-03
