x-axis,3
second,Volt
9.893187500000e-004,-1.44310e+000
9.893327500000e-004,-1.41817e+000
9.893467500000e-004,-1.41817e+000
9.893607500000e-004,-1.41817e+000
9.893747500000e-004,-1.41817e+000
9.893887500000e-004,-1.41817e+000
9.894027500000e-004,-1.41817e+000
9.894167500000e-004,-1.41817e+000
9.894307500000e-004,-1.41817e+000
9.894447500000e-004,-1.41817e+000
9.894587500000e-004,-1.41817e+000
9.894727500000e-004,-1.41817e+000
9.894867500000e-004,-1.41817e+000
9.895007500000e-004,-1.41817e+000
9.895147500000e-004,-1.41817e+000
9.895287500000e-004,-1.44310e+000
9.895427500000e-004,-1.44310e+000
9.895567500000e-004,-1.41817e+000
9.895707500000e-004,-1.41817e+000
9.895847500000e-004,-1.41817e+000
9.895987500000e-004,-1.41817e+000
9.896127500000e-004,-1.41817e+000
9.896267500000e-004,-1.41817e+000
9.896407500000e-004,-1.44310e+000
9.896547500000e-004,-1.44310e+000
9.896687500000e-004,-1.41817e+000
9.896827500000e-004,-1.41817e+000
9.896967500000e-004,-1.41817e+000
9.897107500000e-004,-1.41817e+000
9.897247500000e-004,-1.41817e+000
9.897387500000e-004,-1.44310e+000
9.897527500000e-004,-1.41817e+000
9.897667500000e-004,-1.41817e+000
9.897807500000e-004,-1.44310e+000
9.897947500000e-004,-1.41817e+000
9.898087500000e-004,-1.44310e+000
9.898227500000e-004,-1.41817e+000
9.898367500000e-004,-1.41817e+000
9.898507500000e-004,-1.44310e+000
9.898647500000e-004,-1.44310e+000
9.898787500000e-004,-1.41817e+000
9.898927500000e-004,-1.41817e+000
9.899067500000e-004,-1.41817e+000
9.899207500000e-004,-1.41817e+000
9.899347500000e-004,-1.41817e+000
9.899487500000e-004,-1.41817e+000
9.899627500000e-004,-1.41817e+000
9.899767500000e-004,-1.41817e+000
9.899907500000e-004,-1.41817e+000
9.900047500000e-004,-1.41817e+000
9.900187500000e-004,-1.41817e+000
9.900327500000e-004,-1.41817e+000
9.900467500000e-004,-1.41817e+000
9.900607500000e-004,-1.41817e+000
9.900747500000e-004,-1.41817e+000
9.900887500000e-004,-1.44310e+000
9.901027500000e-004,-1.41817e+000
9.901167500000e-004,-1.44310e+000
9.901307500000e-004,-1.44310e+000
9.901447500000e-004,-1.44310e+000
9.901587500000e-004,-1.41817e+000
9.901727500000e-004,-1.44310e+000
9.901867500000e-004,-1.41817e+000
9.902007500000e-004,-1.41817e+000
9.902147500000e-004,-1.44310e+000
9.902287500000e-004,-1.41817e+000
9.902427500000e-004,-1.44310e+000
9.902567500000e-004,-1.41817e+000
9.902707500000e-004,-1.41817e+000
9.902847500000e-004,-1.41817e+000
9.902987500000e-004,-1.41817e+000
9.903127500000e-004,-1.44310e+000
9.903267500000e-004,-1.44310e+000
9.903407500000e-004,-1.41817e+000
9.903547500000e-004,-1.41817e+000
9.903687500000e-004,-1.44310e+000
9.903827500000e-004,-1.41817e+000
9.903967500000e-004,-1.41817e+000
9.904107500000e-004,-1.44310e+000
9.904247500000e-004,-1.44310e+000
9.904387500000e-004,-1.41817e+000
9.904527500000e-004,-1.41817e+000
9.904667500000e-004,-1.44310e+000
9.904807500000e-004,-1.41817e+000
9.904947500000e-004,-1.41817e+000
9.905087500000e-004,-1.41817e+000
9.905227500000e-004,-1.41817e+000
9.905367500000e-004,-1.44310e+000
9.905507500000e-004,-1.41817e+000
9.905647500000e-004,-1.41817e+000
9.905787500000e-004,-1.44310e+000
9.905927500000e-004,-1.41817e+000
9.906067500000e-004,-1.41817e+000
9.906207500000e-004,-1.41817e+000
9.906347500000e-004,-1.41817e+000
9.906487500000e-004,-1.41817e+000
9.906627500000e-004,-1.41817e+000
9.906767500000e-004,-1.41817e+000
9.906907500000e-004,-1.41817e+000
9.907047500000e-004,-1.41817e+000
9.907187500000e-004,-1.41817e+000
9.907327500000e-004,-1.41817e+000
9.907467500000e-004,-1.41817e+000
9.907607500000e-004,-1.41817e+000
9.907747500000e-004,-1.44310e+000
9.907887500000e-004,-1.41817e+000
9.908027500000e-004,-1.41817e+000
9.908167500000e-004,-1.41817e+000
9.908307500000e-004,-1.44310e+000
9.908447500000e-004,-1.41817e+000
9.908587500000e-004,-1.41817e+000
9.908727500000e-004,-1.44310e+000
9.908867500000e-004,-1.41817e+000
9.909007500000e-004,-1.41817e+000
9.909147500000e-004,-1.41817e+000
9.909287500000e-004,-1.41817e+000
9.909427500000e-004,-1.44310e+000
9.909567500000e-004,-1.41817e+000
9.909707500000e-004,-1.41817e+000
9.909847500000e-004,-1.41817e+000
9.909987500000e-004,-1.44310e+000
9.910127500000e-004,-1.41817e+000
9.910267500000e-004,-1.44310e+000
9.910407500000e-004,-1.41817e+000
9.910547500000e-004,-1.44310e+000
9.910687500000e-004,-1.44310e+000
9.910827500000e-004,-1.44310e+000
9.910967500000e-004,-1.41817e+000
9.911107500000e-004,-1.41817e+000
9.911247500000e-004,-1.41817e+000
9.911387500000e-004,-1.41817e+000
9.911527500000e-004,-1.41817e+000
9.911667500000e-004,-1.44310e+000
9.911807500000e-004,-1.41817e+000
9.911947500000e-004,-1.41817e+000
9.912087500000e-004,-1.41817e+000
9.912227500000e-004,-1.44310e+000
9.912367500000e-004,-1.41817e+000
9.912507500000e-004,-1.44310e+000
9.912647500000e-004,-1.44310e+000
9.912787500000e-004,-1.41817e+000
9.912927500000e-004,-1.41817e+000
9.913067500000e-004,-1.41817e+000
9.913207500000e-004,-1.41817e+000
9.913347500000e-004,-1.44310e+000
9.913487500000e-004,-1.44310e+000
9.913627500000e-004,-1.41817e+000
9.913767500000e-004,-1.44310e+000
9.913907500000e-004,-1.41817e+000
9.914047500000e-004,-1.41817e+000
9.914187500000e-004,-1.41817e+000
9.914327500000e-004,-1.41817e+000
9.914467500000e-004,-1.41817e+000
9.914607500000e-004,-1.41817e+000
9.914747500000e-004,-1.41817e+000
9.914887500000e-004,-1.41817e+000
9.915027500000e-004,-1.44310e+000
9.915167500000e-004,-1.41817e+000
9.915307500000e-004,-1.41817e+000
9.915447500000e-004,-1.44310e+000
9.915587500000e-004,-1.41817e+000
9.915727500000e-004,-1.41817e+000
9.915867500000e-004,-1.44310e+000
9.916007500000e-004,-1.44310e+000
9.916147500000e-004,-1.41817e+000
9.916287500000e-004,-1.41817e+000
9.916427500000e-004,-1.41817e+000
9.916567500000e-004,-1.41817e+000
9.916707500000e-004,-1.41817e+000
9.916847500000e-004,-1.41817e+000
9.916987500000e-004,-1.41817e+000
9.917127500000e-004,-1.41817e+000
9.917267500000e-004,-1.44310e+000
9.917407500000e-004,-1.41817e+000
9.917547500000e-004,-1.41817e+000
9.917687500000e-004,-1.41817e+000
9.917827500000e-004,-1.44310e+000
9.917967500000e-004,-1.41817e+000
9.918107500000e-004,-1.44310e+000
9.918247500000e-004,-1.41817e+000
9.918387500000e-004,-1.41817e+000
9.918527500000e-004,-1.41817e+000
9.918667500000e-004,-1.41817e+000
9.918807500000e-004,-1.44310e+000
9.918947500000e-004,-1.44310e+000
9.919087500000e-004,-1.41817e+000
9.919227500000e-004,-1.41817e+000
9.919367500000e-004,-1.41817e+000
9.919507500000e-004,-1.41817e+000
9.919647500000e-004,-1.41817e+000
9.919787500000e-004,-1.41817e+000
9.919927500000e-004,-1.44310e+000
9.920067500000e-004,-1.44310e+000
9.920207500000e-004,-1.44310e+000
9.920347500000e-004,-1.41817e+000
9.920487500000e-004,-1.41817e+000
9.920627500000e-004,-1.41817e+000
9.920767500000e-004,-1.44310e+000
9.920907500000e-004,-1.41817e+000
9.921047500000e-004,-1.41817e+000
9.921187500000e-004,-1.44310e+000
9.921327500000e-004,-1.41817e+000
9.921467500000e-004,-1.44310e+000
9.921607500000e-004,-1.41817e+000
9.921747500000e-004,-1.41817e+000
9.921887500000e-004,-1.44310e+000
9.922027500000e-004,-1.41817e+000
9.922167500000e-004,-1.41817e+000
9.922307500000e-004,-1.44310e+000
9.922447500000e-004,-1.41817e+000
9.922587500000e-004,-1.41817e+000
9.922727500000e-004,-1.44310e+000
9.922867500000e-004,-1.41817e+000
9.923007500000e-004,-1.44310e+000
9.923147500000e-004,-1.44310e+000
9.923287500000e-004,-1.41817e+000
9.923427500000e-004,-1.41817e+000
9.923567500000e-004,-1.44310e+000
9.923707500000e-004,-1.41817e+000
9.923847500000e-004,-1.41817e+000
9.923987500000e-004,-1.41817e+000
9.924127500000e-004,-1.41817e+000
9.924267500000e-004,-1.41817e+000
9.924407500000e-004,-1.41817e+000
9.924547500000e-004,-1.41817e+000
9.924687500000e-004,-1.41817e+000
9.924827500000e-004,-1.41817e+000
9.924967500000e-004,-1.41817e+000
9.925107500000e-004,-1.41817e+000
9.925247500000e-004,-1.41817e+000
9.925387500000e-004,-1.41817e+000
9.925527500000e-004,-1.41817e+000
9.925667500000e-004,-1.41817e+000
9.925807500000e-004,-1.41817e+000
9.925947500000e-004,-1.41817e+000
9.926087500000e-004,-1.41817e+000
9.926227500000e-004,-1.41817e+000
9.926367500000e-004,-1.41817e+000
9.926507500000e-004,-1.44310e+000
9.926647500000e-004,-1.41817e+000
9.926787500000e-004,-1.41817e+000
9.926927500000e-004,-1.41817e+000
9.927067500000e-004,-1.41817e+000
9.927207500000e-004,-1.41817e+000
9.927347500000e-004,-1.44310e+000
9.927487500000e-004,-1.44310e+000
9.927627500000e-004,-1.41817e+000
9.927767500000e-004,-1.44310e+000
9.927907500000e-004,-1.41817e+000
9.928047500000e-004,-1.44310e+000
9.928187500000e-004,-1.41817e+000
9.928327500000e-004,-1.41817e+000
9.928467500000e-004,-1.41817e+000
9.928607500000e-004,-1.41817e+000
9.928747500000e-004,-1.41817e+000
9.928887500000e-004,-1.41817e+000
9.929027500000e-004,-1.44310e+000
9.929167500000e-004,-1.41817e+000
9.929307500000e-004,-1.41817e+000
9.929447500000e-004,-1.41817e+000
9.929587500000e-004,-1.44310e+000
9.929727500000e-004,-1.41817e+000
9.929867500000e-004,-1.41817e+000
9.930007500000e-004,-1.41817e+000
9.930147500000e-004,-1.44310e+000
9.930287500000e-004,-1.44310e+000
9.930427500000e-004,-1.44310e+000
9.930567500000e-004,-1.41817e+000
9.930707500000e-004,-1.44310e+000
9.930847500000e-004,-1.41817e+000
9.930987500000e-004,-1.41817e+000
9.931127500000e-004,-1.41817e+000
9.931267500000e-004,-1.41817e+000
9.931407500000e-004,-1.41817e+000
9.931547500000e-004,-1.44310e+000
9.931687500000e-004,-1.41817e+000
9.931827500000e-004,-1.41817e+000
9.931967500000e-004,-1.44310e+000
9.932107500000e-004,-1.41817e+000
9.932247500000e-004,-1.41817e+000
9.932387500000e-004,-1.44310e+000
9.932527500000e-004,-1.44310e+000
9.932667500000e-004,-1.41817e+000
9.932807500000e-004,-1.41817e+000
9.932947500000e-004,-1.44310e+000
9.933087500000e-004,-1.41817e+000
9.933227500000e-004,-1.44310e+000
9.933367500000e-004,-1.41817e+000
9.933507500000e-004,-1.41817e+000
9.933647500000e-004,-1.41817e+000
9.933787500000e-004,-1.41817e+000
9.933927500000e-004,-1.41817e+000
9.934067500000e-004,-1.41817e+000
9.934207500000e-004,-1.41817e+000
9.934347500000e-004,-1.41817e+000
9.934487500000e-004,-1.41817e+000
9.934627500000e-004,-1.44310e+000
9.934767500000e-004,-1.41817e+000
9.934907500000e-004,-1.41817e+000
9.935047500000e-004,-1.41817e+000
9.935187500000e-004,-1.41817e+000
9.935327500000e-004,-1.41817e+000
9.935467500000e-004,-1.41817e+000
9.935607500000e-004,-1.41817e+000
9.935747500000e-004,-1.44310e+000
9.935887500000e-004,-1.41817e+000
9.936027500000e-004,-1.44310e+000
9.936167500000e-004,-1.41817e+000
9.936307500000e-004,-1.41817e+000
9.936447500000e-004,-1.41817e+000
9.936587500000e-004,-1.41817e+000
9.936727500000e-004,-1.41817e+000
9.936867500000e-004,-1.41817e+000
9.937007500000e-004,-1.41817e+000
9.937147500000e-004,-1.41817e+000
9.937287500000e-004,-1.41817e+000
9.937427500000e-004,-1.44310e+000
9.937567500000e-004,-1.44310e+000
9.937707500000e-004,-1.41817e+000
9.937847500000e-004,-1.41817e+000
9.937987500000e-004,-1.44310e+000
9.938127500000e-004,-1.41817e+000
9.938267500000e-004,-1.41817e+000
9.938407500000e-004,-1.41817e+000
9.938547500000e-004,-1.41817e+000
9.938687500000e-004,-1.44310e+000
9.938827500000e-004,-1.44310e+000
9.938967500000e-004,-1.41817e+000
9.939107500000e-004,-1.44310e+000
9.939247500000e-004,-1.41817e+000
9.939387500000e-004,-1.41817e+000
9.939527500000e-004,-1.41817e+000
9.939667500000e-004,-1.41817e+000
9.939807500000e-004,-1.41817e+000
9.939947500000e-004,-1.41817e+000
9.940087500000e-004,-1.44310e+000
9.940227500000e-004,-1.41817e+000
9.940367500000e-004,-1.41817e+000
9.940507500000e-004,-1.44310e+000
9.940647500000e-004,-1.41817e+000
9.940787500000e-004,-1.41817e+000
9.940927500000e-004,-1.41817e+000
9.941067500000e-004,-1.41817e+000
9.941207500000e-004,-1.41817e+000
9.941347500000e-004,-1.41817e+000
9.941487500000e-004,-1.41817e+000
9.941627500000e-004,-1.41817e+000
9.941767500000e-004,-1.41817e+000
9.941907500000e-004,-1.41817e+000
9.942047500000e-004,-1.41817e+000
9.942187500000e-004,-1.41817e+000
9.942327500000e-004,-1.44310e+000
9.942467500000e-004,-1.41817e+000
9.942607500000e-004,-1.41817e+000
9.942747500000e-004,-1.41817e+000
9.942887500000e-004,-1.44310e+000
9.943027500000e-004,-1.44310e+000
9.943167500000e-004,-1.41817e+000
9.943307500000e-004,-1.41817e+000
9.943447500000e-004,-1.41817e+000
9.943587500000e-004,-1.41817e+000
9.943727500000e-004,-1.41817e+000
9.943867500000e-004,-1.44310e+000
9.944007500000e-004,-1.44310e+000
9.944147500000e-004,-1.41817e+000
9.944287500000e-004,-1.41817e+000
9.944427500000e-004,-1.41817e+000
9.944567500000e-004,-1.41817e+000
9.944707500000e-004,-1.41817e+000
9.944847500000e-004,-1.41817e+000
9.944987500000e-004,-1.41817e+000
9.945127500000e-004,-1.41817e+000
9.945267500000e-004,-1.41817e+000
9.945407500000e-004,-1.41817e+000
9.945547500000e-004,-1.41817e+000
9.945687500000e-004,-1.41817e+000
9.945827500000e-004,-1.41817e+000
9.945967500000e-004,-1.41817e+000
9.946107500000e-004,-1.41817e+000
9.946247500000e-004,-1.41817e+000
9.946387500000e-004,-1.41817e+000
9.946527500000e-004,-1.44310e+000
9.946667500000e-004,-1.41817e+000
9.946807500000e-004,-1.41817e+000
9.946947500000e-004,-1.41817e+000
9.947087500000e-004,-1.41817e+000
9.947227500000e-004,-1.44310e+000
9.947367500000e-004,-1.41817e+000
9.947507500000e-004,-1.41817e+000
9.947647500000e-004,-1.41817e+000
9.947787500000e-004,-1.41817e+000
9.947927500000e-004,-1.41817e+000
9.948067500000e-004,-1.44310e+000
9.948207500000e-004,-1.41817e+000
9.948347500000e-004,-1.44310e+000
9.948487500000e-004,-1.44310e+000
9.948627500000e-004,-1.41817e+000
9.948767500000e-004,-1.41817e+000
9.948907500000e-004,-1.41817e+000
9.949047500000e-004,-1.41817e+000
9.949187500000e-004,-1.41817e+000
9.949327500000e-004,-1.41817e+000
9.949467500000e-004,-1.41817e+000
9.949607500000e-004,-1.41817e+000
9.949747500000e-004,-1.41817e+000
9.949887500000e-004,-1.44310e+000
9.950027500000e-004,-1.41817e+000
9.950167500000e-004,-1.41817e+000
9.950307500000e-004,-1.41817e+000
9.950447500000e-004,-1.39325e+000
9.950587500000e-004,-1.44310e+000
9.950727500000e-004,-1.41817e+000
9.950867500000e-004,-1.41817e+000
9.951007500000e-004,-1.41817e+000
9.951147500000e-004,-1.41817e+000
9.951287500000e-004,-1.41817e+000
9.951427500000e-004,-1.41817e+000
9.951567500000e-004,-1.41817e+000
9.951707500000e-004,-1.41817e+000
9.951847500000e-004,-1.41817e+000
9.951987500000e-004,-1.44310e+000
9.952127500000e-004,-1.41817e+000
9.952267500000e-004,-1.44310e+000
9.952407500000e-004,-1.41817e+000
9.952547500000e-004,-1.41817e+000
9.952687500000e-004,-1.41817e+000
9.952827500000e-004,-1.41817e+000
9.952967500000e-004,-1.41817e+000
9.953107500000e-004,-1.41817e+000
9.953247500000e-004,-1.44310e+000
9.953387500000e-004,-1.41817e+000
9.953527500000e-004,-1.41817e+000
9.953667500000e-004,-1.41817e+000
9.953807500000e-004,-1.41817e+000
9.953947500000e-004,-1.44310e+000
9.954087500000e-004,-1.41817e+000
9.954227500000e-004,-1.44310e+000
9.954367500000e-004,-1.41817e+000
9.954507500000e-004,-1.44310e+000
9.954647500000e-004,-1.41817e+000
9.954787500000e-004,-1.44310e+000
9.954927500000e-004,-1.44310e+000
9.955067500000e-004,-1.41817e+000
9.955207500000e-004,-1.44310e+000
9.955347500000e-004,-1.41817e+000
9.955487500000e-004,-1.41817e+000
9.955627500000e-004,-1.44310e+000
9.955767500000e-004,-1.41817e+000
9.955907500000e-004,-1.41817e+000
9.956047500000e-004,-1.44310e+000
9.956187500000e-004,-1.41817e+000
9.956327500000e-004,-1.41817e+000
9.956467500000e-004,-1.44310e+000
9.956607500000e-004,-1.41817e+000
9.956747500000e-004,-1.41817e+000
9.956887500000e-004,-1.41817e+000
9.957027500000e-004,-1.41817e+000
9.957167500000e-004,-1.41817e+000
9.957307500000e-004,-1.44310e+000
9.957447500000e-004,-1.41817e+000
9.957587500000e-004,-1.41817e+000
9.957727500000e-004,-1.44310e+000
9.957867500000e-004,-1.41817e+000
9.958007500000e-004,-1.41817e+000
9.958147500000e-004,-1.41817e+000
9.958287500000e-004,-1.41817e+000
9.958427500000e-004,-1.41817e+000
9.958567500000e-004,-1.44310e+000
9.958707500000e-004,-1.41817e+000
9.958847500000e-004,-1.41817e+000
9.958987500000e-004,-1.41817e+000
9.959127500000e-004,-1.41817e+000
9.959267500000e-004,-1.41817e+000
9.959407500000e-004,-1.44310e+000
9.959547500000e-004,-1.41817e+000
9.959687500000e-004,-1.41817e+000
9.959827500000e-004,-1.44310e+000
9.959967500000e-004,-1.41817e+000
9.960107500000e-004,-1.41817e+000
9.960247500000e-004,-1.41817e+000
9.960387500000e-004,-1.44310e+000
9.960527500000e-004,-1.41817e+000
9.960667500000e-004,-1.44310e+000
9.960807500000e-004,-1.41817e+000
9.960947500000e-004,-1.41817e+000
9.961087500000e-004,-1.44310e+000
9.961227500000e-004,-1.41817e+000
9.961367500000e-004,-1.41817e+000
9.961507500000e-004,-1.41817e+000
9.961647500000e-004,-1.41817e+000
9.961787500000e-004,-1.41817e+000
9.961927500000e-004,-1.41817e+000
9.962067500000e-004,-1.44310e+000
9.962207500000e-004,-1.41817e+000
9.962347500000e-004,-1.41817e+000
9.962487500000e-004,-1.41817e+000
9.962627500000e-004,-1.44310e+000
9.962767500000e-004,-1.44310e+000
9.962907500000e-004,-1.41817e+000
9.963047500000e-004,-1.41817e+000
9.963187500000e-004,-1.44310e+000
9.963327500000e-004,-1.41817e+000
9.963467500000e-004,-1.41817e+000
9.963607500000e-004,-1.44310e+000
9.963747500000e-004,-1.41817e+000
9.963887500000e-004,-1.44310e+000
9.964027500000e-004,-1.44310e+000
9.964167500000e-004,-1.41817e+000
9.964307500000e-004,-1.44310e+000
9.964447500000e-004,-1.41817e+000
9.964587500000e-004,-1.44310e+000
9.964727500000e-004,-1.44310e+000
9.964867500000e-004,-1.41817e+000
9.965007500000e-004,-1.41817e+000
9.965147500000e-004,-1.41817e+000
9.965287500000e-004,-1.41817e+000
9.965427500000e-004,-1.41817e+000
9.965567500000e-004,-1.41817e+000
9.965707500000e-004,-1.41817e+000
9.965847500000e-004,-1.44310e+000
9.965987500000e-004,-1.41817e+000
9.966127500000e-004,-1.41817e+000
9.966267500000e-004,-1.41817e+000
9.966407500000e-004,-1.41817e+000
9.966547500000e-004,-1.44310e+000
9.966687500000e-004,-1.44310e+000
9.966827500000e-004,-1.41817e+000
9.966967500000e-004,-1.41817e+000
9.967107500000e-004,-1.41817e+000
9.967247500000e-004,-1.41817e+000
9.967387500000e-004,-1.41817e+000
9.967527500000e-004,-1.41817e+000
9.967667500000e-004,-1.41817e+000
9.967807500000e-004,-1.44310e+000
9.967947500000e-004,-1.41817e+000
9.968087500000e-004,-1.44310e+000
9.968227500000e-004,-1.41817e+000
9.968367500000e-004,-1.44310e+000
9.968507500000e-004,-1.41817e+000
9.968647500000e-004,-1.41817e+000
9.968787500000e-004,-1.41817e+000
9.968927500000e-004,-1.41817e+000
9.969067500000e-004,-1.41817e+000
9.969207500000e-004,-1.41817e+000
9.969347500000e-004,-1.41817e+000
9.969487500000e-004,-1.41817e+000
9.969627500000e-004,-1.41817e+000
9.969767500000e-004,-1.41817e+000
9.969907500000e-004,-1.41817e+000
9.970047500000e-004,-1.41817e+000
9.970187500000e-004,-1.41817e+000
9.970327500000e-004,-1.44310e+000
9.970467500000e-004,-1.44310e+000
9.970607500000e-004,-1.44310e+000
9.970747500000e-004,-1.44310e+000
9.970887500000e-004,-1.41817e+000
9.971027500000e-004,-1.41817e+000
9.971167500000e-004,-1.41817e+000
9.971307500000e-004,-1.41817e+000
9.971447500000e-004,-1.41817e+000
9.971587500000e-004,-1.41817e+000
9.971727500000e-004,-1.41817e+000
9.971867500000e-004,-1.41817e+000
9.972007500000e-004,-1.41817e+000
9.972147500000e-004,-1.44310e+000
9.972287500000e-004,-1.41817e+000
9.972427500000e-004,-1.41817e+000
9.972567500000e-004,-1.44310e+000
9.972707500000e-004,-1.41817e+000
9.972847500000e-004,-1.41817e+000
9.972987500000e-004,-1.41817e+000
9.973127500000e-004,-1.44310e+000
9.973267500000e-004,-1.41817e+000
9.973407500000e-004,-1.44310e+000
9.973547500000e-004,-1.41817e+000
9.973687500000e-004,-1.44310e+000
9.973827500000e-004,-1.41817e+000
9.973967500000e-004,-1.41817e+000
9.974107500000e-004,-1.41817e+000
9.974247500000e-004,-1.41817e+000
9.974387500000e-004,-1.44310e+000
9.974527500000e-004,-1.44310e+000
9.974667500000e-004,-1.44310e+000
9.974807500000e-004,-1.41817e+000
9.974947500000e-004,-1.44310e+000
9.975087500000e-004,-1.41817e+000
9.975227500000e-004,-1.41817e+000
9.975367500000e-004,-1.41817e+000
9.975507500000e-004,-1.44310e+000
9.975647500000e-004,-1.41817e+000
9.975787500000e-004,-1.44310e+000
9.975927500000e-004,-1.41817e+000
9.976067500000e-004,-1.44310e+000
9.976207500000e-004,-1.41817e+000
9.976347500000e-004,-1.44310e+000
9.976487500000e-004,-1.41817e+000
9.976627500000e-004,-1.44310e+000
9.976767500000e-004,-1.41817e+000
9.976907500000e-004,-1.41817e+000
9.977047500000e-004,-1.41817e+000
9.977187500000e-004,-1.44310e+000
9.977327500000e-004,-1.41817e+000
9.977467500000e-004,-1.41817e+000
9.977607500000e-004,-1.41817e+000
9.977747500000e-004,-1.41817e+000
9.977887500000e-004,-1.41817e+000
9.978027500000e-004,-1.41817e+000
9.978167500000e-004,-1.41817e+000
9.978307500000e-004,-1.41817e+000
9.978447500000e-004,-1.41817e+000
9.978587500000e-004,-1.44310e+000
9.978727500000e-004,-1.41817e+000
9.978867500000e-004,-1.44310e+000
9.979007500000e-004,-1.41817e+000
9.979147500000e-004,-1.41817e+000
9.979287500000e-004,-1.44310e+000
9.979427500000e-004,-1.41817e+000
9.979567500000e-004,-1.41817e+000
9.979707500000e-004,-1.41817e+000
9.979847500000e-004,-1.41817e+000
9.979987500000e-004,-1.41817e+000
9.980127500000e-004,-1.41817e+000
9.980267500000e-004,-1.41817e+000
9.980407500000e-004,-1.41817e+000
9.980547500000e-004,-1.41817e+000
9.980687500000e-004,-1.44310e+000
9.980827500000e-004,-1.41817e+000
9.980967500000e-004,-1.44310e+000
9.981107500000e-004,-1.41817e+000
9.981247500000e-004,-1.41817e+000
9.981387500000e-004,-1.44310e+000
9.981527500000e-004,-1.41817e+000
9.981667500000e-004,-1.41817e+000
9.981807500000e-004,-1.41817e+000
9.981947500000e-004,-1.41817e+000
9.982087500000e-004,-1.41817e+000
9.982227500000e-004,-1.41817e+000
9.982367500000e-004,-1.41817e+000
9.982507500000e-004,-1.41817e+000
9.982647500000e-004,-1.41817e+000
9.982787500000e-004,-1.41817e+000
9.982927500000e-004,-1.41817e+000
9.983067500000e-004,-1.44310e+000
9.983207500000e-004,-1.41817e+000
9.983347500000e-004,-1.41817e+000
9.983487500000e-004,-1.44310e+000
9.983627500000e-004,-1.41817e+000
9.983767500000e-004,-1.41817e+000
9.983907500000e-004,-1.44310e+000
9.984047500000e-004,-1.41817e+000
9.984187500000e-004,-1.41817e+000
9.984327500000e-004,-1.41817e+000
9.984467500000e-004,-1.41817e+000
9.984607500000e-004,-1.41817e+000
9.984747500000e-004,-1.41817e+000
9.984887500000e-004,-1.41817e+000
9.985027500000e-004,-1.41817e+000
9.985167500000e-004,-1.44310e+000
9.985307500000e-004,-1.41817e+000
9.985447500000e-004,-1.41817e+000
9.985587500000e-004,-1.44310e+000
9.985727500000e-004,-1.41817e+000
9.985867500000e-004,-1.41817e+000
9.986007500000e-004,-1.41817e+000
9.986147500000e-004,-1.41817e+000
9.986287500000e-004,-1.44310e+000
9.986427500000e-004,-1.41817e+000
9.986567500000e-004,-1.41817e+000
9.986707500000e-004,-1.41817e+000
9.986847500000e-004,-1.41817e+000
9.986987500000e-004,-1.41817e+000
9.987127500000e-004,-1.41817e+000
9.987267500000e-004,-1.41817e+000
9.987407500000e-004,-1.44310e+000
9.987547500000e-004,-1.41817e+000
9.987687500000e-004,-1.44310e+000
9.987827500000e-004,-1.44310e+000
9.987967500000e-004,-1.41817e+000
9.988107500000e-004,-1.41817e+000
9.988247500000e-004,-1.44310e+000
9.988387500000e-004,-1.41817e+000
9.988527500000e-004,-1.41817e+000
9.988667500000e-004,-1.41817e+000
9.988807500000e-004,-1.44310e+000
9.988947500000e-004,-1.44310e+000
9.989087500000e-004,-1.41817e+000
9.989227500000e-004,-1.41817e+000
9.989367500000e-004,-1.44310e+000
9.989507500000e-004,-1.44310e+000
9.989647500000e-004,-1.44310e+000
9.989787500000e-004,-1.41817e+000
9.989927500000e-004,-1.41817e+000
9.990067500000e-004,-1.41817e+000
9.990207500000e-004,-1.41817e+000
9.990347500000e-004,-1.41817e+000
9.990487500000e-004,-1.44310e+000
9.990627500000e-004,-1.41817e+000
9.990767500000e-004,-1.44310e+000
9.990907500000e-004,-1.41817e+000
9.991047500000e-004,-1.44310e+000
9.991187500000e-004,-1.44310e+000
9.991327500000e-004,-1.41817e+000
9.991467500000e-004,-1.41817e+000
9.991607500000e-004,-1.41817e+000
9.991747500000e-004,-1.41817e+000
9.991887500000e-004,-1.41817e+000
9.992027500000e-004,-1.41817e+000
9.992167500000e-004,-1.41817e+000
9.992307500000e-004,-1.41817e+000
9.992447500000e-004,-1.44310e+000
9.992587500000e-004,-1.41817e+000
9.992727500000e-004,-1.41817e+000
9.992867500000e-004,-1.41817e+000
9.993007500000e-004,-1.41817e+000
9.993147500000e-004,-1.41817e+000
9.993287500000e-004,-1.41817e+000
9.993427500000e-004,-1.41817e+000
9.993567500000e-004,-1.41817e+000
9.993707500000e-004,-1.44310e+000
9.993847500000e-004,-1.41817e+000
9.993987500000e-004,-1.41817e+000
9.994127500000e-004,-1.44310e+000
9.994267500000e-004,-1.41817e+000
9.994407500000e-004,-1.44310e+000
9.994547500000e-004,-1.41817e+000
9.994687500000e-004,-1.41817e+000
9.994827500000e-004,-1.41817e+000
9.994967500000e-004,-1.41817e+000
9.995107500000e-004,-1.41817e+000
9.995247500000e-004,-1.41817e+000
9.995387500000e-004,-1.41817e+000
9.995527500000e-004,-1.41817e+000
9.995667500000e-004,-1.44310e+000
9.995807500000e-004,-1.44310e+000
9.995947500000e-004,-1.41817e+000
9.996087500000e-004,-1.41817e+000
9.996227500000e-004,-1.41817e+000
9.996367500000e-004,-1.44310e+000
9.996507500000e-004,-1.41817e+000
9.996647500000e-004,-1.41817e+000
9.996787500000e-004,-1.41817e+000
9.996927500000e-004,-1.41817e+000
9.997067500000e-004,-1.44310e+000
9.997207500000e-004,-1.41817e+000
9.997347500000e-004,-1.41817e+000
9.997487500000e-004,-1.44310e+000
9.997627500000e-004,-1.44310e+000
9.997767500000e-004,-1.41817e+000
9.997907500000e-004,-1.41817e+000
9.998047500000e-004,-1.41817e+000
9.998187500000e-004,-1.41817e+000
9.998327500000e-004,-1.44310e+000
9.998467500000e-004,-1.41817e+000
9.998607500000e-004,-1.44310e+000
9.998747500000e-004,-1.41817e+000
9.998887500000e-004,-1.41817e+000
9.999027500000e-004,-1.41817e+000
9.999167500000e-004,-1.41817e+000
9.999307500000e-004,-1.41817e+000
9.999447500000e-004,-1.44310e+000
9.999587500000e-004,-1.41817e+000
9.999727500000e-004,-1.41817e+000
9.999867500000e-004, 2.76702e-001
1.000000750000e-003, 3.56675e+000
1.000014750000e-003, 1.77218e+000
1.000028750000e-003, 2.37037e+000
1.000042750000e-003, 2.44514e+000
1.000056750000e-003, 2.22082e+000
1.000070750000e-003, 2.42022e+000
1.000084750000e-003, 2.27067e+000
1.000098750000e-003, 2.34545e+000
1.000112750000e-003, 2.39530e+000
1.000126750000e-003, 2.29560e+000
1.000140750000e-003, 2.32052e+000
1.000154750000e-003, 2.37037e+000
1.000168750000e-003, 2.32052e+000
1.000182750000e-003, 2.29560e+000
1.000196750000e-003, 2.37037e+000
1.000210750000e-003, 2.34545e+000
1.000224750000e-003, 2.32052e+000
1.000238750000e-003, 2.32052e+000
1.000252750000e-003, 2.32052e+000
1.000266750000e-003, 2.29560e+000
1.000280750000e-003, 2.32052e+000
1.000294750000e-003, 2.32052e+000
1.000308750000e-003, 2.32052e+000
1.000322750000e-003, 2.32052e+000
1.000336750000e-003, 2.32052e+000
1.000350750000e-003, 2.32052e+000
1.000364750000e-003, 2.29560e+000
1.000378750000e-003, 2.32052e+000
1.000392750000e-003, 2.32052e+000
1.000406750000e-003, 2.29560e+000
1.000420750000e-003, 2.32052e+000
1.000434750000e-003, 2.32052e+000
1.000448750000e-003, 2.32052e+000
1.000462750000e-003, 2.29560e+000
1.000476750000e-003, 2.32052e+000
1.000490750000e-003, 2.29560e+000
1.000504750000e-003, 2.29560e+000
1.000518750000e-003, 2.32052e+000
1.000532750000e-003, 2.32052e+000
1.000546750000e-003, 2.29560e+000
1.000560750000e-003, 2.32052e+000
1.000574750000e-003, 2.32052e+000
1.000588750000e-003, 2.29560e+000
1.000602750000e-003, 2.32052e+000
1.000616750000e-003, 2.32052e+000
1.000630750000e-003, 2.32052e+000
1.000644750000e-003, 2.32052e+000
1.000658750000e-003, 2.32052e+000
1.000672750000e-003, 2.32052e+000
1.000686750000e-003, 2.29560e+000
1.000700750000e-003, 2.32052e+000
1.000714750000e-003, 2.29560e+000
1.000728750000e-003, 2.29560e+000
1.000742750000e-003, 2.32052e+000
1.000756750000e-003, 2.32052e+000
1.000770750000e-003, 2.29560e+000
1.000784750000e-003, 2.29560e+000
1.000798750000e-003, 2.32052e+000
1.000812750000e-003, 2.32052e+000
1.000826750000e-003, 2.32052e+000
1.000840750000e-003, 2.29560e+000
1.000854750000e-003, 2.29560e+000
1.000868750000e-003, 2.32052e+000
1.000882750000e-003, 2.29560e+000
1.000896750000e-003, 2.32052e+000
1.000910750000e-003, 2.32052e+000
1.000924750000e-003, 2.29560e+000
1.000938750000e-003, 2.29560e+000
1.000952750000e-003, 2.29560e+000
1.000966750000e-003, 2.29560e+000
1.000980750000e-003, 2.29560e+000
1.000994750000e-003, 2.29560e+000
1.001008750000e-003, 2.29560e+000
1.001022750000e-003, 2.29560e+000
1.001036750000e-003, 2.29560e+000
1.001050750000e-003, 2.29560e+000
1.001064750000e-003, 2.29560e+000
1.001078750000e-003, 2.29560e+000
1.001092750000e-003, 2.29560e+000
1.001106750000e-003, 2.29560e+000
1.001120750000e-003, 2.29560e+000
1.001134750000e-003, 2.32052e+000
1.001148750000e-003, 2.29560e+000
1.001162750000e-003, 2.29560e+000
1.001176750000e-003, 2.29560e+000
1.001190750000e-003, 2.29560e+000
1.001204750000e-003, 2.32052e+000
1.001218750000e-003, 2.29560e+000
1.001232750000e-003, 2.29560e+000
1.001246750000e-003, 2.29560e+000
1.001260750000e-003, 2.29560e+000
1.001274750000e-003, 2.29560e+000
1.001288750000e-003, 2.29560e+000
1.001302750000e-003, 2.29560e+000
1.001316750000e-003, 2.29560e+000
1.001330750000e-003, 2.29560e+000
1.001344750000e-003, 2.27067e+000
1.001358750000e-003, 2.29560e+000
1.001372750000e-003, 2.29560e+000
1.001386750000e-003, 2.29560e+000
1.001400750000e-003, 2.29560e+000
1.001414750000e-003, 2.32052e+000
1.001428750000e-003, 2.29560e+000
1.001442750000e-003, 2.27067e+000
1.001456750000e-003, 2.29560e+000
1.001470750000e-003, 2.29560e+000
1.001484750000e-003, 2.29560e+000
1.001498750000e-003, 2.29560e+000
1.001512750000e-003, 2.27067e+000
1.001526750000e-003, 2.29560e+000
1.001540750000e-003, 2.29560e+000
1.001554750000e-003, 2.29560e+000
1.001568750000e-003, 2.29560e+000
1.001582750000e-003, 2.29560e+000
1.001596750000e-003, 2.29560e+000
1.001610750000e-003, 2.27067e+000
1.001624750000e-003, 2.27067e+000
1.001638750000e-003, 2.29560e+000
1.001652750000e-003, 2.27067e+000
1.001666750000e-003, 2.29560e+000
1.001680750000e-003, 2.27067e+000
1.001694750000e-003, 2.29560e+000
1.001708750000e-003, 2.29560e+000
1.001722750000e-003, 2.27067e+000
1.001736750000e-003, 2.27067e+000
1.001750750000e-003, 2.27067e+000
1.001764750000e-003, 2.29560e+000
1.001778750000e-003, 2.29560e+000
1.001792750000e-003, 2.29560e+000
1.001806750000e-003, 2.27067e+000
1.001820750000e-003, 2.29560e+000
1.001834750000e-003, 2.29560e+000
1.001848750000e-003, 2.27067e+000
1.001862750000e-003, 2.27067e+000
1.001876750000e-003, 2.27067e+000
1.001890750000e-003, 2.27067e+000
1.001904750000e-003, 2.27067e+000
1.001918750000e-003, 2.29560e+000
1.001932750000e-003, 2.29560e+000
1.001946750000e-003, 2.27067e+000
1.001960750000e-003, 2.27067e+000
1.001974750000e-003, 2.27067e+000
1.001988750000e-003, 2.27067e+000
1.002002750000e-003, 2.27067e+000
1.002016750000e-003, 2.27067e+000
1.002030750000e-003, 2.27067e+000
1.002044750000e-003, 2.27067e+000
1.002058750000e-003, 2.27067e+000
1.002072750000e-003, 2.27067e+000
1.002086750000e-003, 2.27067e+000
1.002100750000e-003, 2.27067e+000
1.002114750000e-003, 2.27067e+000
1.002128750000e-003, 2.27067e+000
1.002142750000e-003, 2.27067e+000
1.002156750000e-003, 2.27067e+000
1.002170750000e-003, 2.27067e+000
1.002184750000e-003, 2.27067e+000
1.002198750000e-003, 2.27067e+000
1.002212750000e-003, 2.29560e+000
1.002226750000e-003, 2.27067e+000
1.002240750000e-003, 2.27067e+000
1.002254750000e-003, 2.27067e+000
1.002268750000e-003, 2.27067e+000
1.002282750000e-003, 2.27067e+000
1.002296750000e-003, 2.27067e+000
1.002310750000e-003, 2.27067e+000
1.002324750000e-003, 2.27067e+000
1.002338750000e-003, 2.27067e+000
1.002352750000e-003, 2.27067e+000
1.002366750000e-003, 2.27067e+000
1.002380750000e-003, 2.27067e+000
1.002394750000e-003, 2.27067e+000
1.002408750000e-003, 2.24575e+000
1.002422750000e-003, 2.27067e+000
1.002436750000e-003, 2.27067e+000
1.002450750000e-003, 2.27067e+000
1.002464750000e-003, 2.27067e+000
1.002478750000e-003, 2.27067e+000
1.002492750000e-003, 2.27067e+000
1.002506750000e-003, 2.27067e+000
1.002520750000e-003, 2.27067e+000
1.002534750000e-003, 2.27067e+000
1.002548750000e-003, 2.27067e+000
1.002562750000e-003, 2.27067e+000
1.002576750000e-003, 2.24575e+000
1.002590750000e-003, 2.27067e+000
1.002604750000e-003, 2.27067e+000
1.002618750000e-003, 2.24575e+000
1.002632750000e-003, 2.27067e+000
1.002646750000e-003, 2.27067e+000
1.002660750000e-003, 2.27067e+000
1.002674750000e-003, 2.27067e+000
1.002688750000e-003, 2.24575e+000
1.002702750000e-003, 2.24575e+000
1.002716750000e-003, 2.27067e+000
1.002730750000e-003, 2.27067e+000
1.002744750000e-003, 2.24575e+000
1.002758750000e-003, 2.27067e+000
1.002772750000e-003, 2.24575e+000
1.002786750000e-003, 2.24575e+000
1.002800750000e-003, 2.24575e+000
1.002814750000e-003, 2.24575e+000
1.002828750000e-003, 2.27067e+000
1.002842750000e-003, 2.24575e+000
1.002856750000e-003, 2.24575e+000
1.002870750000e-003, 2.27067e+000
1.002884750000e-003, 2.24575e+000
1.002898750000e-003, 2.24575e+000
1.002912750000e-003, 2.24575e+000
1.002926750000e-003, 2.24575e+000
1.002940750000e-003, 2.24575e+000
1.002954750000e-003, 2.24575e+000
1.002968750000e-003, 2.24575e+000
1.002982750000e-003, 2.24575e+000
1.002996750000e-003, 2.24575e+000
1.003010750000e-003, 2.24575e+000
1.003024750000e-003, 2.24575e+000
1.003038750000e-003, 2.24575e+000
1.003052750000e-003, 2.24575e+000
1.003066750000e-003, 2.24575e+000
1.003080750000e-003, 2.24575e+000
1.003094750000e-003, 2.24575e+000
1.003108750000e-003, 2.24575e+000
1.003122750000e-003, 2.24575e+000
1.003136750000e-003, 2.24575e+000
1.003150750000e-003, 2.24575e+000
1.003164750000e-003, 2.24575e+000
1.003178750000e-003, 2.24575e+000
1.003192750000e-003, 2.22082e+000
1.003206750000e-003, 2.24575e+000
1.003220750000e-003, 2.22082e+000
1.003234750000e-003, 2.24575e+000
1.003248750000e-003, 2.22082e+000
1.003262750000e-003, 2.24575e+000
1.003276750000e-003, 2.24575e+000
1.003290750000e-003, 2.22082e+000
1.003304750000e-003, 2.24575e+000
1.003318750000e-003, 2.24575e+000
1.003332750000e-003, 2.22082e+000
1.003346750000e-003, 2.24575e+000
1.003360750000e-003, 2.22082e+000
1.003374750000e-003, 2.24575e+000
1.003388750000e-003, 2.22082e+000
1.003402750000e-003, 2.22082e+000
1.003416750000e-003, 2.22082e+000
1.003430750000e-003, 2.24575e+000
1.003444750000e-003, 2.24575e+000
1.003458750000e-003, 2.24575e+000
1.003472750000e-003, 2.24575e+000
1.003486750000e-003, 2.22082e+000
1.003500750000e-003, 2.22082e+000
1.003514750000e-003, 2.22082e+000
1.003528750000e-003, 2.22082e+000
1.003542750000e-003, 2.22082e+000
1.003556750000e-003, 2.22082e+000
1.003570750000e-003, 2.22082e+000
1.003584750000e-003, 2.22082e+000
1.003598750000e-003, 2.22082e+000
1.003612750000e-003, 2.19590e+000
1.003626750000e-003, 2.22082e+000
1.003640750000e-003, 2.19590e+000
1.003654750000e-003, 2.22082e+000
1.003668750000e-003, 2.22082e+000
1.003682750000e-003, 2.22082e+000
1.003696750000e-003, 2.22082e+000
1.003710750000e-003, 2.22082e+000
1.003724750000e-003, 2.22082e+000
1.003738750000e-003, 2.22082e+000
1.003752750000e-003, 2.19590e+000
1.003766750000e-003, 2.19590e+000
1.003780750000e-003, 2.19590e+000
1.003794750000e-003, 2.22082e+000
1.003808750000e-003, 2.19590e+000
1.003822750000e-003, 2.22082e+000
1.003836750000e-003, 2.19590e+000
1.003850750000e-003, 2.19590e+000
1.003864750000e-003, 2.19590e+000
1.003878750000e-003, 2.19590e+000
1.003892750000e-003, 2.19590e+000
1.003906750000e-003, 2.19590e+000
1.003920750000e-003, 2.17097e+000
1.003934750000e-003, 2.17097e+000
1.003948750000e-003, 2.17097e+000
1.003962750000e-003, 2.17097e+000
1.003976750000e-003, 2.17097e+000
1.003990750000e-003, 2.19590e+000
1.004004750000e-003, 2.17097e+000
1.004018750000e-003, 2.17097e+000
1.004032750000e-003, 2.17097e+000
1.004046750000e-003, 2.17097e+000
1.004060750000e-003, 2.17097e+000
1.004074750000e-003, 2.14605e+000
1.004088750000e-003, 2.14605e+000
1.004102750000e-003, 2.14605e+000
1.004116750000e-003, 2.14605e+000
1.004130750000e-003, 2.14605e+000
1.004144750000e-003, 2.14605e+000
1.004158750000e-003, 2.14605e+000
1.004172750000e-003, 2.14605e+000
1.004186750000e-003, 2.12112e+000
1.004200750000e-003, 2.12112e+000
1.004214750000e-003, 2.09620e+000
1.004228750000e-003, 2.12112e+000
1.004242750000e-003, 2.12112e+000
1.004256750000e-003, 2.09620e+000
1.004270750000e-003, 2.09620e+000
1.004284750000e-003, 2.09620e+000
1.004298750000e-003, 2.09620e+000
1.004312750000e-003, 2.09620e+000
1.004326750000e-003, 2.09620e+000
1.004340750000e-003, 2.07128e+000
1.004354750000e-003, 2.07128e+000
1.004368750000e-003, 2.07128e+000
1.004382750000e-003, 2.04635e+000
1.004396750000e-003, 2.04635e+000
1.004410750000e-003, 2.04635e+000
1.004424750000e-003, 2.02143e+000
1.004438750000e-003, 2.02143e+000
1.004452750000e-003, 2.02143e+000
1.004466750000e-003, 2.02143e+000
1.004480750000e-003, 1.99650e+000
1.004494750000e-003, 1.99650e+000
1.004508750000e-003, 1.99650e+000
1.004522750000e-003, 1.97158e+000
1.004536750000e-003, 1.97158e+000
1.004550750000e-003, 1.94665e+000
1.004564750000e-003, 1.94665e+000
1.004578750000e-003, 1.94665e+000
1.004592750000e-003, 1.92173e+000
1.004606750000e-003, 1.92173e+000
1.004620750000e-003, 1.92173e+000
1.004634750000e-003, 1.89680e+000
1.004648750000e-003, 1.89680e+000
1.004662750000e-003, 1.87188e+000
1.004676750000e-003, 1.87188e+000
1.004690750000e-003, 1.84695e+000
1.004704750000e-003, 1.87188e+000
1.004718750000e-003, 1.84695e+000
1.004732750000e-003, 1.82203e+000
1.004746750000e-003, 1.82203e+000
1.004760750000e-003, 1.82203e+000
1.004774750000e-003, 1.79710e+000
1.004788750000e-003, 1.82203e+000
1.004802750000e-003, 1.79710e+000
1.004816750000e-003, 1.79710e+000
1.004830750000e-003, 1.77218e+000
1.004844750000e-003, 1.77218e+000
1.004858750000e-003, 1.74725e+000
1.004872750000e-003, 1.74725e+000
1.004886750000e-003, 1.74725e+000
1.004900750000e-003, 1.72233e+000
1.004914750000e-003, 1.72233e+000
1.004928750000e-003, 1.72233e+000
1.004942750000e-003, 1.69741e+000
1.004956750000e-003, 1.69741e+000
1.004970750000e-003, 1.67248e+000
1.004984750000e-003, 1.67248e+000
1.004998750000e-003, 1.67248e+000
1.005012750000e-003, 1.67248e+000
1.005026750000e-003, 1.64756e+000
1.005040750000e-003, 1.62263e+000
1.005054750000e-003, 1.62263e+000
1.005068750000e-003, 1.62263e+000
1.005082750000e-003, 1.59771e+000
1.005096750000e-003, 1.59771e+000
1.005110750000e-003, 1.59771e+000
1.005124750000e-003, 1.59771e+000
1.005138750000e-003, 1.57278e+000
1.005152750000e-003, 1.54786e+000
1.005166750000e-003, 1.54786e+000
1.005180750000e-003, 1.54786e+000
1.005194750000e-003, 1.52293e+000
1.005208750000e-003, 1.52293e+000
1.005222750000e-003, 1.52293e+000
1.005236750000e-003, 1.49801e+000
1.005250750000e-003, 1.49801e+000
1.005264750000e-003, 1.49801e+000
1.005278750000e-003, 1.49801e+000
1.005292750000e-003, 1.47308e+000
1.005306750000e-003, 1.47308e+000
1.005320750000e-003, 1.44816e+000
1.005334750000e-003, 1.44816e+000
1.005348750000e-003, 1.44816e+000
1.005362750000e-003, 1.42323e+000
1.005376750000e-003, 1.44816e+000
1.005390750000e-003, 1.42323e+000
1.005404750000e-003, 1.42323e+000
1.005418750000e-003, 1.42323e+000
1.005432750000e-003, 1.39831e+000
1.005446750000e-003, 1.37339e+000
1.005460750000e-003, 1.37339e+000
1.005474750000e-003, 1.37339e+000
1.005488750000e-003, 1.34846e+000
1.005502750000e-003, 1.34846e+000
1.005516750000e-003, 1.34846e+000
1.005530750000e-003, 1.34846e+000
1.005544750000e-003, 1.32354e+000
1.005558750000e-003, 1.32354e+000
1.005572750000e-003, 1.32354e+000
1.005586750000e-003, 1.29861e+000
1.005600750000e-003, 1.29861e+000
1.005614750000e-003, 1.29861e+000
1.005628750000e-003, 1.29861e+000
1.005642750000e-003, 1.27369e+000
1.005656750000e-003, 1.27369e+000
1.005670750000e-003, 1.27369e+000
1.005684750000e-003, 1.27369e+000
1.005698750000e-003, 1.24876e+000
1.005712750000e-003, 1.24876e+000
1.005726750000e-003, 1.24876e+000
1.005740750000e-003, 1.22384e+000
1.005754750000e-003, 1.22384e+000
1.005768750000e-003, 1.22384e+000
1.005782750000e-003, 1.22384e+000
1.005796750000e-003, 1.19891e+000
1.005810750000e-003, 1.19891e+000
1.005824750000e-003, 1.17399e+000
1.005838750000e-003, 1.19891e+000
1.005852750000e-003, 1.19891e+000
1.005866750000e-003, 1.17399e+000
1.005880750000e-003, 1.17399e+000
1.005894750000e-003, 1.17399e+000
1.005908750000e-003, 1.14906e+000
1.005922750000e-003, 1.17399e+000
1.005936750000e-003, 1.14906e+000
1.005950750000e-003, 1.14906e+000
1.005964750000e-003, 1.14906e+000
1.005978750000e-003, 1.12414e+000
1.005992750000e-003, 1.12414e+000
1.006006750000e-003, 1.12414e+000
1.006020750000e-003, 1.12414e+000
1.006034750000e-003, 1.09921e+000
1.006048750000e-003, 1.09921e+000
1.006062750000e-003, 1.09921e+000
1.006076750000e-003, 1.09921e+000
1.006090750000e-003, 1.07429e+000
1.006104750000e-003, 1.07429e+000
1.006118750000e-003, 1.07429e+000
1.006132750000e-003, 1.07429e+000
1.006146750000e-003, 1.07429e+000
1.006160750000e-003, 1.07429e+000
1.006174750000e-003, 1.07429e+000
1.006188750000e-003, 1.07429e+000
1.006202750000e-003, 1.04937e+000
1.006216750000e-003, 1.04937e+000
1.006230750000e-003, 1.02444e+000
1.006244750000e-003, 1.02444e+000
1.006258750000e-003, 1.02444e+000
1.006272750000e-003, 1.02444e+000
1.006286750000e-003, 1.02444e+000
1.006300750000e-003, 1.02444e+000
1.006314750000e-003, 9.99516e-001
1.006328750000e-003, 9.99516e-001
1.006342750000e-003, 9.99516e-001
1.006356750000e-003, 9.99516e-001
1.006370750000e-003, 9.99516e-001
1.006384750000e-003, 9.99516e-001
1.006398750000e-003, 9.74592e-001
1.006412750000e-003, 9.74592e-001
1.006426750000e-003, 9.74592e-001
1.006440750000e-003, 9.74592e-001
1.006454750000e-003, 9.74592e-001
1.006468750000e-003, 9.49667e-001
1.006482750000e-003, 9.49667e-001
1.006496750000e-003, 9.49667e-001
1.006510750000e-003, 9.24742e-001
1.006524750000e-003, 9.49667e-001
1.006538750000e-003, 9.24742e-001
1.006552750000e-003, 9.49667e-001
1.006566750000e-003, 9.24742e-001
1.006580750000e-003, 9.24742e-001
1.006594750000e-003, 9.24742e-001
1.006608750000e-003, 9.24742e-001
1.006622750000e-003, 9.24742e-001
1.006636750000e-003, 9.24742e-001
1.006650750000e-003, 8.99818e-001
1.006664750000e-003, 8.99818e-001
1.006678750000e-003, 8.99818e-001
1.006692750000e-003, 9.24742e-001
1.006706750000e-003, 8.99818e-001
1.006720750000e-003, 8.99818e-001
1.006734750000e-003, 8.99818e-001
1.006748750000e-003, 8.99818e-001
1.006762750000e-003, 8.74893e-001
1.006776750000e-003, 8.74893e-001
1.006790750000e-003, 8.74893e-001
1.006804750000e-003, 8.74893e-001
1.006818750000e-003, 8.74893e-001
1.006832750000e-003, 8.74893e-001
1.006846750000e-003, 8.49969e-001
1.006860750000e-003, 8.74893e-001
1.006874750000e-003, 8.49969e-001
1.006888750000e-003, 8.49969e-001
1.006902750000e-003, 8.49969e-001
1.006916750000e-003, 8.49969e-001
1.006930750000e-003, 8.49969e-001
1.006944750000e-003, 8.25044e-001
1.006958750000e-003, 8.25044e-001
1.006972750000e-003, 8.25044e-001
1.006986750000e-003, 8.25044e-001
1.007000750000e-003, 8.25044e-001
1.007014750000e-003, 8.25044e-001
1.007028750000e-003, 8.49969e-001
1.007042750000e-003, 8.25044e-001
1.007056750000e-003, 8.25044e-001
1.007070750000e-003, 8.25044e-001
1.007084750000e-003, 8.25044e-001
1.007098750000e-003, 8.00119e-001
1.007112750000e-003, 8.00119e-001
1.007126750000e-003, 8.00119e-001
1.007140750000e-003, 8.00119e-001
1.007154750000e-003, 7.75195e-001
1.007168750000e-003, 8.00119e-001
1.007182750000e-003, 7.75195e-001
1.007196750000e-003, 8.00119e-001
1.007210750000e-003, 8.00119e-001
1.007224750000e-003, 7.75195e-001
1.007238750000e-003, 7.75195e-001
1.007252750000e-003, 8.00119e-001
1.007266750000e-003, 7.75195e-001
1.007280750000e-003, 7.75195e-001
1.007294750000e-003, 7.75195e-001
1.007308750000e-003, 7.50270e-001
1.007322750000e-003, 7.75195e-001
1.007336750000e-003, 7.50270e-001
1.007350750000e-003, 7.50270e-001
1.007364750000e-003, 7.75195e-001
1.007378750000e-003, 7.50270e-001
1.007392750000e-003, 7.50270e-001
1.007406750000e-003, 7.50270e-001
1.007420750000e-003, 7.50270e-001
1.007434750000e-003, 7.25345e-001
1.007448750000e-003, 7.25345e-001
1.007462750000e-003, 7.25345e-001
1.007476750000e-003, 7.25345e-001
1.007490750000e-003, 7.50270e-001
1.007504750000e-003, 7.25345e-001
1.007518750000e-003, 7.25345e-001
1.007532750000e-003, 7.25345e-001
1.007546750000e-003, 7.50270e-001
1.007560750000e-003, 7.25345e-001
1.007574750000e-003, 7.25345e-001
1.007588750000e-003, 7.25345e-001
1.007602750000e-003, 7.00421e-001
1.007616750000e-003, 7.00421e-001
1.007630750000e-003, 7.00421e-001
1.007644750000e-003, 7.00421e-001
1.007658750000e-003, 7.00421e-001
1.007672750000e-003, 7.00421e-001
1.007686750000e-003, 6.75496e-001
1.007700750000e-003, 7.00421e-001
1.007714750000e-003, 7.00421e-001
1.007728750000e-003, 6.75496e-001
1.007742750000e-003, 7.00421e-001
1.007756750000e-003, 7.00421e-001
1.007770750000e-003, 6.75496e-001
1.007784750000e-003, 6.75496e-001
1.007798750000e-003, 6.75496e-001
1.007812750000e-003, 6.75496e-001
1.007826750000e-003, 6.75496e-001
1.007840750000e-003, 6.75496e-001
1.007854750000e-003, 6.75496e-001
1.007868750000e-003, 6.75496e-001
1.007882750000e-003, 6.75496e-001
1.007896750000e-003, 6.50572e-001
1.007910750000e-003, 6.50572e-001
1.007924750000e-003, 6.50572e-001
1.007938750000e-003, 6.50572e-001
1.007952750000e-003, 6.50572e-001
1.007966750000e-003, 6.50572e-001
1.007980750000e-003, 6.50572e-001
1.007994750000e-003, 6.50572e-001
1.008008750000e-003, 6.25647e-001
1.008022750000e-003, 6.25647e-001
1.008036750000e-003, 6.25647e-001
1.008050750000e-003, 6.25647e-001
1.008064750000e-003, 6.25647e-001
1.008078750000e-003, 6.25647e-001
1.008092750000e-003, 6.25647e-001
1.008106750000e-003, 6.25647e-001
1.008120750000e-003, 6.25647e-001
1.008134750000e-003, 6.25647e-001
1.008148750000e-003, 6.25647e-001
1.008162750000e-003, 6.25647e-001
1.008176750000e-003, 6.25647e-001
1.008190750000e-003, 6.25647e-001
1.008204750000e-003, 6.00722e-001
1.008218750000e-003, 6.25647e-001
1.008232750000e-003, 6.00722e-001
1.008246750000e-003, 6.25647e-001
1.008260750000e-003, 6.00722e-001
1.008274750000e-003, 6.00722e-001
1.008288750000e-003, 6.00722e-001
1.008302750000e-003, 6.00722e-001
1.008316750000e-003, 6.00722e-001
1.008330750000e-003, 6.00722e-001
1.008344750000e-003, 6.00722e-001
1.008358750000e-003, 6.00722e-001
1.008372750000e-003, 6.00722e-001
1.008386750000e-003, 6.00722e-001
1.008400750000e-003, 6.00722e-001
1.008414750000e-003, 5.75798e-001
1.008428750000e-003, 6.00722e-001
1.008442750000e-003, 5.75798e-001
1.008456750000e-003, 5.75798e-001
1.008470750000e-003, 5.75798e-001
1.008484750000e-003, 5.75798e-001
1.008498750000e-003, 5.75798e-001
1.008512750000e-003, 5.75798e-001
1.008526750000e-003, 5.75798e-001
1.008540750000e-003, 5.75798e-001
1.008554750000e-003, 5.75798e-001
1.008568750000e-003, 5.50873e-001
1.008582750000e-003, 5.50873e-001
1.008596750000e-003, 5.75798e-001
1.008610750000e-003, 5.50873e-001
1.008624750000e-003, 5.50873e-001
1.008638750000e-003, 5.50873e-001
1.008652750000e-003, 5.50873e-001
1.008666750000e-003, 5.50873e-001
1.008680750000e-003, 5.75798e-001
1.008694750000e-003, 5.50873e-001
1.008708750000e-003, 5.50873e-001
1.008722750000e-003, 5.50873e-001
1.008736750000e-003, 5.50873e-001
1.008750750000e-003, 5.50873e-001
1.008764750000e-003, 5.50873e-001
1.008778750000e-003, 5.50873e-001
1.008792750000e-003, 5.50873e-001
1.008806750000e-003, 5.50873e-001
1.008820750000e-003, 5.50873e-001
1.008834750000e-003, 5.50873e-001
1.008848750000e-003, 5.25949e-001
1.008862750000e-003, 5.25949e-001
1.008876750000e-003, 5.25949e-001
1.008890750000e-003, 5.25949e-001
1.008904750000e-003, 5.25949e-001
1.008918750000e-003, 5.25949e-001
1.008932750000e-003, 5.25949e-001
1.008946750000e-003, 5.25949e-001
1.008960750000e-003, 5.25949e-001
1.008974750000e-003, 5.25949e-001
1.008988750000e-003, 5.25949e-001
1.009002750000e-003, 5.25949e-001
1.009016750000e-003, 5.25949e-001
1.009030750000e-003, 5.01024e-001
1.009044750000e-003, 5.01024e-001
1.009058750000e-003, 5.01024e-001
1.009072750000e-003, 5.01024e-001
1.009086750000e-003, 5.01024e-001
1.009100750000e-003, 5.25949e-001
1.009114750000e-003, 5.01024e-001
1.009128750000e-003, 5.25949e-001
1.009142750000e-003, 5.01024e-001
1.009156750000e-003, 5.01024e-001
1.009170750000e-003, 5.01024e-001
1.009184750000e-003, 5.01024e-001
1.009198750000e-003, 5.01024e-001
1.009212750000e-003, 5.01024e-001
1.009226750000e-003, 5.01024e-001
1.009240750000e-003, 5.01024e-001
1.009254750000e-003, 4.76099e-001
1.009268750000e-003, 5.01024e-001
1.009282750000e-003, 5.01024e-001
1.009296750000e-003, 4.76099e-001
1.009310750000e-003, 5.01024e-001
1.009324750000e-003, 4.76099e-001
1.009338750000e-003, 4.76099e-001
1.009352750000e-003, 4.76099e-001
1.009366750000e-003, 4.76099e-001
1.009380750000e-003, 4.76099e-001
1.009394750000e-003, 4.76099e-001
1.009408750000e-003, 4.76099e-001
1.009422750000e-003, 4.51175e-001
1.009436750000e-003, 4.76099e-001
1.009450750000e-003, 4.76099e-001
1.009464750000e-003, 4.76099e-001
1.009478750000e-003, 4.76099e-001
1.009492750000e-003, 4.76099e-001
1.009506750000e-003, 4.76099e-001
1.009520750000e-003, 4.76099e-001
1.009534750000e-003, 4.76099e-001
1.009548750000e-003, 4.51175e-001
1.009562750000e-003, 4.76099e-001
1.009576750000e-003, 4.76099e-001
1.009590750000e-003, 4.51175e-001
1.009604750000e-003, 4.51175e-001
1.009618750000e-003, 4.51175e-001
1.009632750000e-003, 4.51175e-001
1.009646750000e-003, 4.51175e-001
1.009660750000e-003, 4.51175e-001
1.009674750000e-003, 4.26250e-001
1.009688750000e-003, 4.51175e-001
1.009702750000e-003, 4.51175e-001
1.009716750000e-003, 4.51175e-001
1.009730750000e-003, 4.51175e-001
1.009744750000e-003, 4.26250e-001
1.009758750000e-003, 4.51175e-001
1.009772750000e-003, 4.51175e-001
1.009786750000e-003, 4.51175e-001
1.009800750000e-003, 4.26250e-001
1.009814750000e-003, 4.51175e-001
1.009828750000e-003, 4.26250e-001
1.009842750000e-003, 4.51175e-001
1.009856750000e-003, 4.26250e-001
1.009870750000e-003, 4.26250e-001
1.009884750000e-003, 4.26250e-001
1.009898750000e-003, 4.51175e-001
1.009912750000e-003, 4.26250e-001
1.009926750000e-003, 4.26250e-001
1.009940750000e-003, 4.51175e-001
1.009954750000e-003, 4.26250e-001
1.009968750000e-003, 4.26250e-001
1.009982750000e-003, 4.26250e-001
1.009996750000e-003, 4.26250e-001
1.010010750000e-003, 4.26250e-001
1.010024750000e-003, 4.26250e-001
1.010038750000e-003, 4.26250e-001
1.010052750000e-003, 4.01325e-001
1.010066750000e-003, 4.26250e-001
1.010080750000e-003, 4.26250e-001
1.010094750000e-003, 4.01325e-001
1.010108750000e-003, 4.26250e-001
1.010122750000e-003, 4.26250e-001
1.010136750000e-003, 4.01325e-001
1.010150750000e-003, 4.01325e-001
1.010164750000e-003, 4.26250e-001
1.010178750000e-003, 4.01325e-001
1.010192750000e-003, 4.01325e-001
1.010206750000e-003, 4.01325e-001
1.010220750000e-003, 4.01325e-001
1.010234750000e-003, 4.01325e-001
1.010248750000e-003, 4.01325e-001
1.010262750000e-003, 4.01325e-001
1.010276750000e-003, 4.01325e-001
1.010290750000e-003, 4.01325e-001
1.010304750000e-003, 4.01325e-001
1.010318750000e-003, 4.01325e-001
1.010332750000e-003, 4.01325e-001
1.010346750000e-003, 3.76401e-001
1.010360750000e-003, 3.76401e-001
1.010374750000e-003, 4.01325e-001
1.010388750000e-003, 4.01325e-001
1.010402750000e-003, 4.01325e-001
1.010416750000e-003, 4.01325e-001
1.010430750000e-003, 3.76401e-001
1.010444750000e-003, 4.01325e-001
1.010458750000e-003, 3.76401e-001
1.010472750000e-003, 3.76401e-001
1.010486750000e-003, 3.76401e-001
1.010500750000e-003, 3.76401e-001
1.010514750000e-003, 3.76401e-001
1.010528750000e-003, 3.76401e-001
1.010542750000e-003, 3.76401e-001
1.010556750000e-003, 3.76401e-001
1.010570750000e-003, 3.76401e-001
1.010584750000e-003, 3.76401e-001
1.010598750000e-003, 3.51476e-001
1.010612750000e-003, 3.76401e-001
1.010626750000e-003, 3.76401e-001
1.010640750000e-003, 3.76401e-001
1.010654750000e-003, 3.76401e-001
1.010668750000e-003, 3.76401e-001
1.010682750000e-003, 3.76401e-001
1.010696750000e-003, 3.76401e-001
1.010710750000e-003, 3.76401e-001
1.010724750000e-003, 3.76401e-001
1.010738750000e-003, 3.76401e-001
1.010752750000e-003, 3.76401e-001
1.010766750000e-003, 3.51476e-001
1.010780750000e-003, 3.76401e-001
1.010794750000e-003, 3.76401e-001
1.010808750000e-003, 3.51476e-001
1.010822750000e-003, 3.76401e-001
1.010836750000e-003, 3.76401e-001
1.010850750000e-003, 3.51476e-001
1.010864750000e-003, 3.51476e-001
1.010878750000e-003, 3.51476e-001
1.010892750000e-003, 3.51476e-001
1.010906750000e-003, 3.51476e-001
1.010920750000e-003, 3.51476e-001
1.010934750000e-003, 3.51476e-001
1.010948750000e-003, 3.51476e-001
1.010962750000e-003, 3.51476e-001
1.010976750000e-003, 3.51476e-001
1.010990750000e-003, 3.51476e-001
1.011004750000e-003, 3.51476e-001
1.011018750000e-003, 3.51476e-001
1.011032750000e-003, 3.26552e-001
1.011046750000e-003, 3.51476e-001
1.011060750000e-003, 3.51476e-001
1.011074750000e-003, 3.51476e-001
1.011088750000e-003, 3.51476e-001
1.011102750000e-003, 3.51476e-001
1.011116750000e-003, 3.51476e-001
1.011130750000e-003, 3.51476e-001
1.011144750000e-003, 3.26552e-001
1.011158750000e-003, 3.51476e-001
1.011172750000e-003, 3.51476e-001
1.011186750000e-003, 3.51476e-001
1.011200750000e-003, 3.26552e-001
1.011214750000e-003, 3.26552e-001
1.011228750000e-003, 3.26552e-001
1.011242750000e-003, 3.51476e-001
1.011256750000e-003, 3.26552e-001
1.011270750000e-003, 3.26552e-001
1.011284750000e-003, 3.26552e-001
1.011298750000e-003, 3.26552e-001
1.011312750000e-003, 3.26552e-001
1.011326750000e-003, 3.26552e-001
1.011340750000e-003, 3.26552e-001
1.011354750000e-003, 3.26552e-001
1.011368750000e-003, 3.26552e-001
1.011382750000e-003, 3.26552e-001
1.011396750000e-003, 3.26552e-001
1.011410750000e-003, 3.26552e-001
1.011424750000e-003, 3.26552e-001
1.011438750000e-003, 3.01627e-001
1.011452750000e-003, 3.26552e-001
1.011466750000e-003, 3.26552e-001
1.011480750000e-003, 3.26552e-001
1.011494750000e-003, 3.01627e-001
1.011508750000e-003, 3.26552e-001
1.011522750000e-003, 3.01627e-001
1.011536750000e-003, 3.01627e-001
1.011550750000e-003, 3.01627e-001
1.011564750000e-003, 3.26552e-001
1.011578750000e-003, 3.01627e-001
1.011592750000e-003, 3.01627e-001
1.011606750000e-003, 3.01627e-001
1.011620750000e-003, 3.01627e-001
1.011634750000e-003, 3.01627e-001
1.011648750000e-003, 3.26552e-001
1.011662750000e-003, 3.01627e-001
1.011676750000e-003, 3.01627e-001
1.011690750000e-003, 3.01627e-001
1.011704750000e-003, 3.01627e-001
1.011718750000e-003, 3.01627e-001
1.011732750000e-003, 3.26552e-001
1.011746750000e-003, 3.01627e-001
1.011760750000e-003, 3.01627e-001
1.011774750000e-003, 3.01627e-001
1.011788750000e-003, 3.01627e-001
1.011802750000e-003, 3.01627e-001
1.011816750000e-003, 3.01627e-001
1.011830750000e-003, 3.01627e-001
1.011844750000e-003, 3.01627e-001
1.011858750000e-003, 3.01627e-001
1.011872750000e-003, 2.76702e-001
1.011886750000e-003, 3.01627e-001
1.011900750000e-003, 3.01627e-001
1.011914750000e-003, 3.01627e-001
1.011928750000e-003, 3.01627e-001
1.011942750000e-003, 3.01627e-001
1.011956750000e-003, 3.01627e-001
1.011970750000e-003, 2.76702e-001
1.011984750000e-003, 2.76702e-001
1.011998750000e-003, 2.76702e-001
1.012012750000e-003, 3.01627e-001
1.012026750000e-003, 3.01627e-001
1.012040750000e-003, 2.76702e-001
1.012054750000e-003, 2.76702e-001
1.012068750000e-003, 2.76702e-001
1.012082750000e-003, 2.76702e-001
1.012096750000e-003, 3.01627e-001
1.012110750000e-003, 2.76702e-001
1.012124750000e-003, 2.76702e-001
1.012138750000e-003, 3.01627e-001
1.012152750000e-003, 3.01627e-001
1.012166750000e-003, 2.76702e-001
1.012180750000e-003, 2.76702e-001
1.012194750000e-003, 2.76702e-001
1.012208750000e-003, 2.76702e-001
1.012222750000e-003, 2.76702e-001
1.012236750000e-003, 2.76702e-001
1.012250750000e-003, 2.76702e-001
1.012264750000e-003, 2.76702e-001
1.012278750000e-003, 2.76702e-001
1.012292750000e-003, 2.76702e-001
1.012306750000e-003, 2.76702e-001
1.012320750000e-003, 2.76702e-001
1.012334750000e-003, 2.51778e-001
1.012348750000e-003, 2.76702e-001
1.012362750000e-003, 2.51778e-001
1.012376750000e-003, 2.51778e-001
1.012390750000e-003, 2.51778e-001
1.012404750000e-003, 2.76702e-001
1.012418750000e-003, 2.51778e-001
1.012432750000e-003, 2.51778e-001
1.012446750000e-003, 2.51778e-001
1.012460750000e-003, 2.51778e-001
1.012474750000e-003, 2.76702e-001
1.012488750000e-003, 2.76702e-001
1.012502750000e-003, 2.51778e-001
1.012516750000e-003, 2.76702e-001
1.012530750000e-003, 2.51778e-001
1.012544750000e-003, 2.51778e-001
1.012558750000e-003, 2.51778e-001
1.012572750000e-003, 2.76702e-001
1.012586750000e-003, 2.51778e-001
1.012600750000e-003, 2.51778e-001
1.012614750000e-003, 2.76702e-001
1.012628750000e-003, 2.51778e-001
1.012642750000e-003, 2.76702e-001
1.012656750000e-003, 2.51778e-001
1.012670750000e-003, 2.51778e-001
1.012684750000e-003, 2.51778e-001
1.012698750000e-003, 2.76702e-001
1.012712750000e-003, 2.51778e-001
1.012726750000e-003, 2.51778e-001
1.012740750000e-003, 2.51778e-001
1.012754750000e-003, 2.26853e-001
1.012768750000e-003, 2.26853e-001
1.012782750000e-003, 2.51778e-001
1.012796750000e-003, 2.51778e-001
1.012810750000e-003, 2.51778e-001
1.012824750000e-003, 2.51778e-001
1.012838750000e-003, 2.51778e-001
1.012852750000e-003, 2.51778e-001
1.012866750000e-003, 2.51778e-001
1.012880750000e-003, 2.51778e-001
1.012894750000e-003, 2.26853e-001
1.012908750000e-003, 2.51778e-001
1.012922750000e-003, 2.26853e-001
1.012936750000e-003, 2.51778e-001
1.012950750000e-003, 2.26853e-001
1.012964750000e-003, 2.26853e-001
1.012978750000e-003, 2.51778e-001
1.012992750000e-003, 2.26853e-001
1.013006750000e-003, 2.26853e-001
1.013020750000e-003, 2.26853e-001
1.013034750000e-003, 2.26853e-001
1.013048750000e-003, 2.51778e-001
1.013062750000e-003, 2.26853e-001
1.013076750000e-003, 2.26853e-001
1.013090750000e-003, 2.51778e-001
1.013104750000e-003, 2.26853e-001
1.013118750000e-003, 2.51778e-001
1.013132750000e-003, 2.26853e-001
1.013146750000e-003, 2.26853e-001
1.013160750000e-003, 2.26853e-001
1.013174750000e-003, 2.26853e-001
1.013188750000e-003, 2.26853e-001
1.013202750000e-003, 2.26853e-001
1.013216750000e-003, 2.26853e-001
1.013230750000e-003, 2.26853e-001
1.013244750000e-003, 2.26853e-001
1.013258750000e-003, 2.26853e-001
1.013272750000e-003, 2.26853e-001
1.013286750000e-003, 2.26853e-001
1.013300750000e-003, 2.26853e-001
1.013314750000e-003, 2.26853e-001
1.013328750000e-003, 2.26853e-001
1.013342750000e-003, 2.26853e-001
1.013356750000e-003, 2.26853e-001
1.013370750000e-003, 2.26853e-001
1.013384750000e-003, 2.01928e-001
1.013398750000e-003, 2.26853e-001
1.013412750000e-003, 2.26853e-001
1.013426750000e-003, 2.01928e-001
1.013440750000e-003, 2.01928e-001
1.013454750000e-003, 2.26853e-001
1.013468750000e-003, 2.01928e-001
1.013482750000e-003, 2.26853e-001
1.013496750000e-003, 2.01928e-001
1.013510750000e-003, 2.26853e-001
1.013524750000e-003, 2.26853e-001
1.013538750000e-003, 2.26853e-001
1.013552750000e-003, 2.01928e-001
1.013566750000e-003, 2.26853e-001
1.013580750000e-003, 2.26853e-001
1.013594750000e-003, 2.26853e-001
1.013608750000e-003, 2.26853e-001
1.013622750000e-003, 2.01928e-001
1.013636750000e-003, 2.01928e-001
1.013650750000e-003, 2.01928e-001
1.013664750000e-003, 2.01928e-001
1.013678750000e-003, 2.26853e-001
1.013692750000e-003, 2.26853e-001
1.013706750000e-003, 2.01928e-001
1.013720750000e-003, 2.01928e-001
1.013734750000e-003, 2.01928e-001
1.013748750000e-003, 2.01928e-001
1.013762750000e-003, 2.01928e-001
1.013776750000e-003, 2.01928e-001
1.013790750000e-003, 2.26853e-001
1.013804750000e-003, 2.01928e-001
1.013818750000e-003, 2.01928e-001
1.013832750000e-003, 2.01928e-001
1.013846750000e-003, 1.77004e-001
1.013860750000e-003, 2.01928e-001
1.013874750000e-003, 2.01928e-001
1.013888750000e-003, 2.01928e-001
1.013902750000e-003, 2.01928e-001
1.013916750000e-003, 2.01928e-001
1.013930750000e-003, 2.01928e-001
1.013944750000e-003, 2.01928e-001
1.013958750000e-003, 2.01928e-001
1.013972750000e-003, 1.77004e-001
1.013986750000e-003, 2.01928e-001
1.014000750000e-003, 2.01928e-001
1.014014750000e-003, 2.01928e-001
1.014028750000e-003, 2.01928e-001
1.014042750000e-003, 2.01928e-001
1.014056750000e-003, 1.77004e-001
1.014070750000e-003, 1.77004e-001
1.014084750000e-003, 2.01928e-001
1.014098750000e-003, 1.77004e-001
1.014112750000e-003, 2.01928e-001
1.014126750000e-003, 1.77004e-001
1.014140750000e-003, 2.01928e-001
1.014154750000e-003, 1.77004e-001
1.014168750000e-003, 1.77004e-001
1.014182750000e-003, 2.01928e-001
1.014196750000e-003, 2.01928e-001
1.014210750000e-003, 1.77004e-001
1.014224750000e-003, 1.77004e-001
1.014238750000e-003, 1.77004e-001
1.014252750000e-003, 1.77004e-001
1.014266750000e-003, 1.77004e-001
1.014280750000e-003, 1.77004e-001
1.014294750000e-003, 1.77004e-001
1.014308750000e-003, 1.77004e-001
1.014322750000e-003, 1.77004e-001
1.014336750000e-003, 1.77004e-001
1.014350750000e-003, 1.77004e-001
1.014364750000e-003, 1.77004e-001
1.014378750000e-003, 2.01928e-001
1.014392750000e-003, 1.77004e-001
1.014406750000e-003, 1.77004e-001
1.014420750000e-003, 2.01928e-001
1.014434750000e-003, 1.52079e-001
1.014448750000e-003, 1.77004e-001
1.014462750000e-003, 1.77004e-001
1.014476750000e-003, 2.01928e-001
1.014490750000e-003, 1.77004e-001
1.014504750000e-003, 1.77004e-001
1.014518750000e-003, 1.77004e-001
1.014532750000e-003, 1.77004e-001
1.014546750000e-003, 1.77004e-001
1.014560750000e-003, 1.77004e-001
1.014574750000e-003, 1.52079e-001
1.014588750000e-003, 1.77004e-001
1.014602750000e-003, 1.77004e-001
1.014616750000e-003, 1.77004e-001
1.014630750000e-003, 1.77004e-001
1.014644750000e-003, 1.77004e-001
1.014658750000e-003, 1.77004e-001
1.014672750000e-003, 1.77004e-001
1.014686750000e-003, 1.77004e-001
1.014700750000e-003, 1.77004e-001
1.014714750000e-003, 1.77004e-001
1.014728750000e-003, 1.52079e-001
1.014742750000e-003, 1.52079e-001
1.014756750000e-003, 1.77004e-001
1.014770750000e-003, 1.77004e-001
1.014784750000e-003, 1.52079e-001
1.014798750000e-003, 1.52079e-001
1.014812750000e-003, 1.77004e-001
1.014826750000e-003, 1.77004e-001
1.014840750000e-003, 1.52079e-001
1.014854750000e-003, 1.52079e-001
1.014868750000e-003, 1.77004e-001
1.014882750000e-003, 1.77004e-001
1.014896750000e-003, 1.52079e-001
1.014910750000e-003, 1.52079e-001
1.014924750000e-003, 1.77004e-001
1.014938750000e-003, 1.52079e-001
1.014952750000e-003, 1.52079e-001
1.014966750000e-003, 1.52079e-001
1.014980750000e-003, 1.52079e-001
1.014994750000e-003, 1.52079e-001
1.015008750000e-003, 1.52079e-001
1.015022750000e-003, 1.52079e-001
1.015036750000e-003, 1.52079e-001
1.015050750000e-003, 1.52079e-001
1.015064750000e-003, 1.52079e-001
1.015078750000e-003, 1.52079e-001
1.015092750000e-003, 1.52079e-001
1.015106750000e-003, 1.77004e-001
1.015120750000e-003, 1.52079e-001
1.015134750000e-003, 1.77004e-001
1.015148750000e-003, 1.52079e-001
1.015162750000e-003, 1.52079e-001
1.015176750000e-003, 1.52079e-001
1.015190750000e-003, 1.52079e-001
1.015204750000e-003, 1.52079e-001
1.015218750000e-003, 1.52079e-001
1.015232750000e-003, 1.52079e-001
1.015246750000e-003, 1.52079e-001
1.015260750000e-003, 1.77004e-001
1.015274750000e-003, 1.52079e-001
1.015288750000e-003, 1.52079e-001
1.015302750000e-003, 1.52079e-001
1.015316750000e-003, 1.52079e-001
1.015330750000e-003, 1.52079e-001
1.015344750000e-003, 1.27155e-001
1.015358750000e-003, 1.52079e-001
1.015372750000e-003, 1.52079e-001
1.015386750000e-003, 1.52079e-001
1.015400750000e-003, 1.52079e-001
1.015414750000e-003, 1.27155e-001
1.015428750000e-003, 1.52079e-001
1.015442750000e-003, 1.52079e-001
1.015456750000e-003, 1.27155e-001
1.015470750000e-003, 1.52079e-001
1.015484750000e-003, 1.27155e-001
1.015498750000e-003, 1.27155e-001
1.015512750000e-003, 1.52079e-001
1.015526750000e-003, 1.52079e-001
1.015540750000e-003, 1.52079e-001
1.015554750000e-003, 1.52079e-001
1.015568750000e-003, 1.52079e-001
1.015582750000e-003, 1.52079e-001
1.015596750000e-003, 1.52079e-001
1.015610750000e-003, 1.52079e-001
1.015624750000e-003, 1.27155e-001
1.015638750000e-003, 1.27155e-001
1.015652750000e-003, 1.27155e-001
1.015666750000e-003, 1.27155e-001
1.015680750000e-003, 1.27155e-001
1.015694750000e-003, 1.27155e-001
1.015708750000e-003, 1.27155e-001
1.015722750000e-003, 1.27155e-001
1.015736750000e-003, 1.52079e-001
1.015750750000e-003, 1.27155e-001
1.015764750000e-003, 1.27155e-001
1.015778750000e-003, 1.52079e-001
1.015792750000e-003, 1.27155e-001
1.015806750000e-003, 1.27155e-001
1.015820750000e-003, 1.52079e-001
1.015834750000e-003, 1.27155e-001
1.015848750000e-003, 1.27155e-001
1.015862750000e-003, 1.52079e-001
1.015876750000e-003, 1.52079e-001
1.015890750000e-003, 1.27155e-001
1.015904750000e-003, 1.27155e-001
1.015918750000e-003, 1.27155e-001
1.015932750000e-003, 1.52079e-001
1.015946750000e-003, 1.27155e-001
1.015960750000e-003, 1.27155e-001
1.015974750000e-003, 1.27155e-001
1.015988750000e-003, 1.52079e-001
1.016002750000e-003, 1.27155e-001
1.016016750000e-003, 1.27155e-001
1.016030750000e-003, 1.27155e-001
1.016044750000e-003, 1.27155e-001
1.016058750000e-003, 1.27155e-001
1.016072750000e-003, 1.27155e-001
1.016086750000e-003, 1.27155e-001
1.016100750000e-003, 1.27155e-001
1.016114750000e-003, 1.27155e-001
1.016128750000e-003, 1.27155e-001
1.016142750000e-003, 1.27155e-001
1.016156750000e-003, 1.27155e-001
1.016170750000e-003, 1.27155e-001
1.016184750000e-003, 1.27155e-001
1.016198750000e-003, 1.27155e-001
1.016212750000e-003, 1.27155e-001
1.016226750000e-003, 1.27155e-001
1.016240750000e-003, 1.02230e-001
1.016254750000e-003, 1.27155e-001
1.016268750000e-003, 1.27155e-001
1.016282750000e-003, 1.27155e-001
1.016296750000e-003, 1.27155e-001
1.016310750000e-003, 1.27155e-001
1.016324750000e-003, 1.27155e-001
1.016338750000e-003, 1.02230e-001
1.016352750000e-003, 1.27155e-001
1.016366750000e-003, 1.27155e-001
1.016380750000e-003, 1.27155e-001
1.016394750000e-003, 1.27155e-001
1.016408750000e-003, 1.27155e-001
1.016422750000e-003, 1.27155e-001
1.016436750000e-003, 1.27155e-001
1.016450750000e-003, 1.27155e-001
1.016464750000e-003, 1.27155e-001
1.016478750000e-003, 1.27155e-001
1.016492750000e-003, 1.52079e-001
1.016506750000e-003, 1.27155e-001
1.016520750000e-003, 1.02230e-001
1.016534750000e-003, 1.27155e-001
1.016548750000e-003, 1.27155e-001
1.016562750000e-003, 1.27155e-001
1.016576750000e-003, 1.27155e-001
1.016590750000e-003, 1.02230e-001
1.016604750000e-003, 1.27155e-001
1.016618750000e-003, 1.27155e-001
1.016632750000e-003, 1.02230e-001
1.016646750000e-003, 1.27155e-001
1.016660750000e-003, 1.27155e-001
1.016674750000e-003, 1.02230e-001
1.016688750000e-003, 1.02230e-001
1.016702750000e-003, 1.27155e-001
1.016716750000e-003, 1.02230e-001
1.016730750000e-003, 1.02230e-001
1.016744750000e-003, 1.02230e-001
1.016758750000e-003, 1.02230e-001
1.016772750000e-003, 1.02230e-001
1.016786750000e-003, 1.02230e-001
1.016800750000e-003, 1.02230e-001
1.016814750000e-003, 1.02230e-001
1.016828750000e-003, 1.27155e-001
1.016842750000e-003, 1.02230e-001
1.016856750000e-003, 1.02230e-001
1.016870750000e-003, 1.02230e-001
1.016884750000e-003, 1.27155e-001
1.016898750000e-003, 1.02230e-001
1.016912750000e-003, 1.02230e-001
1.016926750000e-003, 1.02230e-001
1.016940750000e-003, 1.02230e-001
1.016954750000e-003, 1.02230e-001
1.016968750000e-003, 1.02230e-001
1.016982750000e-003, 1.02230e-001
1.016996750000e-003, 1.27155e-001
1.017010750000e-003, 1.02230e-001
1.017024750000e-003, 1.02230e-001
1.017038750000e-003, 1.02230e-001
1.017052750000e-003, 1.02230e-001
1.017066750000e-003, 1.02230e-001
1.017080750000e-003, 1.02230e-001
1.017094750000e-003, 1.02230e-001
1.017108750000e-003, 1.02230e-001
1.017122750000e-003, 1.02230e-001
1.017136750000e-003, 1.02230e-001
1.017150750000e-003, 7.73053e-002
1.017164750000e-003, 1.02230e-001
1.017178750000e-003, 1.02230e-001
1.017192750000e-003, 1.02230e-001
1.017206750000e-003, 1.02230e-001
1.017220750000e-003, 1.02230e-001
1.017234750000e-003, 1.02230e-001
1.017248750000e-003, 1.02230e-001
1.017262750000e-003, 1.02230e-001
1.017276750000e-003, 1.02230e-001
1.017290750000e-003, 1.02230e-001
1.017304750000e-003, 1.02230e-001