Address:,USB0::0x0957::0x1798::MY56272288::0::INSTR,,Analog Channels,,,
Model:,DSO-X 2014A,,Time (s),1 (VOLT),3 (VOLT),
Serial Number:,MY56272288,,-0.00068125,-0.0281407237052917,-0.527638174593449,
Firmware Version:,02.41.2015102200,,-0.000679234,-0.0281407237052917,-0.547738676890731,
Start Time:,2022-11-30 13:38:49.168,,-0.000677218,-0.0281407237052917,-0.547738676890731,
,,,-0.000675202,-0.0281407237052917,-0.547738676890731,
Analog Sample Count:,992,,-0.000673186,-0.0281407237052917,-0.547738676890731,
Function Sample Count:,0,,-0.00067117,-0.0281407237052917,-0.547738676890731,
Waveform Memory Sample Count:,0,,-0.000669154,-0.0442211255431175,-0.527638174593449,
Digital Sample Count:,0,,-0.000667138,-0.0281407237052917,-0.547738676890731,
,,,-0.000665122,-0.0281407237052917,-0.547738676890731,
Setup Text Information:,,,-0.000663106,-0.0281407237052917,-0.547738676890731,
ANALOG,,,-0.00066109,-0.0281407237052917,-0.547738676890731,
Channel 1,,,-0.000659074,-0.0281407237052917,-0.547738676890731,
Scale,400 mV/,,-0.000657058,-0.0281407237052917,-0.547738676890731,
Pos,-800 mV,,-0.000655042,-0.0442211255431175,-0.547738676890731,
Coup,,,-0.000653026,-0.0281407237052917,-0.547738676890731,
BW,Off,,-0.00065101,-0.0281407237052917,-0.547738676890731,
Inv,Off,,-0.000648994,-0.0281407237052917,-0.527638174593449,
Imp,1M Ohm,,-0.000646978,-0.0281407237052917,-0.547738676890731,
Trace Label,1,,-0.000644962,-0.0281407237052917,-0.547738676890731,
Probe,2,,-0.000642946,-0.0281407237052917,-0.547738676890731,
Skew,0 s,,-0.00064093,-0.0281407237052917,-0.547738676890731,
,,,-0.000638914,-0.0281407237052917,-0.547738676890731,
Channel 3,,,-0.000636898,-0.0281407237052917,-0.547738676890731,
Scale,500 mV/,,-0.000634882,-0.0281407237052917,-0.527638174593449,
Pos,1 V,,-0.000632866,-0.0281407237052917,-0.547738676890731,
Coup,,,-0.00063085,-0.0281407237052917,-0.547738676890731,
BW,Off,,-0.000628834,-0.0281407237052917,-0.547738676890731,
Inv,Off,,-0.000626818,-0.0281407237052917,-0.547738676890731,
Imp,1M Ohm,,-0.000624802,-0.0281407237052917,-0.547738676890731,
Trace Label,3,,-0.000622786,-0.0281407237052917,-0.547738676890731,
Probe,10,,-0.00062077,-0.0281407237052917,-0.547738676890731,
Skew,0 s,,-0.000618754,-0.0281407237052917,-0.547738676890731,
,,,-0.000616738,-0.0281407237052917,-0.547738676890731,
MATH,,,-0.000614722,-0.0281407237052917,-0.547738676890731,
REFERENCE WAVEFORM,,,-0.000612706,-0.0442211255431175,-0.547738676890731,
TRIGGER,,,-0.00061069,-0.0281407237052917,-0.547738676890731,
Sweep Mode,NORM,,-0.000608674,-0.0281407237052917,-0.547738676890731,
Coup,DC,,-0.000606658,-0.0281407237052917,-0.547738676890731,
Noise Rej,Off,,-0.000604642,-0.0442211255431175,-0.547738676890731,
HF Rej,Off,,-0.000602626,-0.0281407237052917,-0.547738676890731,
Holdoff,40.0 ns,,-0.00060061,-0.0281407237052917,-0.527638174593449,
Mode,EDGE,,-0.000598594,-0.0281407237052917,-0.547738676890731,
Source,CHAN1,,-0.000596578,-0.0442211255431175,-0.547738676890731,
Slope,POS,,-0.000594562,-0.0281407237052917,-0.527638174593449,
Level,304 mV V,,-0.000592546,-0.0281407237052917,-0.547738676890731,
,,,-0.00059053,-0.0281407237052917,-0.547738676890731,
HORIZONTAL,,,-0.000588514,-0.0442211255431175,-0.547738676890731,
Mode,MAIN,,-0.000586498,-0.0281407237052917,-0.567839179188013,
Ref,CENT,,-0.000584482,-0.0281407237052917,-0.547738676890731,
Main Scale,200 µs/,,-0.000582466,-0.0442211255431175,-0.527638174593449,
Main Delay,320 µs,,-0.00058045,-0.0281407237052917,-0.547738676890731,
,,,-0.000578434,-0.0281407237052917,-0.547738676890731,
ACQUISITION,,,-0.000576418,-0.0281407237052917,-0.547738676890731,
Mode,NORM,,-0.000574402,-0.0281407237052917,-0.547738676890731,
RealTime,On,,-0.000572386,-0.0281407237052917,-0.527638174593449,
Vectors,On,,-0.00057037,-0.0281407237052917,-0.547738676890731,
Persistence,Off,,-0.000568354,-0.0281407237052917,-0.547738676890731,
,,,-0.000566338,-0.0281407237052917,-0.547738676890731,
MEASUREMENTS,,,-0.000564322,-0.0281407237052917,-0.547738676890731,
Amplitude(3),,,-0.000562306,-0.0281407237052917,-0.547738676890731,
Cur,1.49 V,,-0.00056029,-0.0281407237052917,-0.547738676890731,
,,,-0.000558274,-0.0442211255431175,-0.527638174593449,
Pk-Pk(4),,,-0.000556258,-0.0281407237052917,-0.547738676890731,
Cur,No signal,,-0.000554242,-0.0281407237052917,-0.547738676890731,
,,,-0.000552226,-0.0281407237052917,-0.547738676890731,
Pk-Pk(1),,,-0.00055021,-0.0281407237052917,-0.547738676890731,
Cur,0.35 V,,-0.000548194,-0.0281407237052917,-0.547738676890731,
,,,-0.000546178,-0.0281407237052917,-0.547738676890731,
Pk-Pk(2),,,-0.000544162,-0.0281407237052917,-0.547738676890731,
Cur,No signal,,-0.000542146,-0.0281407237052917,-0.547738676890731,
,,,-0.00054013,-0.0281407237052917,-0.547738676890731,
,,,-0.000538114,-0.0442211255431175,-0.547738676890731,
,,,-0.000536098,-0.0281407237052917,-0.547738676890731,
,,,-0.000534082,-0.0442211255431175,-0.547738676890731,
,,,-0.000532066,-0.0442211255431175,-0.547738676890731,
,,,-0.00053005,-0.0281407237052917,-0.547738676890731,
,,,-0.000528034,-0.0281407237052917,-0.547738676890731,
,,,-0.000526018,-0.0281407237052917,-0.527638174593449,
,,,-0.000524002,-0.0281407237052917,-0.527638174593449,
,,,-0.000521986,-0.0281407237052917,-0.547738676890731,
,,,-0.00051997,-0.0281407237052917,-0.547738676890731,
,,,-0.000517954,-0.0281407237052917,-0.547738676890731,
,,,-0.000515938,-0.0281407237052917,-0.547738676890731,
,,,-0.000513922,-0.0281407237052917,-0.547738676890731,
,,,-0.000511906,-0.0442211255431175,-0.527638174593449,
,,,-0.00050989,-0.0281407237052917,-0.547738676890731,
,,,-0.000507874,-0.0281407237052917,-0.547738676890731,
,,,-0.000505858,-0.0281407237052917,-0.547738676890731,
,,,-0.000503842,-0.0281407237052917,-0.547738676890731,
,,,-0.000501826,-0.0281407237052917,-0.547738676890731,
,,,-0.00049981,-0.0442211255431175,-0.547738676890731,
,,,-0.000497794,-0.0281407237052917,-0.547738676890731,
,,,-0.000495778,-0.0281407237052917,-0.547738676890731,
,,,-0.000493762,-0.0281407237052917,-0.547738676890731,
,,,-0.000491746,-0.0442211255431175,-0.547738676890731,
,,,-0.00048973,-0.0442211255431175,-0.547738676890731,
,,,-0.000487714,-0.0281407237052917,-0.547738676890731,
,,,-0.000485698,-0.0281407237052917,-0.547738676890731,
,,,-0.000483682,-0.0281407237052917,-0.547738676890731,
,,,-0.000481666,-0.0281407237052917,-0.547738676890731,
,,,-0.00047965,-0.0281407237052917,-0.547738676890731,
,,,-0.000477634,-0.0281407237052917,-0.547738676890731,
,,,-0.000475618,-0.0281407237052917,-0.547738676890731,
,,,-0.000473602,-0.0281407237052917,-0.547738676890731,
,,,-0.000471586,-0.0281407237052917,-0.527638174593449,
,,,-0.00046957,-0.0281407237052917,-0.547738676890731,
,,,-0.000467554,-0.0281407237052917,-0.547738676890731,
,,,-0.000465538,-0.0281407237052917,-0.547738676890731,
,,,-0.000463522,-0.0281407237052917,-0.547738676890731,
,,,-0.000461506,-0.0281407237052917,-0.547738676890731,
,,,-0.00045949,-0.0281407237052917,-0.547738676890731,
,,,-0.000457474,-0.0281407237052917,-0.547738676890731,
,,,-0.000455458,-0.0281407237052917,-0.547738676890731,
,,,-0.000453442,-0.0281407237052917,-0.547738676890731,
,,,-0.000451426,-0.0281407237052917,-0.547738676890731,
,,,-0.00044941,-0.0281407237052917,-0.547738676890731,
,,,-0.000447394,-0.0281407237052917,-0.527638174593449,
,,,-0.000445378,-0.0281407237052917,-0.547738676890731,
,,,-0.000443362,-0.0281407237052917,-0.547738676890731,
,,,-0.000441346,-0.0281407237052917,-0.547738676890731,
,,,-0.00043933,-0.0281407237052917,-0.547738676890731,
,,,-0.000437314,-0.0281407237052917,-0.547738676890731,
,,,-0.000435298,-0.0281407237052917,-0.547738676890731,
,,,-0.000433282,-0.0281407237052917,-0.547738676890731,
,,,-0.000431266,-0.0281407237052917,-0.547738676890731,
,,,-0.00042925,-0.0281407237052917,-0.527638174593449,
,,,-0.000427234,-0.0281407237052917,-0.547738676890731,
,,,-0.000425218,-0.0281407237052917,-0.547738676890731,
,,,-0.000423202,-0.0281407237052917,-0.547738676890731,
,,,-0.000421186,-0.0281407237052917,-0.547738676890731,
,,,-0.00041917,-0.0281407237052917,-0.547738676890731,
,,,-0.000417154,-0.0281407237052917,-0.547738676890731,
,,,-0.000415138,-0.0281407237052917,-0.547738676890731,
,,,-0.000413122,-0.0281407237052917,-0.547738676890731,
,,,-0.000411106,-0.0281407237052917,-0.547738676890731,
,,,-0.00040909,-0.0281407237052917,-0.527638174593449,
,,,-0.000407074,-0.0442211255431175,-0.547738676890731,
,,,-0.000405058,-0.0442211255431175,-0.547738676890731,
,,,-0.000403042,-0.0281407237052917,-0.547738676890731,
,,,-0.000401026,-0.0442211255431175,-0.547738676890731,
,,,-0.00039901,-0.0281407237052917,-0.547738676890731,
,,,-0.000396994,-0.0442211255431175,-0.547738676890731,
,,,-0.000394978,-0.0281407237052917,-0.547738676890731,
,,,-0.000392962,-0.0281407237052917,-0.547738676890731,
,,,-0.000390946,-0.0281407237052917,-0.547738676890731,
,,,-0.00038893,-0.0281407237052917,-0.547738676890731,
,,,-0.000386914,-0.0281407237052917,-0.547738676890731,
,,,-0.000384898,-0.0281407237052917,-0.547738676890731,
,,,-0.000382882,-0.0281407237052917,-0.547738676890731,
,,,-0.000380866,-0.0281407237052917,-0.547738676890731,
,,,-0.00037885,-0.0281407237052917,-0.547738676890731,
,,,-0.000376834,-0.0281407237052917,-0.547738676890731,
,,,-0.000374818,-0.0281407237052917,-0.547738676890731,
,,,-0.000372802,-0.0281407237052917,-0.547738676890731,
,,,-0.000370786,-0.0281407237052917,-0.547738676890731,
,,,-0.00036877,-0.0281407237052917,-0.547738676890731,
,,,-0.000366754,-0.0281407237052917,-0.547738676890731,
,,,-0.000364738,-0.0281407237052917,-0.547738676890731,
,,,-0.000362722,-0.0281407237052917,-0.547738676890731,
,,,-0.000360706,-0.0281407237052917,-0.547738676890731,
,,,-0.00035869,-0.0281407237052917,-0.547738676890731,
,,,-0.000356674,-0.0281407237052917,-0.547738676890731,
,,,-0.000354658,-0.0281407237052917,-0.547738676890731,
,,,-0.000352642,-0.0281407237052917,-0.547738676890731,
,,,-0.000350626,-0.0281407237052917,-0.547738676890731,
,,,-0.00034861,-0.0281407237052917,-0.547738676890731,
,,,-0.000346594,-0.0281407237052917,-0.547738676890731,
,,,-0.000344578,-0.0281407237052917,-0.547738676890731,
,,,-0.000342562,-0.0281407237052917,-0.547738676890731,
,,,-0.000340546,-0.0281407237052917,-0.547738676890731,
,,,-0.00033853,-0.0281407237052917,-0.527638174593449,
,,,-0.000336514,-0.0281407237052917,-0.547738676890731,
,,,-0.000334498,-0.0281407237052917,-0.527638174593449,
,,,-0.000332482,-0.0442211255431175,-0.527638174593449,
,,,-0.000330466,-0.0281407237052917,-0.547738676890731,
,,,-0.00032845,-0.0281407237052917,-0.547738676890731,
,,,-0.000326434,-0.0281407237052917,-0.547738676890731,
,,,-0.000324418,-0.0281407237052917,-0.547738676890731,
,,,-0.000322402,-0.0281407237052917,-0.547738676890731,
,,,-0.000320386,-0.0281407237052917,-0.527638174593449,
,,,-0.00031837,-0.0442211255431175,-0.527638174593449,
,,,-0.000316354,-0.0281407237052917,-0.547738676890731,
,,,-0.000314338,-0.0281407237052917,-0.547738676890731,
,,,-0.000312322,-0.0281407237052917,-0.547738676890731,
,,,-0.000310306,-0.0281407237052917,-0.547738676890731,
,,,-0.00030829,-0.0281407237052917,-0.547738676890731,
,,,-0.000306274,-0.0281407237052917,-0.547738676890731,
,,,-0.000304258,-0.0281407237052917,-0.547738676890731,
,,,-0.000302242,-0.0281407237052917,-0.527638174593449,
,,,-0.000300226,-0.0281407237052917,-0.547738676890731,
,,,-0.00029821,-0.0281407237052917,-0.567839179188013,
,,,-0.000296194,-0.0281407237052917,-0.547738676890731,
,,,-0.000294178,-0.0281407237052917,-0.547738676890731,
,,,-0.000292162,-0.0281407237052917,-0.527638174593449,
,,,-0.000290146,-0.0281407237052917,-0.547738676890731,
,,,-0.00028813,-0.0281407237052917,-0.547738676890731,
,,,-0.000286114,-0.0281407237052917,-0.547738676890731,
,,,-0.000284098,-0.0281407237052917,-0.527638174593449,
,,,-0.000282082,-0.0281407237052917,-0.547738676890731,
,,,-0.000280066,-0.0442211255431175,-0.547738676890731,
,,,-0.00027805,-0.0281407237052917,-0.547738676890731,
,,,-0.000276034,-0.0281407237052917,-0.547738676890731,
,,,-0.000274018,-0.0281407237052917,-0.547738676890731,
,,,-0.000272002,-0.0281407237052917,-0.547738676890731,
,,,-0.000269986,-0.0442211255431175,-0.547738676890731,
,,,-0.00026797,-0.0281407237052917,-0.547738676890731,
,,,-0.000265954,-0.0442211255431175,-0.547738676890731,
,,,-0.000263938,-0.0281407237052917,-0.547738676890731,
,,,-0.000261922,-0.0281407237052917,-0.547738676890731,
,,,-0.000259906,-0.0442211255431175,-0.527638174593449,
,,,-0.00025789,-0.0281407237052917,-0.547738676890731,
,,,-0.000255874,-0.0281407237052917,-0.547738676890731,
,,,-0.000253858,-0.0281407237052917,-0.547738676890731,
,,,-0.000251842,-0.0281407237052917,-0.547738676890731,
,,,-0.000249826,-0.0281407237052917,-0.547738676890731,
,,,-0.00024781,-0.0281407237052917,-0.547738676890731,
,,,-0.000245794,-0.0281407237052917,-0.547738676890731,
,,,-0.000243778,-0.0281407237052917,-0.547738676890731,
,,,-0.000241762,-0.0281407237052917,-0.547738676890731,
,,,-0.000239746,-0.0281407237052917,-0.547738676890731,
,,,-0.00023773,-0.0281407237052917,-0.547738676890731,
,,,-0.000235714,-0.0442211255431175,-0.547738676890731,
,,,-0.000233698,-0.0442211255431175,-0.547738676890731,
,,,-0.000231682,-0.0281407237052917,-0.547738676890731,
,,,-0.000229666,-0.0281407237052917,-0.547738676890731,
,,,-0.00022765,-0.0281407237052917,-0.547738676890731,
,,,-0.000225634,-0.0281407237052917,-0.547738676890731,
,,,-0.000223618,-0.0281407237052917,-0.547738676890731,
,,,-0.000221602,-0.0281407237052917,-0.567839179188013,
,,,-0.000219586,-0.0281407237052917,-0.547738676890731,
,,,-0.00021757,-0.0281407237052917,-0.547738676890731,
,,,-0.000215554,-0.0281407237052917,-0.547738676890731,
,,,-0.000213538,-0.0281407237052917,-0.547738676890731,
,,,-0.000211522,-0.0281407237052917,-0.547738676890731,
,,,-0.000209506,-0.0281407237052917,-0.547738676890731,
,,,-0.00020749,-0.0281407237052917,-0.547738676890731,
,,,-0.000205474,-0.0281407237052917,-0.547738676890731,
,,,-0.000203458,-0.0281407237052917,-0.547738676890731,
,,,-0.000201442,-0.0281407237052917,-0.547738676890731,
,,,-0.000199426,-0.0281407237052917,-0.547738676890731,
,,,-0.00019741,-0.0281407237052917,-0.547738676890731,
,,,-0.000195394,-0.0281407237052917,-0.547738676890731,
,,,-0.000193378,-0.0281407237052917,-0.547738676890731,
,,,-0.000191362,-0.0281407237052917,-0.547738676890731,
,,,-0.000189346,-0.0442211255431175,-0.547738676890731,
,,,-0.00018733,-0.0442211255431175,-0.547738676890731,
,,,-0.000185314,-0.0442211255431175,-0.527638174593449,
,,,-0.000183298,-0.0281407237052917,-0.547738676890731,
,,,-0.000181282,-0.0281407237052917,-0.547738676890731,
,,,-0.000179266,-0.0281407237052917,-0.547738676890731,
,,,-0.00017725,-0.0281407237052917,-0.547738676890731,
,,,-0.000175234,-0.0281407237052917,-0.547738676890731,
,,,-0.000173218,-0.0281407237052917,-0.567839179188013,
,,,-0.000171202,-0.0442211255431175,-0.547738676890731,
,,,-0.000169186,-0.0281407237052917,-0.547738676890731,
,,,-0.00016717,-0.0281407237052917,-0.547738676890731,
,,,-0.000165154,-0.0281407237052917,-0.547738676890731,
,,,-0.000163138,-0.0281407237052917,-0.567839179188013,
,,,-0.000161122,-0.0281407237052917,-0.547738676890731,
,,,-0.000159106,-0.0281407237052917,-0.547738676890731,
,,,-0.00015709,-0.0281407237052917,-0.547738676890731,
,,,-0.000155074,-0.0281407237052917,-0.547738676890731,
,,,-0.000153058,-0.0281407237052917,-0.547738676890731,
,,,-0.000151042,-0.0281407237052917,-0.547738676890731,
,,,-0.000149026,-0.0281407237052917,-0.527638174593449,
,,,-0.00014701,-0.0281407237052917,-0.547738676890731,
,,,-0.000144994,-0.0281407237052917,-0.547738676890731,
,,,-0.000142978,-0.0281407237052917,-0.547738676890731,
,,,-0.000140962,-0.0281407237052917,-0.547738676890731,
,,,-0.000138946,-0.0281407237052917,-0.547738676890731,
,,,-0.00013693,-0.0281407237052917,-0.547738676890731,
,,,-0.000134914,-0.0281407237052917,-0.547738676890731,
,,,-0.000132898,-0.0281407237052917,-0.547738676890731,
,,,-0.000130882,-0.0281407237052917,-0.547738676890731,
,,,-0.000128866,-0.0281407237052917,-0.547738676890731,
,,,-0.00012685,-0.0442211255431175,-0.547738676890731,
,,,-0.000124834,-0.0281407237052917,-0.547738676890731,
,,,-0.000122818,-0.0281407237052917,-0.547738676890731,
,,,-0.000120802,-0.0442211255431175,-0.547738676890731,
,,,-0.000118786,-0.0281407237052917,-0.547738676890731,
,,,-0.00011677,-0.0281407237052917,-0.547738676890731,
,,,-0.000114754,-0.0281407237052917,-0.527638174593449,
,,,-0.000112738,-0.0281407237052917,-0.547738676890731,
,,,-0.000110722,-0.0281407237052917,-0.547738676890731,
,,,-0.000108706,-0.0281407237052917,-0.547738676890731,
,,,-0.00010669,-0.0281407237052917,-0.547738676890731,
,,,-0.000104674,-0.0281407237052917,-0.547738676890731,
,,,-0.000102658,-0.0281407237052917,-0.547738676890731,
,,,-0.000100642,-0.0281407237052917,-0.547738676890731,
,,,-9.86260000000001E-05,-0.0281407237052917,-0.547738676890731,
,,,-9.661E-05,-0.0442211255431175,-0.547738676890731,
,,,-9.4594E-05,-0.0281407237052917,-0.547738676890731,
,,,-9.25780000000001E-05,-0.0442211255431175,-0.547738676890731,
,,,-9.05620000000001E-05,-0.0442211255431175,-0.547738676890731,
,,,-8.8546E-05,-0.0281407237052917,-0.547738676890731,
,,,-8.653E-05,-0.0442211255431175,-0.527638174593449,
,,,-8.45140000000001E-05,-0.0281407237052917,-0.547738676890731,
,,,-8.24980000000001E-05,-0.0442211255431175,-0.547738676890731,
,,,-8.0482E-05,-0.0281407237052917,-0.547738676890731,
,,,-7.8466E-05,-0.0281407237052917,-0.527638174593449,
,,,-7.645E-05,-0.0281407237052917,-0.547738676890731,
,,,-7.44340000000001E-05,-0.0281407237052917,-0.547738676890731,
,,,-7.24180000000001E-05,-0.0281407237052917,-0.547738676890731,
,,,-7.0402E-05,-0.0281407237052917,-0.547738676890731,
,,,-6.8386E-05,-0.0281407237052917,-0.547738676890731,
,,,-6.63700000000001E-05,-0.0281407237052917,-0.547738676890731,
,,,-6.43540000000001E-05,-0.0281407237052917,-0.547738676890731,
,,,-6.2338E-05,-0.0442211255431175,-0.527638174593449,
,,,-6.0322E-05,-0.0281407237052917,-0.567839179188013,
,,,-5.8306E-05,-0.0281407237052917,-0.567839179188013,
,,,-5.62900000000001E-05,-0.0281407237052917,-0.567839179188013,
,,,-5.42740000000001E-05,-0.0281407237052917,-0.547738676890731,
,,,-5.2258E-05,-0.0281407237052917,-0.547738676890731,
,,,-5.0242E-05,-0.0281407237052917,-0.547738676890731,
,,,-4.82260000000001E-05,-0.0281407237052917,-0.547738676890731,
,,,-4.62100000000001E-05,-0.0281407237052917,-0.547738676890731,
,,,-4.4194E-05,-0.0281407237052917,-0.547738676890731,
,,,-4.2178E-05,-0.0281407237052917,-0.547738676890731,
,,,-4.01620000000001E-05,-0.0281407237052917,-0.567839179188013,
,,,-3.81460000000001E-05,-0.0281407237052917,-0.547738676890731,
,,,-3.61300000000001E-05,-0.0281407237052917,-0.547738676890731,
,,,-3.4114E-05,-0.0281407237052917,-0.527638174593449,
,,,-3.2098E-05,-0.0281407237052917,-0.547738676890731,
,,,-3.00820000000001E-05,-0.0281407237052917,-0.547738676890731,
,,,-2.80660000000001E-05,-0.0281407237052917,-0.547738676890731,
,,,-2.605E-05,-0.0281407237052917,-0.547738676890731,
,,,-2.4034E-05,-0.0281407237052917,-0.547738676890731,
,,,-2.20180000000001E-05,-0.0281407237052917,-0.547738676890731,
,,,-2.00020000000001E-05,-0.0281407237052917,-0.547738676890731,
,,,-1.7986E-05,-0.0281407237052917,-0.547738676890731,
,,,-1.597E-05,-0.0281407237052917,-0.567839179188013,
,,,-1.3954E-05,-0.0281407237052917,-0.547738676890731,
,,,-1.19380000000001E-05,-0.0281407237052917,-0.547738676890731,
,,,-9.9220000000001E-06,-0.0281407237052917,-0.547738676890731,
,,,-7.90600000000002E-06,-0.0281407237052917,-0.547738676890731,
,,,-5.89000000000004E-06,-0.0281407237052917,-0.547738676890731,
,,,-3.87400000000006E-06,-0.0442211255431175,-0.547738676890731,
,,,-1.85800000000009E-06,0.0522612854838371,-0.547738676890731,
,,,1.57999999999994E-07,0.293467313051224,0.316582921892405,
,,,2.17399999999997E-06,0.293467313051224,0.738693470135331,
,,,4.18999999999994E-06,0.30954771488905,0.81909547932446,
,,,6.20599999999992E-06,0.293467313051224,0.859296483919024,
,,,8.2219999999999E-06,0.293467313051224,0.879396986216307,
,,,1.0238E-05,0.293467313051224,0.899497488513589,
,,,1.2254E-05,0.293467313051224,0.919597990810871,
,,,1.42699999999999E-05,0.293467313051224,0.939698493108153,
,,,1.62859999999999E-05,0.293467313051224,0.919597990810871,
,,,1.8302E-05,0.293467313051224,0.939698493108153,
,,,2.0318E-05,0.293467313051224,0.939698493108153,
,,,2.23339999999999E-05,0.293467313051224,0.939698493108153,
,,,2.43499999999999E-05,0.293467313051224,0.939698493108153,
,,,2.6366E-05,0.30954771488905,0.939698493108153,
,,,2.8382E-05,0.293467313051224,0.939698493108153,
,,,3.03979999999999E-05,0.293467313051224,0.939698493108153,
,,,3.24139999999999E-05,0.293467313051224,0.939698493108153,
,,,3.44299999999999E-05,0.293467313051224,0.939698493108153,
,,,3.6446E-05,0.293467313051224,0.939698493108153,
,,,3.8462E-05,0.293467313051224,0.939698493108153,
,,,4.04779999999999E-05,0.293467313051224,0.939698493108153,
,,,4.24939999999999E-05,0.293467313051224,0.959798995405436,
,,,4.451E-05,0.293467313051224,0.939698493108153,
,,,4.6526E-05,0.30954771488905,0.959798995405436,
,,,4.85419999999999E-05,-0.0281407237052917,0.296482419595122,
,,,5.05579999999999E-05,-0.0281407237052917,-0.487437169998884,
,,,5.25739999999999E-05,-0.0281407237052917,-0.507537672296166,
,,,5.459E-05,-0.0281407237052917,-0.507537672296166,
,,,5.6606E-05,-0.0281407237052917,-0.507537672296166,
,,,5.86219999999999E-05,-0.0281407237052917,-0.527638174593449,
,,,6.06379999999999E-05,-0.0281407237052917,-0.527638174593449,
,,,6.2654E-05,-0.0281407237052917,-0.527638174593449,
,,,6.467E-05,-0.0281407237052917,-0.527638174593449,
,,,6.66859999999999E-05,-0.0281407237052917,-0.527638174593449,
,,,6.87019999999999E-05,-0.0281407237052917,-0.547738676890731,
,,,7.0718E-05,-0.0281407237052917,-0.527638174593449,
,,,7.2734E-05,-0.0281407237052917,-0.547738676890731,
,,,7.47499999999999E-05,-0.0281407237052917,-0.547738676890731,
,,,7.67659999999999E-05,-0.0281407237052917,-0.547738676890731,
,,,7.87819999999999E-05,-0.0442211255431175,-0.527638174593449,
,,,8.0798E-05,-0.0281407237052917,-0.527638174593449,
,,,8.2814E-05,-0.0281407237052917,-0.527638174593449,
,,,8.48299999999999E-05,-0.0281407237052917,-0.527638174593449,
,,,8.68459999999999E-05,-0.0281407237052917,-0.527638174593449,
,,,8.8862E-05,-0.0281407237052917,-0.527638174593449,
,,,9.0878E-05,-0.0281407237052917,-0.547738676890731,
,,,9.28939999999999E-05,-0.0281407237052917,-0.547738676890731,
,,,9.49099999999999E-05,-0.0281407237052917,-0.527638174593449,
,,,9.69259999999999E-05,-0.0281407237052917,-0.547738676890731,
,,,9.8942E-05,-0.0442211255431175,-0.547738676890731,
,,,0.000100958,-0.0442211255431175,-0.527638174593449,
,,,0.000102974,-0.0442211255431175,-0.547738676890731,
,,,0.00010499,-0.0442211255431175,-0.547738676890731,
,,,0.000107006,-0.0442211255431175,-0.527638174593449,
,,,0.000109022,-0.0281407237052917,-0.547738676890731,
,,,0.000111038,-0.0442211255431175,-0.547738676890731,
,,,0.000113054,-0.0281407237052917,-0.547738676890731,
,,,0.00011507,-0.0281407237052917,-0.547738676890731,
,,,0.000117086,-0.0281407237052917,-0.547738676890731,
,,,0.000119102,-0.0281407237052917,-0.547738676890731,
,,,0.000121118,-0.0281407237052917,-0.547738676890731,
,,,0.000123134,-0.0281407237052917,-0.547738676890731,
,,,0.00012515,-0.0281407237052917,-0.547738676890731,
,,,0.000127166,-0.0281407237052917,-0.547738676890731,
,,,0.000129182,-0.0281407237052917,-0.527638174593449,
,,,0.000131198,-0.0442211255431175,-0.547738676890731,
,,,0.000133214,-0.0442211255431175,-0.547738676890731,
,,,0.00013523,-0.0281407237052917,-0.527638174593449,
,,,0.000137246,-0.0281407237052917,-0.547738676890731,
,,,0.000139262,-0.0281407237052917,-0.547738676890731,
,,,0.000141278,-0.0281407237052917,-0.547738676890731,
,,,0.000143294,-0.0281407237052917,-0.547738676890731,
,,,0.00014531,-0.0281407237052917,-0.547738676890731,
,,,0.000147326,-0.0281407237052917,-0.547738676890731,
,,,0.000149342,-0.0281407237052917,-0.547738676890731,
,,,0.000151358,-0.0281407237052917,-0.547738676890731,
,,,0.000153374,-0.0281407237052917,-0.547738676890731,
,,,0.00015539,-0.0281407237052917,-0.547738676890731,
,,,0.000157406,-0.0281407237052917,-0.547738676890731,
,,,0.000159422,-0.0281407237052917,-0.527638174593449,
,,,0.000161438,-0.0281407237052917,-0.547738676890731,
,,,0.000163454,-0.0281407237052917,-0.547738676890731,
,,,0.00016547,-0.0281407237052917,-0.547738676890731,
,,,0.000167486,-0.0281407237052917,-0.547738676890731,
,,,0.000169502,-0.0281407237052917,-0.547738676890731,
,,,0.000171518,-0.0281407237052917,-0.547738676890731,
,,,0.000173534,-0.0442211255431175,-0.547738676890731,
,,,0.00017555,-0.0442211255431175,-0.547738676890731,
,,,0.000177566,-0.0281407237052917,-0.547738676890731,
,,,0.000179582,-0.0281407237052917,-0.547738676890731,
,,,0.000181598,-0.0281407237052917,-0.547738676890731,
,,,0.000183614,-0.0442211255431175,-0.527638174593449,
,,,0.00018563,-0.0281407237052917,-0.547738676890731,
,,,0.000187646,-0.0442211255431175,-0.547738676890731,
,,,0.000189662,-0.0281407237052917,-0.547738676890731,
,,,0.000191678,-0.0442211255431175,-0.547738676890731,
,,,0.000193694,-0.0281407237052917,-0.547738676890731,
,,,0.00019571,-0.0281407237052917,-0.547738676890731,
,,,0.000197726,-0.0281407237052917,-0.547738676890731,
,,,0.000199742,-0.0442211255431175,-0.547738676890731,
,,,0.000201758,-0.0281407237052917,-0.547738676890731,
,,,0.000203774,-0.0442211255431175,-0.547738676890731,
,,,0.00020579,-0.0281407237052917,-0.547738676890731,
,,,0.000207806,-0.0442211255431175,-0.547738676890731,
,,,0.000209822,-0.0281407237052917,-0.547738676890731,
,,,0.000211838,-0.0281407237052917,-0.527638174593449,
,,,0.000213854,-0.0281407237052917,-0.547738676890731,
,,,0.00021587,-0.0281407237052917,-0.547738676890731,
,,,0.000217886,-0.0442211255431175,-0.547738676890731,
,,,0.000219902,-0.0281407237052917,-0.547738676890731,
,,,0.000221918,-0.0281407237052917,-0.527638174593449,
,,,0.000223934,-0.0281407237052917,-0.547738676890731,
,,,0.00022595,-0.0281407237052917,-0.547738676890731,
,,,0.000227966,-0.0281407237052917,-0.547738676890731,
,,,0.000229982,-0.0281407237052917,-0.527638174593449,
,,,0.000231998,-0.0281407237052917,-0.547738676890731,
,,,0.000234014,-0.0281407237052917,-0.547738676890731,
,,,0.00023603,-0.0281407237052917,-0.547738676890731,
,,,0.000238046,-0.0281407237052917,-0.547738676890731,
,,,0.000240062,-0.0281407237052917,-0.547738676890731,
,,,0.000242078,-0.0281407237052917,-0.547738676890731,
,,,0.000244094,-0.0442211255431175,-0.567839179188013,
,,,0.00024611,-0.0281407237052917,-0.547738676890731,
,,,0.000248126,-0.0442211255431175,-0.547738676890731,
,,,0.000250142,-0.0281407237052917,-0.547738676890731,
,,,0.000252158,-0.0281407237052917,-0.547738676890731,
,,,0.000254174,-0.0281407237052917,-0.547738676890731,
,,,0.00025619,-0.0442211255431175,-0.547738676890731,
,,,0.000258206,-0.0281407237052917,-0.547738676890731,
,,,0.000260222,-0.0281407237052917,-0.547738676890731,
,,,0.000262238,-0.0281407237052917,-0.547738676890731,
,,,0.000264254,-0.0281407237052917,-0.547738676890731,
,,,0.00026627,-0.0281407237052917,-0.547738676890731,
,,,0.000268286,-0.0281407237052917,-0.547738676890731,
,,,0.000270302,-0.0281407237052917,-0.547738676890731,
,,,0.000272318,-0.0281407237052917,-0.547738676890731,
,,,0.000274334,-0.0281407237052917,-0.547738676890731,
,,,0.00027635,-0.0281407237052917,-0.547738676890731,
,,,0.000278366,-0.0442211255431175,-0.547738676890731,
,,,0.000280382,-0.0281407237052917,-0.547738676890731,
,,,0.000282398,-0.0281407237052917,-0.547738676890731,
,,,0.000284414,-0.0281407237052917,-0.547738676890731,
,,,0.00028643,-0.0281407237052917,-0.547738676890731,
,,,0.000288446,-0.0442211255431175,-0.527638174593449,
,,,0.000290462,-0.0281407237052917,-0.547738676890731,
,,,0.000292478,-0.0281407237052917,-0.547738676890731,
,,,0.000294494,-0.0281407237052917,-0.547738676890731,
,,,0.00029651,-0.0442211255431175,-0.547738676890731,
,,,0.000298526,-0.0442211255431175,-0.547738676890731,
,,,0.000300542,-0.0281407237052917,-0.547738676890731,
,,,0.000302558,-0.0442211255431175,-0.547738676890731,
,,,0.000304574,-0.0281407237052917,-0.547738676890731,
,,,0.00030659,-0.0281407237052917,-0.547738676890731,
,,,0.000308606,-0.0281407237052917,-0.547738676890731,
,,,0.000310622,-0.0281407237052917,-0.547738676890731,
,,,0.000312638,-0.0281407237052917,-0.547738676890731,
,,,0.000314654,-0.0281407237052917,-0.547738676890731,
,,,0.00031667,-0.0281407237052917,-0.547738676890731,
,,,0.000318686,-0.0281407237052917,-0.547738676890731,
,,,0.000320702,-0.0281407237052917,-0.547738676890731,
,,,0.000322718,-0.0281407237052917,-0.547738676890731,
,,,0.000324734,-0.0281407237052917,-0.547738676890731,
,,,0.00032675,-0.0281407237052917,-0.547738676890731,
,,,0.000328766,-0.0281407237052917,-0.547738676890731,
,,,0.000330782,-0.0442211255431175,-0.547738676890731,
,,,0.000332798,-0.0281407237052917,-0.547738676890731,
,,,0.000334814,-0.0281407237052917,-0.547738676890731,
,,,0.00033683,-0.0281407237052917,-0.547738676890731,
,,,0.000338846,-0.0281407237052917,-0.547738676890731,
,,,0.000340862,-0.0442211255431175,-0.527638174593449,
,,,0.000342878,-0.0281407237052917,-0.547738676890731,
,,,0.000344894,-0.0442211255431175,-0.547738676890731,
,,,0.00034691,-0.0281407237052917,-0.547738676890731,
,,,0.000348926,-0.0281407237052917,-0.547738676890731,
,,,0.000350942,-0.0281407237052917,-0.547738676890731,
,,,0.000352958,-0.0281407237052917,-0.547738676890731,
,,,0.000354974,-0.0442211255431175,-0.547738676890731,
,,,0.00035699,-0.0281407237052917,-0.547738676890731,
,,,0.000359006,-0.0281407237052917,-0.547738676890731,
,,,0.000361022,-0.0281407237052917,-0.547738676890731,
,,,0.000363038,-0.0281407237052917,-0.547738676890731,
,,,0.000365054,-0.0442211255431175,-0.547738676890731,
,,,0.00036707,-0.0281407237052917,-0.547738676890731,
,,,0.000369086,-0.0281407237052917,-0.547738676890731,
,,,0.000371102,-0.0281407237052917,-0.547738676890731,
,,,0.000373118,-0.0281407237052917,-0.547738676890731,
,,,0.000375134,-0.0281407237052917,-0.547738676890731,
,,,0.00037715,-0.0281407237052917,-0.527638174593449,
,,,0.000379166,-0.0442211255431175,-0.547738676890731,
,,,0.000381182,-0.0281407237052917,-0.547738676890731,
,,,0.000383198,-0.0281407237052917,-0.547738676890731,
,,,0.000385214,-0.0442211255431175,-0.567839179188013,
,,,0.00038723,-0.0442211255431175,-0.547738676890731,
,,,0.000389246,-0.0281407237052917,-0.547738676890731,
,,,0.000391262,-0.0442211255431175,-0.547738676890731,
,,,0.000393278,-0.0281407237052917,-0.547738676890731,
,,,0.000395294,-0.0281407237052917,-0.547738676890731,
,,,0.00039731,-0.0281407237052917,-0.547738676890731,
,,,0.000399326,-0.0281407237052917,-0.527638174593449,
,,,0.000401342,-0.0281407237052917,-0.547738676890731,
,,,0.000403358,-0.0281407237052917,-0.547738676890731,
,,,0.000405374,-0.0281407237052917,-0.547738676890731,
,,,0.00040739,-0.0281407237052917,-0.527638174593449,
,,,0.000409406,-0.0281407237052917,-0.547738676890731,
,,,0.000411422,-0.0281407237052917,-0.547738676890731,
,,,0.000413438,-0.0281407237052917,-0.567839179188013,
,,,0.000415454,-0.0281407237052917,-0.547738676890731,
,,,0.00041747,-0.0442211255431175,-0.547738676890731,
,,,0.000419486,-0.0281407237052917,-0.547738676890731,
,,,0.000421502,-0.0281407237052917,-0.527638174593449,
,,,0.000423518,-0.0281407237052917,-0.547738676890731,
,,,0.000425534,-0.0281407237052917,-0.547738676890731,
,,,0.00042755,-0.0281407237052917,-0.547738676890731,
,,,0.000429566,-0.0281407237052917,-0.547738676890731,
,,,0.000431582,-0.0281407237052917,-0.547738676890731,
,,,0.000433598,-0.0281407237052917,-0.547738676890731,
,,,0.000435614,-0.0442211255431175,-0.527638174593449,
,,,0.00043763,-0.0442211255431175,-0.547738676890731,
,,,0.000439646,-0.0281407237052917,-0.547738676890731,
,,,0.000441662,-0.0281407237052917,-0.547738676890731,
,,,0.000443678,-0.0281407237052917,-0.547738676890731,
,,,0.000445694,-0.0281407237052917,-0.547738676890731,
,,,0.00044771,-0.0281407237052917,-0.547738676890731,
,,,0.000449726,-0.0281407237052917,-0.547738676890731,
,,,0.000451742,-0.0442211255431175,-0.547738676890731,
,,,0.000453758,-0.0281407237052917,-0.547738676890731,
,,,0.000455774,-0.0281407237052917,-0.547738676890731,
,,,0.00045779,-0.0281407237052917,-0.547738676890731,
,,,0.000459806,-0.0281407237052917,-0.547738676890731,
,,,0.000461822,-0.0281407237052917,-0.547738676890731,
,,,0.000463838,-0.0281407237052917,-0.547738676890731,
,,,0.000465854,-0.0281407237052917,-0.547738676890731,
,,,0.00046787,-0.0442211255431175,-0.547738676890731,
,,,0.000469886,-0.0281407237052917,-0.547738676890731,
,,,0.000471902,-0.0281407237052917,-0.547738676890731,
,,,0.000473918,-0.0281407237052917,-0.547738676890731,
,,,0.000475934,-0.0281407237052917,-0.547738676890731,
,,,0.00047795,-0.0442211255431175,-0.547738676890731,
,,,0.000479966,-0.0281407237052917,-0.547738676890731,
,,,0.000481982,-0.0281407237052917,-0.547738676890731,
,,,0.000483998,-0.0281407237052917,-0.547738676890731,
,,,0.000486014,-0.0281407237052917,-0.547738676890731,
,,,0.00048803,-0.0281407237052917,-0.547738676890731,
,,,0.000490046,-0.0281407237052917,-0.547738676890731,
,,,0.000492062,-0.0281407237052917,-0.547738676890731,
,,,0.000494078,-0.0281407237052917,-0.547738676890731,
,,,0.000496094,-0.0281407237052917,-0.547738676890731,
,,,0.00049811,-0.0281407237052917,-0.547738676890731,
,,,0.000500126,-0.0281407237052917,-0.547738676890731,
,,,0.000502142,-0.0281407237052917,-0.547738676890731,
,,,0.000504158,-0.0281407237052917,-0.547738676890731,
,,,0.000506174,-0.0442211255431175,-0.567839179188013,
,,,0.00050819,-0.0281407237052917,-0.547738676890731,
,,,0.000510206,-0.0281407237052917,-0.547738676890731,
,,,0.000512222,-0.0281407237052917,-0.547738676890731,
,,,0.000514238,-0.0281407237052917,-0.547738676890731,
,,,0.000516254,-0.0281407237052917,-0.547738676890731,
,,,0.00051827,-0.0281407237052917,-0.547738676890731,
,,,0.000520286,-0.0281407237052917,-0.547738676890731,
,,,0.000522302,-0.0281407237052917,-0.547738676890731,
,,,0.000524318,-0.0281407237052917,-0.547738676890731,
,,,0.000526334,-0.0281407237052917,-0.547738676890731,
,,,0.00052835,-0.0442211255431175,-0.547738676890731,
,,,0.000530366,-0.0281407237052917,-0.547738676890731,
,,,0.000532382,-0.0281407237052917,-0.547738676890731,
,,,0.000534398,-0.0281407237052917,-0.527638174593449,
,,,0.000536414,-0.0281407237052917,-0.547738676890731,
,,,0.00053843,-0.0281407237052917,-0.547738676890731,
,,,0.000540446,-0.0281407237052917,-0.547738676890731,
,,,0.000542462,-0.0281407237052917,-0.527638174593449,
,,,0.000544478,-0.0442211255431175,-0.547738676890731,
,,,0.000546494,-0.0281407237052917,-0.547738676890731,
,,,0.00054851,-0.0281407237052917,-0.547738676890731,
,,,0.000550526,-0.0281407237052917,-0.547738676890731,
,,,0.000552542,-0.0281407237052917,-0.547738676890731,
,,,0.000554558,-0.0281407237052917,-0.547738676890731,
,,,0.000556574,-0.0281407237052917,-0.547738676890731,
,,,0.00055859,-0.0281407237052917,-0.547738676890731,
,,,0.000560606,-0.0281407237052917,-0.547738676890731,
,,,0.000562622,-0.0281407237052917,-0.547738676890731,
,,,0.000564638,-0.0281407237052917,-0.547738676890731,
,,,0.000566654,-0.0281407237052917,-0.547738676890731,
,,,0.00056867,-0.0281407237052917,-0.547738676890731,
,,,0.000570686,-0.0281407237052917,-0.547738676890731,
,,,0.000572702,-0.0281407237052917,-0.547738676890731,
,,,0.000574718,-0.0281407237052917,-0.547738676890731,
,,,0.000576734,-0.0281407237052917,-0.527638174593449,
,,,0.00057875,-0.0281407237052917,-0.547738676890731,
,,,0.000580766,-0.0442211255431175,-0.547738676890731,
,,,0.000582782,-0.0281407237052917,-0.547738676890731,
,,,0.000584798,-0.0281407237052917,-0.567839179188013,
,,,0.000586814,-0.0281407237052917,-0.547738676890731,
,,,0.00058883,-0.0281407237052917,-0.547738676890731,
,,,0.000590846,-0.0281407237052917,-0.547738676890731,
,,,0.000592862,-0.0442211255431175,-0.547738676890731,
,,,0.000594878,-0.0281407237052917,-0.547738676890731,
,,,0.000596894,-0.0281407237052917,-0.547738676890731,
,,,0.00059891,-0.0281407237052917,-0.547738676890731,
,,,0.000600926,-0.0442211255431175,-0.547738676890731,
,,,0.000602942,-0.0281407237052917,-0.547738676890731,
,,,0.000604958,-0.0281407237052917,-0.527638174593449,
,,,0.000606974,-0.0281407237052917,-0.547738676890731,
,,,0.00060899,-0.0281407237052917,-0.547738676890731,
,,,0.000611006,-0.0442211255431175,-0.547738676890731,
,,,0.000613022,-0.0281407237052917,-0.547738676890731,
,,,0.000615038,-0.0281407237052917,-0.547738676890731,
,,,0.000617054,-0.0442211255431175,-0.547738676890731,
,,,0.00061907,-0.0281407237052917,-0.547738676890731,
,,,0.000621086,-0.0281407237052917,-0.547738676890731,
,,,0.000623102,-0.0281407237052917,-0.547738676890731,
,,,0.000625118,-0.0442211255431175,-0.527638174593449,
,,,0.000627134,-0.0281407237052917,-0.527638174593449,
,,,0.00062915,-0.0442211255431175,-0.547738676890731,
,,,0.000631166,-0.0442211255431175,-0.547738676890731,
,,,0.000633182,-0.0281407237052917,-0.547738676890731,
,,,0.000635198,-0.0281407237052917,-0.547738676890731,
,,,0.000637214,-0.0281407237052917,-0.527638174593449,
,,,0.00063923,-0.0281407237052917,-0.547738676890731,
,,,0.000641246,-0.0281407237052917,-0.547738676890731,
,,,0.000643262,-0.0281407237052917,-0.547738676890731,
,,,0.000645278,-0.0281407237052917,-0.547738676890731,
,,,0.000647294,-0.0442211255431175,-0.547738676890731,
,,,0.00064931,-0.0281407237052917,-0.527638174593449,
,,,0.000651326,-0.0281407237052917,-0.547738676890731,
,,,0.000653342,-0.0281407237052917,-0.547738676890731,
,,,0.000655358,-0.0281407237052917,-0.547738676890731,
,,,0.000657374,-0.0281407237052917,-0.547738676890731,
,,,0.00065939,-0.0281407237052917,-0.547738676890731,
,,,0.000661406,-0.0281407237052917,-0.547738676890731,
,,,0.000663422,-0.0281407237052917,-0.547738676890731,
,,,0.000665438,-0.0281407237052917,-0.547738676890731,
,,,0.000667454,-0.0281407237052917,-0.547738676890731,
,,,0.00066947,-0.0281407237052917,-0.547738676890731,
,,,0.000671486,-0.0281407237052917,-0.547738676890731,
,,,0.000673502,-0.0281407237052917,-0.547738676890731,
,,,0.000675518,-0.0281407237052917,-0.547738676890731,
,,,0.000677534,-0.0281407237052917,-0.547738676890731,
,,,0.00067955,-0.0281407237052917,-0.547738676890731,
,,,0.000681566,-0.0281407237052917,-0.547738676890731,
,,,0.000683582,-0.0281407237052917,-0.527638174593449,
,,,0.000685598,-0.0281407237052917,-0.547738676890731,
,,,0.000687614,-0.0442211255431175,-0.527638174593449,
,,,0.00068963,-0.0442211255431175,-0.547738676890731,
,,,0.000691646,-0.0281407237052917,-0.527638174593449,
,,,0.000693662,-0.0281407237052917,-0.547738676890731,
,,,0.000695678,-0.0281407237052917,-0.547738676890731,
,,,0.000697694,-0.0281407237052917,-0.547738676890731,
,,,0.00069971,-0.0281407237052917,-0.547738676890731,
,,,0.000701726,-0.0281407237052917,-0.547738676890731,
,,,0.000703742,-0.0442211255431175,-0.547738676890731,
,,,0.000705758,-0.0281407237052917,-0.547738676890731,
,,,0.000707774,-0.0281407237052917,-0.547738676890731,
,,,0.00070979,-0.0281407237052917,-0.547738676890731,
,,,0.000711806,-0.0281407237052917,-0.547738676890731,
,,,0.000713822,-0.0281407237052917,-0.567839179188013,
,,,0.000715838,-0.0281407237052917,-0.547738676890731,
,,,0.000717854,-0.0281407237052917,-0.527638174593449,
,,,0.00071987,-0.0281407237052917,-0.547738676890731,
,,,0.000721886,-0.0281407237052917,-0.527638174593449,
,,,0.000723902,-0.0281407237052917,-0.547738676890731,
,,,0.000725918,-0.0281407237052917,-0.547738676890731,
,,,0.000727934,-0.0281407237052917,-0.547738676890731,
,,,0.00072995,-0.0281407237052917,-0.547738676890731,
,,,0.000731966,-0.0281407237052917,-0.547738676890731,
,,,0.000733982,-0.0281407237052917,-0.547738676890731,
,,,0.000735998,-0.0281407237052917,-0.547738676890731,
,,,0.000738014,-0.0281407237052917,-0.547738676890731,
,,,0.00074003,-0.0281407237052917,-0.547738676890731,
,,,0.000742046,-0.0281407237052917,-0.547738676890731,
,,,0.000744062,-0.0281407237052917,-0.547738676890731,
,,,0.000746078,-0.0281407237052917,-0.547738676890731,
,,,0.000748094,-0.0281407237052917,-0.547738676890731,
,,,0.00075011,-0.0442211255431175,-0.547738676890731,
,,,0.000752126,-0.0281407237052917,-0.527638174593449,
,,,0.000754142,-0.0281407237052917,-0.547738676890731,
,,,0.000756158,-0.0281407237052917,-0.547738676890731,
,,,0.000758174,-0.0281407237052917,-0.547738676890731,
,,,0.00076019,-0.0281407237052917,-0.547738676890731,
,,,0.000762206,-0.0281407237052917,-0.547738676890731,
,,,0.000764222,-0.0281407237052917,-0.547738676890731,
,,,0.000766238,-0.0281407237052917,-0.527638174593449,
,,,0.000768254,-0.0281407237052917,-0.547738676890731,
,,,0.00077027,-0.0281407237052917,-0.547738676890731,
,,,0.000772286,-0.0281407237052917,-0.547738676890731,
,,,0.000774302,-0.0281407237052917,-0.547738676890731,
,,,0.000776318,-0.0281407237052917,-0.547738676890731,
,,,0.000778334,-0.0442211255431175,-0.547738676890731,
,,,0.00078035,-0.0281407237052917,-0.547738676890731,
,,,0.000782366,-0.0281407237052917,-0.547738676890731,
,,,0.000784382,-0.0442211255431175,-0.547738676890731,
,,,0.000786398,-0.0281407237052917,-0.547738676890731,
,,,0.000788414,-0.0281407237052917,-0.547738676890731,
,,,0.00079043,-0.0281407237052917,-0.547738676890731,
,,,0.000792446,-0.0281407237052917,-0.547738676890731,
,,,0.000794462,-0.0281407237052917,-0.547738676890731,
,,,0.000796478,-0.0281407237052917,-0.547738676890731,
,,,0.000798494,-0.0281407237052917,-0.547738676890731,
,,,0.00080051,-0.0281407237052917,-0.547738676890731,
,,,0.000802526,-0.0281407237052917,-0.527638174593449,
,,,0.000804542,-0.0281407237052917,-0.547738676890731,
,,,0.000806558,-0.0281407237052917,-0.547738676890731,
,,,0.000808574,-0.0281407237052917,-0.547738676890731,
,,,0.00081059,-0.0281407237052917,-0.527638174593449,
,,,0.000812606,-0.0281407237052917,-0.547738676890731,
,,,0.000814622,-0.0281407237052917,-0.547738676890731,
,,,0.000816638,-0.0281407237052917,-0.547738676890731,
,,,0.000818654,-0.0281407237052917,-0.567839179188013,
,,,0.00082067,-0.0281407237052917,-0.547738676890731,
,,,0.000822686,-0.0281407237052917,-0.527638174593449,
,,,0.000824702,-0.0281407237052917,-0.547738676890731,
,,,0.000826718,-0.0281407237052917,-0.547738676890731,
,,,0.000828734,-0.0281407237052917,-0.547738676890731,
,,,0.00083075,-0.0281407237052917,-0.547738676890731,
,,,0.000832766,-0.0281407237052917,-0.547738676890731,
,,,0.000834782,-0.0281407237052917,-0.527638174593449,
,,,0.000836798,-0.0281407237052917,-0.547738676890731,
,,,0.000838814,-0.0281407237052917,-0.547738676890731,
,,,0.00084083,-0.0281407237052917,-0.547738676890731,
,,,0.000842846,-0.0281407237052917,-0.527638174593449,
,,,0.000844862,-0.0281407237052917,-0.547738676890731,
,,,0.000846878,-0.0281407237052917,-0.547738676890731,
,,,0.000848894,-0.0281407237052917,-0.547738676890731,
,,,0.00085091,-0.0281407237052917,-0.547738676890731,
,,,0.000852926,-0.0281407237052917,-0.547738676890731,
,,,0.000854942,-0.0281407237052917,-0.567839179188013,
,,,0.000856958,-0.0281407237052917,-0.547738676890731,
,,,0.000858974,-0.0281407237052917,-0.547738676890731,
,,,0.00086099,-0.0442211255431175,-0.547738676890731,
,,,0.000863006,-0.0281407237052917,-0.547738676890731,
,,,0.000865022,-0.0281407237052917,-0.567839179188013,
,,,0.000867038,-0.0281407237052917,-0.547738676890731,
,,,0.000869054,-0.0281407237052917,-0.547738676890731,
,,,0.00087107,-0.0281407237052917,-0.547738676890731,
,,,0.000873086,-0.0281407237052917,-0.547738676890731,
,,,0.000875102,-0.0281407237052917,-0.547738676890731,
,,,0.000877118,-0.0281407237052917,-0.547738676890731,
,,,0.000879134,-0.0281407237052917,-0.547738676890731,
,,,0.00088115,-0.0281407237052917,-0.547738676890731,
,,,0.000883166,-0.0442211255431175,-0.547738676890731,
,,,0.000885182,-0.0281407237052917,-0.547738676890731,
,,,0.000887198,-0.0281407237052917,-0.547738676890731,
,,,0.000889214,-0.0281407237052917,-0.547738676890731,
,,,0.00089123,-0.0281407237052917,-0.547738676890731,
,,,0.000893246,-0.0281407237052917,-0.547738676890731,
,,,0.000895262,-0.0281407237052917,-0.547738676890731,
,,,0.000897278,-0.0281407237052917,-0.547738676890731,
,,,0.000899294,-0.0281407237052917,-0.547738676890731,
,,,0.00090131,-0.0281407237052917,-0.547738676890731,
,,,0.000903326,-0.0281407237052917,-0.547738676890731,
,,,0.000905342,-0.0281407237052917,-0.547738676890731,
,,,0.000907358,-0.0281407237052917,-0.547738676890731,
,,,0.000909374,-0.0281407237052917,-0.547738676890731,
,,,0.00091139,-0.0281407237052917,-0.547738676890731,
,,,0.000913406,-0.0442211255431175,-0.547738676890731,
,,,0.000915422,-0.0281407237052917,-0.547738676890731,
,,,0.000917438,-0.0281407237052917,-0.547738676890731,
,,,0.000919454,-0.0281407237052917,-0.547738676890731,
,,,0.00092147,-0.0281407237052917,-0.547738676890731,
,,,0.000923486,-0.0281407237052917,-0.547738676890731,
,,,0.000925502,-0.0281407237052917,-0.547738676890731,
,,,0.000927518,-0.0281407237052917,-0.547738676890731,
,,,0.000929534,-0.0281407237052917,-0.547738676890731,
,,,0.00093155,-0.0281407237052917,-0.547738676890731,
,,,0.000933566,-0.0442211255431175,-0.547738676890731,
,,,0.000935582,-0.0281407237052917,-0.547738676890731,
,,,0.000937598,-0.0281407237052917,-0.547738676890731,
,,,0.000939614,-0.0281407237052917,-0.547738676890731,
,,,0.00094163,-0.0442211255431175,-0.547738676890731,
,,,0.000943646,-0.0281407237052917,-0.547738676890731,
,,,0.000945662,-0.0281407237052917,-0.547738676890731,
,,,0.000947678,-0.0281407237052917,-0.547738676890731,
,,,0.000949694,-0.0281407237052917,-0.547738676890731,
,,,0.00095171,-0.0281407237052917,-0.547738676890731,
,,,0.000953726,-0.0281407237052917,-0.547738676890731,
,,,0.000955742,-0.0281407237052917,-0.547738676890731,
,,,0.000957758,-0.0281407237052917,-0.547738676890731,
,,,0.000959774,-0.0281407237052917,-0.547738676890731,
,,,0.00096179,-0.0281407237052917,-0.527638174593449,
,,,0.000963806,-0.0281407237052917,-0.527638174593449,
,,,0.000965822,-0.0281407237052917,-0.547738676890731,
,,,0.000967838,-0.0281407237052917,-0.547738676890731,
,,,0.000969854,-0.0442211255431175,-0.547738676890731,
,,,0.00097187,-0.0281407237052917,-0.547738676890731,
,,,0.000973886,-0.0281407237052917,-0.547738676890731,
,,,0.000975902,-0.0281407237052917,-0.547738676890731,
,,,0.000977918,-0.0281407237052917,-0.547738676890731,
,,,0.000979934,-0.0281407237052917,-0.547738676890731,
,,,0.00098195,-0.0281407237052917,-0.547738676890731,
,,,0.000983966,-0.0281407237052917,-0.547738676890731,
,,,0.000985982,-0.0281407237052917,-0.547738676890731,
,,,0.000987998,-0.0281407237052917,-0.547738676890731,
,,,0.000990014,-0.0281407237052917,-0.547738676890731,
,,,0.00099203,-0.0281407237052917,-0.547738676890731,
,,,0.000994046,-0.0281407237052917,-0.547738676890731,
,,,0.000996062,-0.0281407237052917,-0.547738676890731,
,,,0.000998078,-0.0281407237052917,-0.547738676890731,
,,,0.001000094,0.293467313051224,0.316582921892405,
,,,0.00100211,0.293467313051224,0.718592967838049,
,,,0.001004126,0.293467313051224,0.81909547932446,
,,,0.001006142,0.293467313051224,0.859296483919024,
,,,0.001008158,0.293467313051224,0.859296483919024,
,,,0.001010174,0.293467313051224,0.899497488513589,
,,,0.00101219,0.293467313051224,0.899497488513589,
,,,0.001014206,0.293467313051224,0.919597990810871,
,,,0.001016222,0.293467313051224,0.919597990810871,
,,,0.001018238,0.293467313051224,0.919597990810871,
,,,0.001020254,0.293467313051224,0.939698493108153,
,,,0.00102227,0.30954771488905,0.939698493108153,
,,,0.001024286,0.293467313051224,0.939698493108153,
,,,0.001026302,0.30954771488905,0.919597990810871,
,,,0.001028318,0.293467313051224,0.939698493108153,
,,,0.001030334,0.293467313051224,0.939698493108153,
,,,0.00103235,0.293467313051224,0.939698493108153,
,,,0.001034366,0.293467313051224,0.939698493108153,
,,,0.001036382,0.30954771488905,0.939698493108153,
,,,0.001038398,0.293467313051224,0.959798995405436,
,,,0.001040414,0.293467313051224,0.939698493108153,
,,,0.00104243,0.30954771488905,0.939698493108153,
,,,0.001044446,0.293467313051224,0.939698493108153,
,,,0.001046462,0.30954771488905,0.939698493108153,
,,,0.001048478,-0.0281407237052917,0.356783926486969,
,,,0.001050494,-0.0281407237052917,-0.467336667701602,
,,,0.00105251,-0.0442211255431175,-0.507537672296166,
,,,0.001054526,-0.0281407237052917,-0.507537672296166,
,,,0.001056542,-0.0281407237052917,-0.507537672296166,
,,,0.001058558,-0.0281407237052917,-0.507537672296166,
,,,0.001060574,-0.0281407237052917,-0.527638174593449,
,,,0.00106259,-0.0281407237052917,-0.527638174593449,
,,,0.001064606,-0.0281407237052917,-0.527638174593449,
,,,0.001066622,-0.0281407237052917,-0.527638174593449,
,,,0.001068638,-0.0281407237052917,-0.527638174593449,
,,,0.001070654,-0.0281407237052917,-0.527638174593449,
,,,0.00107267,-0.0281407237052917,-0.527638174593449,
,,,0.001074686,-0.0442211255431175,-0.527638174593449,
,,,0.001076702,-0.0281407237052917,-0.527638174593449,
,,,0.001078718,-0.0281407237052917,-0.527638174593449,
,,,0.001080734,-0.0281407237052917,-0.527638174593449,
,,,0.00108275,-0.0281407237052917,-0.527638174593449,
,,,0.001084766,-0.0281407237052917,-0.527638174593449,
,,,0.001086782,-0.0281407237052917,-0.547738676890731,
,,,0.001088798,-0.0281407237052917,-0.547738676890731,
,,,0.001090814,-0.0281407237052917,-0.547738676890731,
,,,0.00109283,-0.0281407237052917,-0.547738676890731,
,,,0.001094846,-0.0281407237052917,-0.527638174593449,
,,,0.001096862,-0.0281407237052917,-0.547738676890731,
,,,0.001098878,-0.0281407237052917,-0.527638174593449,
,,,0.001100894,-0.0281407237052917,-0.547738676890731,
,,,0.00110291,-0.0281407237052917,-0.547738676890731,
,,,0.001104926,-0.0281407237052917,-0.527638174593449,
,,,0.001106942,-0.0281407237052917,-0.547738676890731,
,,,0.001108958,-0.0281407237052917,-0.547738676890731,
,,,0.001110974,-0.0281407237052917,-0.547738676890731,
,,,0.00111299,-0.0281407237052917,-0.527638174593449,
,,,0.001115006,-0.0281407237052917,-0.547738676890731,
,,,0.001117022,-0.0281407237052917,-0.547738676890731,
,,,0.001119038,-0.0281407237052917,-0.547738676890731,
,,,0.001121054,-0.0281407237052917,-0.547738676890731,
,,,0.00112307,-0.0281407237052917,-0.547738676890731,
,,,0.001125086,-0.0281407237052917,-0.527638174593449,
,,,0.001127102,-0.0281407237052917,-0.547738676890731,
,,,0.001129118,-0.0281407237052917,-0.547738676890731,
,,,0.001131134,-0.0281407237052917,-0.547738676890731,
,,,0.00113315,-0.0281407237052917,-0.547738676890731,
,,,0.001135166,-0.0281407237052917,-0.547738676890731,
,,,0.001137182,-0.0281407237052917,-0.547738676890731,
,,,0.001139198,-0.0442211255431175,-0.547738676890731,
,,,0.001141214,-0.0281407237052917,-0.547738676890731,
,,,0.00114323,-0.0281407237052917,-0.547738676890731,
,,,0.001145246,-0.0281407237052917,-0.547738676890731,
,,,0.001147262,-0.0281407237052917,-0.527638174593449,
,,,0.001149278,-0.0281407237052917,-0.547738676890731,
,,,0.001151294,-0.0281407237052917,-0.547738676890731,
,,,0.00115331,-0.0281407237052917,-0.547738676890731,
,,,0.001155326,-0.0281407237052917,-0.547738676890731,
,,,0.001157342,-0.0281407237052917,-0.547738676890731,
,,,0.001159358,-0.0442211255431175,-0.547738676890731,
,,,0.001161374,-0.0281407237052917,-0.547738676890731,
,,,0.00116339,-0.0281407237052917,-0.547738676890731,
,,,0.001165406,-0.0442211255431175,-0.547738676890731,
,,,0.001167422,-0.0281407237052917,-0.547738676890731,
,,,0.001169438,-0.0281407237052917,-0.547738676890731,
,,,0.001171454,-0.0281407237052917,-0.547738676890731,
,,,0.00117347,-0.0281407237052917,-0.547738676890731,
,,,0.001175486,-0.0442211255431175,-0.547738676890731,
,,,0.001177502,-0.0442211255431175,-0.547738676890731,
,,,0.001179518,-0.0281407237052917,-0.547738676890731,
,,,0.001181534,-0.0281407237052917,-0.547738676890731,
,,,0.00118355,-0.0442211255431175,-0.547738676890731,
,,,0.001185566,-0.0442211255431175,-0.547738676890731,
,,,0.001187582,-0.0281407237052917,-0.547738676890731,
,,,0.001189598,-0.0281407237052917,-0.547738676890731,
,,,0.001191614,-0.0281407237052917,-0.547738676890731,
,,,0.00119363,-0.0281407237052917,-0.527638174593449,
,,,0.001195646,-0.0281407237052917,-0.527638174593449,
,,,0.001197662,-0.0281407237052917,-0.547738676890731,
,,,0.001199678,-0.0281407237052917,-0.547738676890731,
,,,0.001201694,-0.0281407237052917,-0.547738676890731,
,,,0.00120371,-0.0281407237052917,-0.547738676890731,
,,,0.001205726,-0.0281407237052917,-0.547738676890731,
,,,0.001207742,-0.0442211255431175,-0.547738676890731,
,,,0.001209758,-0.0281407237052917,-0.547738676890731,
,,,0.001211774,-0.0281407237052917,-0.547738676890731,
,,,0.00121379,-0.0281407237052917,-0.547738676890731,
,,,0.001215806,-0.0281407237052917,-0.547738676890731,
,,,0.001217822,-0.0281407237052917,-0.547738676890731,
,,,0.001219838,-0.0442211255431175,-0.547738676890731,
,,,0.001221854,-0.0281407237052917,-0.547738676890731,
,,,0.00122387,-0.0281407237052917,-0.547738676890731,
,,,0.001225886,-0.0281407237052917,-0.527638174593449,
,,,0.001227902,-0.0442211255431175,-0.547738676890731,
,,,0.001229918,-0.0442211255431175,-0.547738676890731,
,,,0.001231934,-0.0281407237052917,-0.547738676890731,
,,,0.00123395,-0.0281407237052917,-0.527638174593449,
,,,0.001235966,-0.0281407237052917,-0.547738676890731,
,,,0.001237982,-0.0281407237052917,-0.547738676890731,
,,,0.001239998,-0.0281407237052917,-0.547738676890731,
,,,0.001242014,-0.0281407237052917,-0.547738676890731,
,,,0.00124403,-0.0281407237052917,-0.547738676890731,
,,,0.001246046,-0.0281407237052917,-0.547738676890731,
,,,0.001248062,-0.0281407237052917,-0.547738676890731,
,,,0.001250078,-0.0281407237052917,-0.547738676890731,
,,,0.001252094,-0.0281407237052917,-0.547738676890731,
,,,0.00125411,-0.0442211255431175,-0.547738676890731,
,,,0.001256126,-0.0281407237052917,-0.547738676890731,
,,,0.001258142,-0.0281407237052917,-0.527638174593449,
,,,0.001260158,-0.0281407237052917,-0.547738676890731,
,,,0.001262174,-0.0442211255431175,-0.547738676890731,
,,,0.00126419,-0.0281407237052917,-0.547738676890731,
,,,0.001266206,-0.0281407237052917,-0.547738676890731,
,,,0.001268222,-0.0281407237052917,-0.547738676890731,
,,,0.001270238,-0.0281407237052917,-0.547738676890731,
,,,0.001272254,-0.0281407237052917,-0.547738676890731,
,,,0.00127427,-0.0281407237052917,-0.547738676890731,
,,,0.001276286,-0.0281407237052917,-0.547738676890731,
,,,0.001278302,-0.0281407237052917,-0.547738676890731,
,,,0.001280318,-0.0281407237052917,-0.547738676890731,
,,,0.001282334,-0.0281407237052917,-0.547738676890731,
,,,0.00128435,-0.0442211255431175,-0.567839179188013,
,,,0.001286366,-0.0281407237052917,-0.547738676890731,
,,,0.001288382,-0.0281407237052917,-0.547738676890731,
,,,0.001290398,-0.0281407237052917,-0.547738676890731,
,,,0.001292414,-0.0281407237052917,-0.547738676890731,
,,,0.00129443,-0.0281407237052917,-0.547738676890731,
,,,0.001296446,-0.0281407237052917,-0.547738676890731,
,,,0.001298462,-0.0281407237052917,-0.547738676890731,
,,,0.001300478,-0.0281407237052917,-0.547738676890731,
,,,0.001302494,-0.0281407237052917,-0.547738676890731,
,,,0.00130451,-0.0281407237052917,-0.547738676890731,
,,,0.001306526,-0.0442211255431175,-0.547738676890731,
,,,0.001308542,-0.0281407237052917,-0.547738676890731,
,,,0.001310558,-0.0281407237052917,-0.547738676890731,
,,,0.001312574,-0.0281407237052917,-0.547738676890731,
,,,0.00131459,-0.0442211255431175,-0.547738676890731,
,,,0.001316606,-0.0281407237052917,-0.547738676890731,
