Instrument in Sequence,1 - 34461A - USB0::0x2A8D::0x1301::MY57212367::0::INSTR,,,,,,,,,,
Instrument in Sequence,2 - 34450A - USB0::0x0957::0xB318::MY53180202::0::INSTR,,,,,,,,,,
Instrument in Sequence,3 - E3631A - ASRL3::INSTR,,,,,,,,,,
Start Time,2022-12-02 10:09:34.603,,,,,,,,,,
Stop Time,2022-12-02 10:26:23.634,,,,,,,,,,
,,,,,,,,,,,
Time,Step,3 - Set CH1 On/Off,3 - Set CH2 On/Off,3 - Sweep CH2 Voltage Setting,3 - Get CH2 Voltage Setting,3 - Get CH2 Current Measurement,3 - Sweep CH1 Voltage Setting,1 - Get Measurement Value,2 - Get Measurement Value,3 - Set CH1 On/Off,3 - Set CH2 On/Off ()
2022-12-02 10:09:41.308,1,1,,,,,,,,,
2022-12-02 10:09:42.705,2,,1,,,,,,,,
2022-12-02 10:09:47.450,3,,,0,0,-0.0001156137,,,,,
2022-12-02 10:09:50.196,4,,,0,,,0,-2.98778705E-09,-0.000216154344,,
2022-12-02 10:09:52.463,5,,,0,,,0.05,2.61233307E-09,0.0497187071,,
2022-12-02 10:09:54.741,6,,,0,,,0.1,8.4294587E-09,0.0993745634,,
2022-12-02 10:09:57.784,7,,,0,,,0.15,1.28680826E-08,0.149289231,,
2022-12-02 10:10:00.064,8,,,0,,,0.2,1.71960223E-08,0.199336959,,
2022-12-02 10:10:02.197,9,,,0,,,0.25,2.15742521E-08,0.249272014,,
2022-12-02 10:10:04.475,10,,,0,,,0.3,2.75473002E-08,0.299277443,,
2022-12-02 10:10:06.764,11,,,0,,,0.35,3.23028211E-08,0.349222671,,
2022-12-02 10:10:08.900,12,,,0,,,0.4,3.77160179E-08,0.399279398,,
2022-12-02 10:10:11.201,13,,,0,,,0.45,4.34029402E-08,0.449228651,,
2022-12-02 10:10:13.517,14,,,0,,,0.5,4.76920715E-08,0.499208591,,
2022-12-02 10:10:15.739,15,,,0,,,0.55,5.31043498E-08,0.549150186,,
2022-12-02 10:10:18.023,16,,,0,,,0.6,5.61798576E-08,0.599189231,,
2022-12-02 10:10:20.281,17,,,0,,,0.65,6.17795184E-08,0.649051196,,
2022-12-02 10:10:22.495,18,,,0,,,0.7,6.67299998E-08,0.699045105,,
2022-12-02 10:10:24.728,19,,,0,,,0.75,7.24196778E-08,0.748978065,,
2022-12-02 10:10:26.977,20,,,0,,,0.8,7.79467738E-08,0.79901068,,
2022-12-02 10:10:29.253,21,,,0,,,0.85,8.16409196E-08,0.84896617,,
2022-12-02 10:10:31.381,22,,,0,,,0.9,8.6855941E-08,0.898698649,,
2022-12-02 10:10:33.638,23,,,0,,,0.95,9.1431887E-08,0.948641318,,
2022-12-02 10:10:35.938,24,,,0,,,1,9.70476223E-08,0.998601862,,
2022-12-02 10:10:38.080,25,,,0,,,1.05,1.02632127E-07,1.04863406,,
2022-12-02 10:10:40.398,26,,,0,,,1.1,1.07485473E-07,1.09860635,,
2022-12-02 10:10:42.695,27,,,0,,,1.15,1.12997183E-07,1.1483323,,
2022-12-02 10:10:44.857,28,,,0,,,1.2,1.17265877E-07,1.19823619,,
2022-12-02 10:10:47.442,29,,,0,,,1.25,1.22283871E-07,1.24867611,,
2022-12-02 10:10:49.554,30,,,0,,,1.3,1.27780426E-07,1.29864684,,
2022-12-02 10:10:51.780,31,,,0,,,1.35,1.34142017E-07,1.34862954,,
2022-12-02 10:10:54.026,32,,,0,,,1.4,1.39163456E-07,1.39856322,,
2022-12-02 10:10:56.260,33,,,0,,,1.45,1.43921273E-07,1.44857436,,
2022-12-02 10:10:58.396,34,,,0,,,1.5,1.477408E-07,1.49852673,,
2022-12-02 10:11:00.660,35,,,0,,,1.55,1.53008637E-07,1.54855897,,
2022-12-02 10:11:03.433,36,,,0,,,1.6,1.57578153E-07,1.59851964,,
2022-12-02 10:11:05.572,37,,,0,,,1.65,1.62324259E-07,1.64853659,,
2022-12-02 10:11:07.858,38,,,0,,,1.7,1.68801816E-07,1.69838695,,
2022-12-02 10:11:10.127,39,,,0,,,1.75,1.72918492E-07,1.74837309,,
2022-12-02 10:11:12.238,40,,,0,,,1.8,1.77583306E-07,1.79833277,,
2022-12-02 10:11:14.528,41,,,0,,,1.85,1.82137896E-07,1.84836189,,
2022-12-02 10:11:16.805,42,,,0,,,1.9,1.88087062E-07,1.89832843,,
2022-12-02 10:11:18.999,43,,,0,,,1.95,1.92700898E-07,1.94828816,,
2022-12-02 10:11:21.276,44,,,0,,,2,1.96856611E-07,1.99830374,,
2022-12-02 10:11:23.562,45,,,0,,,2.05,2.02275319E-07,2.04837328,,
2022-12-02 10:11:25.758,46,,,0,,,2.1,2.06709121E-07,2.09819561,,
2022-12-02 10:11:28.057,47,,,0,,,2.15,2.13511612E-07,2.14824,,
2022-12-02 10:11:30.313,48,,,0,,,2.2,2.1836978E-07,2.19800817,,
2022-12-02 10:11:32.466,49,,,0,,,2.25,2.23272497E-07,2.24797207,,
2022-12-02 10:11:34.670,50,,,0,,,2.3,2.27462196E-07,2.29800343,,
2022-12-02 10:11:36.963,51,,,0,,,2.35,2.32861845E-07,2.34798573,,
2022-12-02 10:11:39.219,52,,,0,,,2.4,2.37637344E-07,2.39796364,,
2022-12-02 10:11:41.373,53,,,0,,,2.45,2.43977809E-07,2.44796159,,
2022-12-02 10:11:43.668,54,,,0,,,2.5,2.48034319E-07,2.49785822,,
2022-12-02 10:11:45.925,55,,,0,,,2.55,2.52675941E-07,2.54790912,,
2022-12-02 10:11:48.091,56,,,0,,,2.6,2.58208778E-07,2.59788618,,
2022-12-02 10:11:50.383,57,,,0,,,2.65,2.62936972E-07,2.64790776,,
2022-12-02 10:11:52.651,58,,,0,,,2.7,2.673733E-07,2.69793889,,
2022-12-02 10:11:54.766,59,,,0,,,2.75,2.73423276E-07,2.74783526,,
2022-12-02 10:11:57.033,60,,,0,,,2.8,2.77949161E-07,2.79778426,,
2022-12-02 10:11:59.365,61,,,0,,,2.85,2.81836201E-07,2.84771091,,
2022-12-02 10:12:01.888,62,,,0,,,2.9,2.87273509E-07,2.89779583,,
2022-12-02 10:12:04.150,63,,,0,,,2.95,2.91440245E-07,2.94776012,,
2022-12-02 10:12:06.415,64,,,0,,,3,2.98995941E-07,2.99761813,,
2022-12-02 10:12:11.152,65,,,1,1,-6.2323E-05,3,,,,
2022-12-02 10:12:13.869,66,,,1,,,0,-2.5264494E-09,-0.000184246986,,
2022-12-02 10:12:16.195,67,,,1,,,0.05,2.39900172E-09,0.0497429986,,
2022-12-02 10:12:18.458,68,,,1,,,0.1,7.51688736E-09,0.0993973539,,
2022-12-02 10:12:21.023,69,,,1,,,0.15,1.20769885E-08,0.1493145,,
2022-12-02 10:12:23.274,70,,,1,,,0.2,1.82782942E-08,0.199349166,,
2022-12-02 10:12:25.437,71,,,1,,,0.25,2.22718846E-08,0.249286683,,
2022-12-02 10:12:27.732,72,,,1,,,0.3,2.77583352E-08,0.299270434,,
2022-12-02 10:12:30.046,73,,,1,,,0.35,3.2222219E-08,0.349220519,,
2022-12-02 10:12:32.256,74,,,1,,,0.4,3.70808462E-08,0.399274241,,
2022-12-02 10:12:34.968,75,,,1,,,0.45,4.22724448E-08,0.449226085,,
2022-12-02 10:12:37.184,76,,,1,,,0.5,4.77997705E-08,0.499228306,,
2022-12-02 10:12:39.395,77,,,1,,,0.55,5.28342985E-08,0.549160837,,
2022-12-02 10:12:41.621,78,,,1,,,0.6,5.78617077E-08,0.599197498,,
2022-12-02 10:12:43.907,79,,,1,,,0.65,6.37020266E-08,0.649050134,,
2022-12-02 10:12:46.212,80,,,1,,,0.7,6.77879304E-08,0.699059507,,
2022-12-02 10:12:48.460,81,,,1,,,0.75,7.36043672E-08,0.748987142,,
2022-12-02 10:12:50.743,82,,,1,,,0.8,7.75885425E-08,0.799016255,,
2022-12-02 10:12:52.990,83,,,1,,,0.85,8.30077099E-08,0.848959815,,
2022-12-02 10:12:55.123,84,,,1,,,0.9,8.82746289E-08,0.898687568,,
2022-12-02 10:12:57.419,85,,,1,,,0.95,9.36621066E-08,0.948655716,,
2022-12-02 10:12:59.673,86,,,1,,,1,9.76644232E-08,0.998618451,,
2022-12-02 10:13:01.812,87,,,1,,,1.05,1.03490734E-07,1.04866936,,
2022-12-02 10:13:04.073,88,,,1,,,1.1,1.07323121E-07,1.09861516,,
2022-12-02 10:13:06.337,89,,,1,,,1.15,1.12674316E-07,1.14832604,,
2022-12-02 10:13:08.486,90,,,1,,,1.2,1.17805291E-07,1.19826846,,
2022-12-02 10:13:11.085,91,,,1,,,1.25,1.22878397E-07,1.24867453,,
2022-12-02 10:13:13.266,92,,,1,,,1.3,1.27742536E-07,1.29857935,,
2022-12-02 10:13:15.426,93,,,1,,,1.35,1.33338752E-07,1.34861765,,
2022-12-02 10:13:17.748,94,,,1,,,1.4,1.39346475E-07,1.39859835,,
2022-12-02 10:13:20.026,95,,,1,,,1.45,1.43747669E-07,1.44863494,,
2022-12-02 10:13:22.171,96,,,1,,,1.5,1.47819565E-07,1.49860437,,
2022-12-02 10:13:24.421,97,,,1,,,1.55,1.53149863E-07,1.5485922,,
2022-12-02 10:13:26.664,98,,,1,,,1.6,1.57196499E-07,1.59851273,,
2022-12-02 10:13:28.809,99,,,1,,,1.65,1.63393442E-07,1.64861434,,
2022-12-02 10:13:31.479,100,,,1,,,1.7,1.6806285E-07,1.69846376,,
2022-12-02 10:13:33.756,101,,,1,,,1.75,1.7276854E-07,1.74840385,,
2022-12-02 10:13:35.920,102,,,1,,,1.8,1.77750481E-07,1.79847708,,
2022-12-02 10:13:38.203,103,,,1,,,1.85,1.82283944E-07,1.84852634,,
2022-12-02 10:13:40.507,104,,,1,,,1.9,1.88679751E-07,1.89850663,,
2022-12-02 10:13:42.678,105,,,1,,,1.95,1.93003558E-07,1.94839555,,
2022-12-02 10:13:44.961,106,,,1,,,2,1.97230687E-07,1.9983429,,
2022-12-02 10:13:47.234,107,,,1,,,2.05,2.0245145E-07,2.04844586,,
2022-12-02 10:13:49.383,108,,,1,,,2.1,2.08255027E-07,2.09846627,,
2022-12-02 10:13:51.608,109,,,1,,,2.15,2.14954641E-07,2.14841176,,
2022-12-02 10:13:53.827,110,,,1,,,2.2,2.18742938E-07,2.19819718,,
2022-12-02 10:13:56.020,111,,,1,,,2.25,2.22430883E-07,2.24813624,,
2022-12-02 10:13:58.178,112,,,1,,,2.3,2.2902854E-07,2.29824204,,
2022-12-02 10:14:00.397,113,,,1,,,2.35,2.32371343E-07,2.34809742,,
2022-12-02 10:14:02.644,114,,,1,,,2.4,2.37703709E-07,2.39808465,,
2022-12-02 10:14:04.743,115,,,1,,,2.45,2.42680598E-07,2.44821051,,
2022-12-02 10:14:07.040,116,,,1,,,2.5,2.48244895E-07,2.4981965,,
2022-12-02 10:14:09.321,117,,,1,,,2.55,2.53274601E-07,2.54813265,,
2022-12-02 10:14:11.517,118,,,1,,,2.6,2.57986032E-07,2.59810755,,
2022-12-02 10:14:13.781,119,,,1,,,2.65,2.62203976E-07,2.64825243,,
2022-12-02 10:14:16.058,120,,,1,,,2.7,2.67636921E-07,2.6982103,,
2022-12-02 10:14:18.197,121,,,1,,,2.75,2.72610825E-07,2.74804699,,
2022-12-02 10:14:20.467,122,,,1,,,2.8,2.77844677E-07,2.79796765,,
2022-12-02 10:14:22.756,123,,,1,,,2.85,2.82093392E-07,2.8480808,,
2022-12-02 10:14:24.899,124,,,1,,,2.9,2.86918034E-07,2.89799231,,
2022-12-02 10:14:27.058,125,,,1,,,2.95,2.92931498E-07,2.94804251,,
2022-12-02 10:14:29.354,126,,,1,,,3,2.97158857E-07,2.99795053,,
2022-12-02 10:14:34.105,127,,,2,2,0.001419881,3,,,,
2022-12-02 10:14:36.832,128,,,2,,,0,3.59349652E-08,-0.000216019643,,
2022-12-02 10:14:39.100,129,,,2,,,0.05,4.01000933E-08,0.0497240727,,
2022-12-02 10:14:41.401,130,,,2,,,0.1,4.56157076E-08,0.0993830022,,
2022-12-02 10:14:43.908,131,,,2,,,0.15,5.10605941E-08,0.149304344,,
2022-12-02 10:14:46.140,132,,,2,,,0.2,5.56149543E-08,0.199345289,,
2022-12-02 10:14:48.433,133,,,2,,,0.25,6.08830216E-08,0.249286526,,
2022-12-02 10:14:50.625,134,,,2,,,0.3,6.60479825E-08,0.299287439,,
2022-12-02 10:14:52.895,135,,,2,,,0.35,7.06404622E-08,0.349221762,,
2022-12-02 10:14:55.163,136,,,2,,,0.4,7.68690946E-08,0.399281369,,
2022-12-02 10:14:57.293,137,,,2,,,0.45,8.09921994E-08,0.449237825,,
2022-12-02 10:14:59.558,138,,,2,,,0.5,8.60315497E-08,0.499229479,,
2022-12-02 10:15:01.836,139,,,2,,,0.55,9.15140965E-08,0.549186708,,
2022-12-02 10:15:04.038,140,,,2,,,0.6,9.55758886E-08,0.599245401,,
2022-12-02 10:15:06.293,141,,,2,,,0.65,1.01979274E-07,0.649085304,,
2022-12-02 10:15:08.593,142,,,2,,,0.7,1.06084467E-07,0.699106675,,
2022-12-02 10:15:10.716,143,,,2,,,0.75,1.11233353E-07,0.74906534,,
2022-12-02 10:15:12.954,144,,,2,,,0.8,1.1529216E-07,0.799093598,,
2022-12-02 10:15:15.235,145,,,2,,,0.85,1.22017953E-07,0.849046119,,
2022-12-02 10:15:17.514,146,,,2,,,0.9,1.24895975E-07,0.898790563,,
2022-12-02 10:15:19.718,147,,,2,,,0.95,1.30557867E-07,0.948738564,,
2022-12-02 10:15:21.979,148,,,2,,,1,1.35889543E-07,0.998717634,,
2022-12-02 10:15:24.255,149,,,2,,,1.05,1.41174603E-07,1.04876303,,
2022-12-02 10:15:26.414,150,,,2,,,1.1,1.4552321E-07,1.09873066,,
2022-12-02 10:15:28.686,151,,,2,,,1.15,1.51454235E-07,1.14844667,,
2022-12-02 10:15:30.984,152,,,2,,,1.2,1.5629518E-07,1.19839887,,
2022-12-02 10:15:33.548,153,,,2,,,1.25,1.60320919E-07,1.24874885,,
2022-12-02 10:15:35.830,154,,,2,,,1.3,1.65139131E-07,1.29874774,,
2022-12-02 10:15:37.996,155,,,2,,,1.35,1.71578109E-07,1.34881461,,
2022-12-02 10:15:40.396,156,,,2,,,1.4,1.76901289E-07,1.39874081,,
2022-12-02 10:15:42.653,157,,,2,,,1.45,1.8058579E-07,1.44878716,,
2022-12-02 10:15:44.770,158,,,2,,,1.5,1.86288557E-07,1.49878977,,
2022-12-02 10:15:46.937,159,,,2,,,1.55,1.92076519E-07,1.54880059,,
2022-12-02 10:15:49.250,160,,,2,,,1.6,1.96720667E-07,1.59877086,,
2022-12-02 10:15:51.507,161,,,2,,,1.65,2.0076317E-07,1.64874883,,
2022-12-02 10:15:53.650,162,,,2,,,1.7,2.0687354E-07,1.69875773,,
2022-12-02 10:15:55.948,163,,,2,,,1.75,2.10390637E-07,1.7486578,,
2022-12-02 10:15:58.209,164,,,2,,,1.8,2.16703316E-07,1.79870371,,
2022-12-02 10:16:00.392,165,,,2,,,1.85,2.21362619E-07,1.84870158,,
2022-12-02 10:16:02.732,166,,,2,,,1.9,2.26360865E-07,1.89866814,,
2022-12-02 10:16:05.012,167,,,2,,,1.95,2.30863787E-07,1.9486091,,
2022-12-02 10:16:07.190,168,,,2,,,2,2.36394327E-07,1.99864376,,
2022-12-02 10:16:09.482,169,,,2,,,2.05,2.40680243E-07,2.04862026,,
2022-12-02 10:16:11.768,170,,,2,,,2.1,2.45359755E-07,2.09874635,,
2022-12-02 10:16:13.949,171,,,2,,,2.15,2.51369774E-07,2.14866316,,
2022-12-02 10:16:16.281,172,,,2,,,2.2,2.55096069E-07,2.19830747,,
2022-12-02 10:16:18.572,173,,,2,,,2.25,2.61135252E-07,2.24850424,,
2022-12-02 10:16:20.724,174,,,2,,,2.3,2.67464006E-07,2.29847986,,
2022-12-02 10:16:22.970,175,,,2,,,2.35,2.7238739E-07,2.34841182,,
2022-12-02 10:16:25.273,176,,,2,,,2.4,2.75458305E-07,2.39844658,,
2022-12-02 10:16:27.463,177,,,2,,,2.45,2.7992816E-07,2.44843284,,
2022-12-02 10:16:29.632,178,,,2,,,2.5,2.85770086E-07,2.49844085,,
2022-12-02 10:16:31.966,179,,,2,,,2.55,2.91889182E-07,2.54844854,,
2022-12-02 10:16:34.249,180,,,2,,,2.6,2.95693553E-07,2.59848791,,
2022-12-02 10:16:36.426,181,,,2,,,2.65,3.02470096E-07,2.64849231,,
2022-12-02 10:16:38.754,182,,,2,,,2.7,3.06094662E-07,2.69841661,,
2022-12-02 10:16:41.049,183,,,2,,,2.75,3.10415023E-07,2.74837064,,
2022-12-02 10:16:43.185,184,,,2,,,2.8,3.15489049E-07,2.79830416,,
2022-12-02 10:16:45.503,185,,,2,,,2.85,3.20819118E-07,2.84834476,,
2022-12-02 10:16:47.840,186,,,2,,,2.9,3.26259182E-07,2.89825561,,
2022-12-02 10:16:50.065,187,,,2,,,2.95,3.31744254E-07,2.94823927,,
2022-12-02 10:16:52.367,188,,,2,,,3,3.37000381E-07,2.99834019,,
2022-12-02 10:16:57.110,189,,,3,3,0.005867395,3,,,,
2022-12-02 10:17:00.045,190,,,3,,,0,2.91635435E-07,-0.000504712676,,
2022-12-02 10:17:02.238,191,,,3,,,0.05,2.95390434E-07,0.0494376453,,
2022-12-02 10:17:04.527,192,,,3,,,0.1,3.01079653E-07,0.099096392,,
2022-12-02 10:17:06.991,193,,,3,,,0.15,3.05886153E-07,0.149037309,,
2022-12-02 10:17:09.286,194,,,3,,,0.2,3.10157372E-07,0.199076988,,
2022-12-02 10:17:11.567,195,,,3,,,0.25,3.15908822E-07,0.249025103,,
2022-12-02 10:17:13.705,196,,,3,,,0.3,3.19583908E-07,0.299014812,,
2022-12-02 10:17:15.976,197,,,3,,,0.35,3.24552761E-07,0.348978612,,
2022-12-02 10:17:18.224,198,,,3,,,0.4,3.29982721E-07,0.399039529,,
2022-12-02 10:17:20.469,199,,,3,,,0.45,3.36163359E-07,0.44899136,,
2022-12-02 10:17:22.718,200,,,3,,,0.5,3.40053155E-07,0.498985507,,
2022-12-02 10:17:25.035,201,,,3,,,0.55,3.45350615E-07,0.548942284,,
2022-12-02 10:17:27.264,202,,,3,,,0.6,3.50747278E-07,0.598993585,,
2022-12-02 10:17:29.507,203,,,3,,,0.65,3.54692186E-07,0.648847435,,
2022-12-02 10:17:31.772,204,,,3,,,0.7,3.59776774E-07,0.698856345,,
2022-12-02 10:17:34.001,205,,,3,,,0.75,3.66013903E-07,0.748812562,,
2022-12-02 10:17:36.163,206,,,3,,,0.8,3.71109744E-07,0.798857418,,
2022-12-02 10:17:38.497,207,,,3,,,0.85,3.7569832E-07,0.848800718,,
2022-12-02 10:17:40.805,208,,,3,,,0.9,3.80250384E-07,0.898547772,,
2022-12-02 10:17:42.937,209,,,3,,,0.95,3.8532395E-07,0.948514152,,
2022-12-02 10:17:45.196,210,,,3,,,1,3.90646211E-07,0.998472664,,
2022-12-02 10:17:47.488,211,,,3,,,1.05,3.96589406E-07,1.04851705,,
2022-12-02 10:17:49.661,212,,,3,,,1.1,4.00582078E-07,1.09846724,,
2022-12-02 10:17:51.907,213,,,3,,,1.15,4.04487718E-07,1.14820843,,
2022-12-02 10:17:54.169,214,,,3,,,1.2,4.10712217E-07,1.19813262,,
2022-12-02 10:17:56.605,215,,,3,,,1.25,4.15707248E-07,1.24856456,,
2022-12-02 10:17:58.895,216,,,3,,,1.3,4.2087129E-07,1.29851554,,
2022-12-02 10:18:01.203,217,,,3,,,1.35,4.2505433E-07,1.34842579,,
2022-12-02 10:18:03.300,218,,,3,,,1.4,4.31879096E-07,1.39843924,,
2022-12-02 10:18:05.563,219,,,3,,,1.45,4.36133323E-07,1.44856971,,
2022-12-02 10:18:07.830,220,,,3,,,1.5,4.41693486E-07,1.49853332,,
2022-12-02 10:18:09.975,221,,,3,,,1.55,4.45774108E-07,1.54852279,,
2022-12-02 10:18:12.243,222,,,3,,,1.6,4.50684404E-07,1.59854653,,
2022-12-02 10:18:14.524,223,,,3,,,1.65,4.55161606E-07,1.64852426,,
2022-12-02 10:18:16.681,224,,,3,,,1.7,4.60380991E-07,1.6983756,,
2022-12-02 10:18:18.952,225,,,3,,,1.75,4.67297152E-07,1.74836713,,
2022-12-02 10:18:21.216,226,,,3,,,1.8,4.71271453E-07,1.79835201,,
2022-12-02 10:18:23.410,227,,,3,,,1.85,4.77167343E-07,1.84837383,,
2022-12-02 10:18:25.713,228,,,3,,,1.9,4.80957018E-07,1.8982735,,
2022-12-02 10:18:27.999,229,,,3,,,1.95,4.86615465E-07,1.94832978,,
2022-12-02 10:18:30.186,230,,,3,,,2,4.91284643E-07,1.9983258,,
2022-12-02 10:18:32.356,231,,,3,,,2.05,4.96335245E-07,2.04835889,,
2022-12-02 10:18:34.647,232,,,3,,,2.1,5.01787021E-07,2.09826223,,
2022-12-02 10:18:36.914,233,,,3,,,2.15,5.05374846E-07,2.14827055,,
2022-12-02 10:18:39.061,234,,,3,,,2.2,5.11512542E-07,2.19801617,,
2022-12-02 10:18:41.340,235,,,3,,,2.25,5.14693223E-07,2.24807727,,
2022-12-02 10:18:43.643,236,,,3,,,2.3,5.21653933E-07,2.29809976,,
2022-12-02 10:18:45.836,237,,,3,,,2.35,5.25512498E-07,2.34806678,,
2022-12-02 10:18:48.099,238,,,3,,,2.4,5.31494961E-07,2.39806226,,
2022-12-02 10:18:50.361,239,,,3,,,2.45,5.3754953E-07,2.44800909,,
2022-12-02 10:18:52.556,240,,,3,,,2.5,5.40952039E-07,2.49806745,,
2022-12-02 10:18:54.803,241,,,3,,,2.55,5.45914461E-07,2.54798828,,
2022-12-02 10:18:57.099,242,,,3,,,2.6,5.50963686E-07,2.5980112,,
2022-12-02 10:18:59.237,243,,,3,,,2.65,5.55969969E-07,2.64810914,,
2022-12-02 10:19:01.483,244,,,3,,,2.7,5.6102103E-07,2.69798053,,
2022-12-02 10:19:03.738,245,,,3,,,2.75,5.65907903E-07,2.74789003,,
2022-12-02 10:19:05.921,246,,,3,,,2.8,5.7158564E-07,2.79776296,,
2022-12-02 10:19:08.057,247,,,3,,,2.85,5.76351724E-07,2.84791651,,
2022-12-02 10:19:10.333,248,,,3,,,2.9,5.80239223E-07,2.89791304,,
2022-12-02 10:19:12.599,249,,,3,,,2.95,5.86802893E-07,2.94792494,,
2022-12-02 10:19:14.717,250,,,3,,,3,5.90370051E-07,2.99780739,,
2022-12-02 10:19:19.446,251,,,4,4,0.01040794,3,,,,
2022-12-02 10:19:22.225,252,,,4,,,0,6.04228321E-07,-0.000838390602,,
2022-12-02 10:19:24.543,253,,,4,,,0.05,6.08248549E-07,0.0491042622,,
2022-12-02 10:19:26.694,254,,,4,,,0.1,6.13239676E-07,0.0987675426,,
2022-12-02 10:19:29.260,255,,,4,,,0.15,6.15718591E-07,0.148692133,,
2022-12-02 10:19:31.411,256,,,4,,,0.2,6.21107676E-07,0.198730961,,
2022-12-02 10:19:33.656,257,,,4,,,0.25,6.27343427E-07,0.248685282,,
2022-12-02 10:19:35.886,258,,,4,,,0.3,6.3044741E-07,0.298678616,,
2022-12-02 10:19:38.097,259,,,4,,,0.35,6.35844303E-07,0.348625632,,
2022-12-02 10:19:40.336,260,,,4,,,0.4,6.41712637E-07,0.398670857,,
2022-12-02 10:19:42.593,261,,,4,,,0.45,6.46801359E-07,0.448637583,,
2022-12-02 10:19:44.842,262,,,4,,,0.5,6.51684557E-07,0.498611293,,
2022-12-02 10:19:47.048,263,,,4,,,0.55,6.55201424E-07,0.548579995,,
2022-12-02 10:19:49.301,264,,,4,,,0.6,6.61203636E-07,0.598621476,,
2022-12-02 10:19:51.663,265,,,4,,,0.65,6.66249646E-07,0.648462067,,
2022-12-02 10:19:53.792,266,,,4,,,0.7,6.70665306E-07,0.698475467,,
2022-12-02 10:19:56.054,267,,,4,,,0.75,6.75373522E-07,0.748417646,,
2022-12-02 10:19:58.349,268,,,4,,,0.8,6.80857906E-07,0.7984616,,
2022-12-02 10:20:00.499,269,,,4,,,0.85,6.85046227E-07,0.848404875,,
2022-12-02 10:20:02.755,270,,,4,,,0.9,6.89886025E-07,0.898142849,,
2022-12-02 10:20:05.018,271,,,4,,,0.95,6.95762396E-07,0.948095262,,
2022-12-02 10:20:07.113,272,,,4,,,1,7.01831891E-07,0.998062969,,
2022-12-02 10:20:09.415,273,,,4,,,1.05,7.06114822E-07,1.04811486,,
2022-12-02 10:20:11.650,274,,,4,,,1.1,7.10480652E-07,1.0980559,,
2022-12-02 10:20:13.915,275,,,4,,,1.15,7.15601982E-07,1.14779246,,
2022-12-02 10:20:16.154,276,,,4,,,1.2,7.20436497E-07,1.19772794,,
2022-12-02 10:20:18.692,277,,,4,,,1.25,7.25823516E-07,1.24810709,,
2022-12-02 10:20:20.850,278,,,4,,,1.3,7.30887207E-07,1.29807821,,
2022-12-02 10:20:23.133,279,,,4,,,1.35,7.35521022E-07,1.34811015,,
2022-12-02 10:20:25.390,280,,,4,,,1.4,7.4084489E-07,1.39797728,,
2022-12-02 10:20:27.506,281,,,4,,,1.45,7.45505342E-07,1.44800694,,
2022-12-02 10:20:29.781,282,,,4,,,1.5,7.49432108E-07,1.49813337,,
2022-12-02 10:20:32.031,283,,,4,,,1.55,7.5632255E-07,1.5481158,,
2022-12-02 10:20:34.173,284,,,4,,,1.6,7.61207815E-07,1.59802199,,
2022-12-02 10:20:36.492,285,,,4,,,1.65,7.64931125E-07,1.64807584,,
2022-12-02 10:20:38.728,286,,,4,,,1.7,7.70511726E-07,1.69794973,,
2022-12-02 10:20:40.854,287,,,4,,,1.75,7.75915278E-07,1.74796986,,
2022-12-02 10:20:43.065,288,,,4,,,1.8,7.81655935E-07,1.79779175,,
2022-12-02 10:20:45.329,289,,,4,,,1.85,7.85292672E-07,1.84789336,,
2022-12-02 10:20:47.587,290,,,4,,,1.9,7.90954794E-07,1.89785657,,
2022-12-02 10:20:49.708,291,,,4,,,1.95,7.95749123E-07,1.94789078,,
2022-12-02 10:20:51.948,292,,,4,,,2,8.00125056E-07,1.99790234,,
2022-12-02 10:20:54.212,293,,,4,,,2.05,8.05186681E-07,2.04795737,,
2022-12-02 10:20:56.328,294,,,4,,,2.1,8.10496772E-07,2.09786043,,
2022-12-02 10:20:58.640,295,,,4,,,2.15,8.16136848E-07,2.14786239,,
2022-12-02 10:21:00.911,296,,,4,,,2.2,8.20334814E-07,2.19768126,,
2022-12-02 10:21:03.053,297,,,4,,,2.25,8.2566718E-07,2.24769945,,
2022-12-02 10:21:05.347,298,,,4,,,2.3,8.30335439E-07,2.29752084,,
2022-12-02 10:21:07.588,299,,,4,,,2.35,8.36409297E-07,2.3476111,,
2022-12-02 10:21:09.730,300,,,4,,,2.4,8.404394E-07,2.3975489,,
2022-12-02 10:21:11.971,301,,,4,,,2.45,8.46004845E-07,2.44764688,,
2022-12-02 10:21:14.235,302,,,4,,,2.5,8.50054237E-07,2.49761828,,
2022-12-02 10:21:16.484,303,,,4,,,2.55,8.5497165E-07,2.54760503,,
2022-12-02 10:21:18.645,304,,,4,,,2.6,8.61529121E-07,2.59750565,,
2022-12-02 10:21:20.883,305,,,4,,,2.65,8.64863428E-07,2.647549,,
2022-12-02 10:21:23.181,306,,,4,,,2.7,8.69507116E-07,2.69757358,,
2022-12-02 10:21:25.305,307,,,4,,,2.75,8.74291571E-07,2.747431,,
2022-12-02 10:21:27.549,308,,,4,,,2.8,8.80589553E-07,2.79735481,,
2022-12-02 10:21:29.803,309,,,4,,,2.85,8.85777937E-07,2.84740797,,
2022-12-02 10:21:31.960,310,,,4,,,2.9,8.89406407E-07,2.89740645,,
2022-12-02 10:21:34.243,311,,,4,,,2.95,8.95362692E-07,2.94735582,,
2022-12-02 10:21:36.503,312,,,4,,,3,9.00166436E-07,2.99724741,,
2022-12-02 10:21:41.235,313,,,5,5,0.01507855,3,,,,
2022-12-02 10:21:43.941,314,,,5,,,0,9.11497798E-07,-0.00118884524,,
2022-12-02 10:21:46.202,315,,,5,,,0.05,9.1400381E-07,0.0487544701,,
2022-12-02 10:21:48.468,316,,,5,,,0.1,9.18022201E-07,0.0984149908,,
2022-12-02 10:21:51.042,317,,,5,,,0.15,9.22258746E-07,0.148341397,,
2022-12-02 10:21:53.312,318,,,5,,,0.2,9.27778264E-07,0.198386306,,
2022-12-02 10:21:55.463,319,,,5,,,0.25,9.30814734E-07,0.248303015,,
2022-12-02 10:21:57.724,320,,,5,,,0.3,9.36830494E-07,0.298315966,,
2022-12-02 10:21:59.984,321,,,5,,,0.35,9.41019734E-07,0.348269394,,
2022-12-02 10:22:02.225,322,,,5,,,0.4,9.45987208E-07,0.398319101,,
2022-12-02 10:22:04.422,323,,,5,,,0.45,9.50782915E-07,0.44827389,,
2022-12-02 10:22:06.644,324,,,5,,,0.5,9.56365354E-07,0.498281303,,
2022-12-02 10:22:08.902,325,,,5,,,0.55,9.60803748E-07,0.548216855,,
2022-12-02 10:22:11.081,326,,,5,,,0.6,9.65763874E-07,0.598253118,,
2022-12-02 10:22:13.356,327,,,5,,,0.65,9.70398836E-07,0.648108979,,
2022-12-02 10:22:15.612,328,,,5,,,0.7,9.75207403E-07,0.69811157,,
2022-12-02 10:22:17.762,329,,,5,,,0.75,9.81055529E-07,0.748066114,,
2022-12-02 10:22:20.021,330,,,5,,,0.8,9.85781887E-07,0.798113179,,
2022-12-02 10:22:22.278,331,,,5,,,0.85,9.89020665E-07,0.848053366,,
2022-12-02 10:22:24.410,332,,,5,,,0.9,9.95547594E-07,0.897779067,,
2022-12-02 10:22:26.687,333,,,5,,,0.95,1.00010999E-06,0.947747418,,
2022-12-02 10:22:28.970,334,,,5,,,1,1.00548714E-06,0.997691225,,
2022-12-02 10:22:31.181,335,,,5,,,1.05,1.00956271E-06,1.04774649,,
2022-12-02 10:22:33.471,336,,,5,,,1.1,1.01460252E-06,1.09771116,,
2022-12-02 10:22:35.736,337,,,5,,,1.15,1.01934196E-06,1.14742565,,
2022-12-02 10:22:38.002,338,,,5,,,1.2,1.02413354E-06,1.19734918,,
2022-12-02 10:22:40.546,339,,,5,,,1.25,1.02916531E-06,1.24774191,,
2022-12-02 10:22:42.841,340,,,5,,,1.3,1.03465084E-06,1.2976376,,
2022-12-02 10:22:44.998,341,,,5,,,1.35,1.03960591E-06,1.34769338,,
2022-12-02 10:22:47.305,342,,,5,,,1.4,1.04462437E-06,1.39771512,,
2022-12-02 10:22:49.557,343,,,5,,,1.45,1.04885976E-06,1.44771967,,
2022-12-02 10:22:51.748,344,,,5,,,1.5,1.05419466E-06,1.49768588,,
2022-12-02 10:22:53.998,345,,,5,,,1.55,1.05911574E-06,1.54766646,,
2022-12-02 10:22:56.268,346,,,5,,,1.6,1.06487385E-06,1.59762704,,
2022-12-02 10:22:58.405,347,,,5,,,1.65,1.07003307E-06,1.64773954,,
2022-12-02 10:23:00.657,348,,,5,,,1.7,1.07417639E-06,1.69758107,,
2022-12-02 10:23:02.915,349,,,5,,,1.75,1.07919599E-06,1.74761181,,
2022-12-02 10:23:05.166,350,,,5,,,1.8,1.08409227E-06,1.79753457,,
2022-12-02 10:23:07.323,351,,,5,,,1.85,1.08841218E-06,1.84761452,,
2022-12-02 10:23:09.679,352,,,5,,,1.9,1.09376016E-06,1.89755136,,
2022-12-02 10:23:11.985,353,,,5,,,1.95,1.09935132E-06,1.94752504,,
2022-12-02 10:23:14.115,354,,,5,,,2,1.1017106E-06,1.99752639,,
2022-12-02 10:23:16.378,355,,,5,,,2.05,1.10946791E-06,2.04754333,,
2022-12-02 10:23:18.619,356,,,5,,,2.1,1.11153624E-06,2.09745441,,
2022-12-02 10:23:20.733,357,,,5,,,2.15,1.11937232E-06,2.14745206,,
2022-12-02 10:23:22.967,358,,,5,,,2.2,1.12268504E-06,2.19724729,,
2022-12-02 10:23:25.231,359,,,5,,,2.25,1.12979639E-06,2.24728483,,
2022-12-02 10:23:27.376,360,,,5,,,2.3,1.13301267E-06,2.29721856,,
2022-12-02 10:23:29.636,361,,,5,,,2.35,1.13981998E-06,2.34729934,,
2022-12-02 10:23:31.885,362,,,5,,,2.4,1.1443477E-06,2.39730145,,
2022-12-02 10:23:34.053,363,,,5,,,2.45,1.14952667E-06,2.44727443,,
2022-12-02 10:23:36.251,364,,,5,,,2.5,1.15250389E-06,2.4972327,,
2022-12-02 10:23:38.493,365,,,5,,,2.55,1.15733244E-06,2.54717295,,
2022-12-02 10:23:40.761,366,,,5,,,2.6,1.16434551E-06,2.59710394,,
2022-12-02 10:23:42.928,367,,,5,,,2.65,1.16791611E-06,2.64722852,,
2022-12-02 10:23:45.174,368,,,5,,,2.7,1.17424578E-06,2.6972231,,
2022-12-02 10:23:47.457,369,,,5,,,2.75,1.17927066E-06,2.74710626,,
2022-12-02 10:23:49.611,370,,,5,,,2.8,1.18318205E-06,2.79703193,,
2022-12-02 10:23:51.871,371,,,5,,,2.85,1.18620451E-06,2.84704338,,
2022-12-02 10:23:54.118,372,,,5,,,2.9,1.19223382E-06,2.89697831,,
2022-12-02 10:23:56.309,373,,,5,,,2.95,1.19886638E-06,2.94695449,,
2022-12-02 10:23:58.558,374,,,5,,,3,1.20384786E-06,2.99690607,,
2022-12-02 10:24:03.310,375,,,6,6,0.0197302,3,,,,
2022-12-02 10:24:06.150,376,,,6,,,0,1.19270457E-06,-0.0014886379,,
2022-12-02 10:24:08.310,377,,,6,,,0.05,1.19415564E-06,0.0484420944,,
2022-12-02 10:24:10.571,378,,,6,,,0.1,1.19901771E-06,0.0981123979,,
2022-12-02 10:24:13.070,379,,,6,,,0.15,1.20337688E-06,0.148030131,,
2022-12-02 10:24:15.278,380,,,6,,,0.2,1.20687262E-06,0.198073878,,
2022-12-02 10:24:17.556,381,,,6,,,0.25,1.2119703E-06,0.247996455,,
2022-12-02 10:24:19.811,382,,,6,,,0.3,1.21673982E-06,0.298000996,,
2022-12-02 10:24:21.955,383,,,6,,,0.35,1.22096994E-06,0.347940427,,
2022-12-02 10:24:24.219,384,,,6,,,0.4,1.22569239E-06,0.398000308,,
2022-12-02 10:24:26.531,385,,,6,,,0.45,1.23011219E-06,0.447951208,,
2022-12-02 10:24:28.677,386,,,6,,,0.5,1.23665381E-06,0.497953305,,
2022-12-02 10:24:30.943,387,,,6,,,0.55,1.24006022E-06,0.547900325,,
2022-12-02 10:24:33.212,388,,,6,,,0.6,1.24565185E-06,0.597933339,,
2022-12-02 10:24:35.367,389,,,6,,,0.65,1.25029232E-06,0.647774834,,
2022-12-02 10:24:37.626,390,,,6,,,0.7,1.25489743E-06,0.697797915,,
2022-12-02 10:24:39.875,391,,,6,,,0.75,1.26137499E-06,0.747737864,,
2022-12-02 10:24:42.071,392,,,6,,,0.8,1.26481654E-06,0.797772624,,
2022-12-02 10:24:44.341,393,,,6,,,0.85,1.26960995E-06,0.847705276,,
2022-12-02 10:24:46.625,394,,,6,,,0.9,1.27503876E-06,0.897460971,,
2022-12-02 10:24:48.876,395,,,6,,,0.95,1.27956258E-06,0.947406565,,
2022-12-02 10:24:51.111,396,,,6,,,1,1.28467426E-06,0.997365464,,
2022-12-02 10:24:53.355,397,,,6,,,1.05,1.28840928E-06,1.04742275,,
2022-12-02 10:24:55.587,398,,,6,,,1.1,1.29348836E-06,1.09736478,,
2022-12-02 10:24:57.727,399,,,6,,,1.15,1.29874954E-06,1.14708365,,
2022-12-02 10:24:59.991,400,,,6,,,1.2,1.3037611E-06,1.19702057,,
2022-12-02 10:25:02.442,401,,,6,,,1.25,1.30794644E-06,1.24735429,,
2022-12-02 10:25:04.707,402,,,6,,,1.3,1.31369996E-06,1.29736035,,
2022-12-02 10:25:06.947,403,,,6,,,1.35,1.3175514E-06,1.34734179,,
2022-12-02 10:25:09.067,404,,,6,,,1.4,1.32316714E-06,1.39733192,,
2022-12-02 10:25:11.371,405,,,6,,,1.45,1.32925064E-06,1.44735786,,
2022-12-02 10:25:13.628,406,,,6,,,1.5,1.33367273E-06,1.49733815,,
2022-12-02 10:25:15.752,407,,,6,,,1.55,1.33667797E-06,1.54730179,,
2022-12-02 10:25:18.016,408,,,6,,,1.6,1.34189804E-06,1.59744324,,
2022-12-02 10:25:20.294,409,,,6,,,1.65,1.34894785E-06,1.64743896,,
2022-12-02 10:25:22.540,410,,,6,,,1.7,1.35199557E-06,1.69720468,,
2022-12-02 10:25:24.690,411,,,6,,,1.75,1.35893355E-06,1.74722864,,
2022-12-02 10:25:26.934,412,,,6,,,1.8,1.36303668E-06,1.79714242,,
2022-12-02 10:25:29.184,413,,,6,,,1.85,1.36847605E-06,1.8473146,,
2022-12-02 10:25:31.889,414,,,6,,,1.9,1.37201565E-06,1.8971787,,
2022-12-02 10:25:34.166,415,,,6,,,1.95,1.37737856E-06,1.94725215,,
2022-12-02 10:25:36.429,416,,,6,,,2,1.38237749E-06,1.99727792,,
2022-12-02 10:25:38.564,417,,,6,,,2.05,1.38564819E-06,2.04715236,,
2022-12-02 10:25:40.806,418,,,6,,,2.1,1.39252968E-06,2.09716687,,
2022-12-02 10:25:43.105,419,,,6,,,2.15,1.39689941E-06,2.14708266,,
2022-12-02 10:25:45.225,420,,,6,,,2.2,1.40257347E-06,2.19689908,,
2022-12-02 10:25:47.485,421,,,6,,,2.25,1.40750122E-06,2.24691688,,
2022-12-02 10:25:49.745,422,,,6,,,2.3,1.4118E-06,2.29679905,,
2022-12-02 10:25:51.903,423,,,6,,,2.35,1.41630981E-06,2.34694454,,
2022-12-02 10:25:54.148,424,,,6,,,2.4,1.42242179E-06,2.39681966,,
2022-12-02 10:25:56.402,425,,,6,,,2.45,1.42694813E-06,2.44689354,,
2022-12-02 10:25:58.580,426,,,6,,,2.5,1.43095091E-06,2.49669539,,
2022-12-02 10:26:00.781,427,,,6,,,2.55,1.43595443E-06,2.54680921,,
2022-12-02 10:26:03.038,428,,,6,,,2.6,1.44162505E-06,2.59682426,,
2022-12-02 10:26:05.267,429,,,6,,,2.65,1.44672411E-06,2.64677146,,
2022-12-02 10:26:07.401,430,,,6,,,2.7,1.45087132E-06,2.69679316,,
2022-12-02 10:26:09.679,431,,,6,,,2.75,1.45541512E-06,2.74662911,,
2022-12-02 10:26:11.930,432,,,6,,,2.8,1.46222381E-06,2.79663756,,
2022-12-02 10:26:14.101,433,,,6,,,2.85,1.46697773E-06,2.84676797,,
2022-12-02 10:26:16.368,434,,,6,,,2.9,1.47052468E-06,2.89669444,,
2022-12-02 10:26:18.663,435,,,6,,,2.95,1.47674183E-06,2.94664039,,
2022-12-02 10:26:20.808,436,,,6,,,3,1.481755E-06,2.99661308,,
2022-12-02 10:26:22.219,437,,,6,,,3,,,0,
2022-12-02 10:26:23.634,438,,,,,,,,,,0
